Fields group,Management of the resource,,,,,,,,,,,Description of Persons,,,,,,,,,,,,,Link(s) to related ressources,,,,,,Rights,,
,,,,,,,,,,,,,,,,,,Life Events,,,,,,,Relationships with the text,,Relationships with Person,,Authorities,,,,
Fields,Identifier of the resource,Origin of the metadata,DHARMA import,Editor of the metadata,Date of the edition,Contributor of the metadata,Reviewer,Date of review,Project,Corpus,Distribution rights of the metadata,Identifier,Name,Langue,Type,Sex,Type of Person,Birth notBefore,Death notBefore,Birth notAfter,Death notAfter,Occupation,Floruit,Bibliography,Identifier of the text,Relationship description,Identifier of the person,Relationship description,Name of the authority,Identifier,Rights holder,Institution responsible of the distribution,Distribution rights
Description of the fields,"Identifier of the person. 
 Syntax: PSN00001",Origin of the metadata: database or publication,Date of conversion of previously available metadata to the DHARMA model,"Person(s) who supplied metadata (use the DHARMA members' Ids and separate them by $, if more than one editor)",Start date of metadata input/editing for DHARMA (YYYY-MM-DD),"Person(s) who entered/edited metadata (use the DHARMA members' Ids and separate them by $, if more than one editor)","Validating person (use the DHARMA members' Ids and separate them by $, if more than one editor)",Date of metadata validation (YYYY-MM-DD),Project responsible for making these metadata available,Corpus to which the inscription pertains,Licence applicable to metadata,Identifier of the person.,Name of the person as found in the file.,Define the language of the previous name,"Qualify the previous name, value from a closed list",Code to be defined depending our use,Type of Person. Value to be chosen from a closed list for Keyword purposes,Maximum date of birth,Maximum date of death,Minimum date of Birth,Minimum date of Death,Equivalent of <roleName>,Possibility to give information (free text) about a person's period of activity. Could be used for a biographic.,Possibility to give bibliographic information related to the person,Identifier of the text,Relationship to be defined according the Cidoc-crm: ecrm:P129i_is_subject_of,Identifier of the person connected to the person described,Relationship will be defined according RDF model. Closed list.,Name of the authority,Identifier of the person described in this authority list,Rights holder of the artefact (generally the ministry),"Institution responsible of the artefact, and particularly of its distribution",Distribution rights of the artefact
,PSN02000,,,,,,,,,DHARMA,CC0,PSN02000,,,,,,,,,,,,,,,,,,,,,
,PSN02001,,,,,,,,,DHARMA,CC0,PSN02001,,,,,,,,,,,,,,,,,,,,,
,PSN02002,,,,,,,,,DHARMA,CC0,PSN02002,,,,,,,,,,,,,,,,,,,,,
,PSN02003,,,,,,,,,DHARMA,CC0,PSN02003,,,,,,,,,,,,,,,,,,,,,
,PSN02004,,,,,,,,,DHARMA,CC0,PSN02004,,,,,,,,,,,,,,,,,,,,,
,PSN02005,,,,,,,,,DHARMA,CC0,PSN02005,,,,,,,,,,,,,,,,,,,,,
,PSN02006,,,,,,,,,DHARMA,CC0,PSN02006,,,,,,,,,,,,,,,,,,,,,
,PSN02007,,,,,,,,,DHARMA,CC0,PSN02007,,,,,,,,,,,,,,,,,,,,,
,PSN02008,,,,,,,,,DHARMA,CC0,PSN02008,,,,,,,,,,,,,,,,,,,,,
,PSN02009,,,,,,,,,DHARMA,CC0,PSN02009,,,,,,,,,,,,,,,,,,,,,
,PSN02010,,,,,,,,,DHARMA,CC0,PSN02010,,,,,,,,,,,,,,,,,,,,,
,PSN02011,,,,,,,,,DHARMA,CC0,PSN02011,,,,,,,,,,,,,,,,,,,,,
,PSN02012,,,,,,,,,DHARMA,CC0,PSN02012,,,,,,,,,,,,,,,,,,,,,
,PSN02013,,,,,,,,,DHARMA,CC0,PSN02013,,,,,,,,,,,,,,,,,,,,,
,PSN02014,,,,,,,,,DHARMA,CC0,PSN02014,,,,,,,,,,,,,,,,,,,,,
,PSN02015,,,,,,,,,DHARMA,CC0,PSN02015,,,,,,,,,,,,,,,,,,,,,
,PSN02016,,,,,,,,,DHARMA,CC0,PSN02016,,,,,,,,,,,,,,,,,,,,,
,PSN02017,,,,,,,,,DHARMA,CC0,PSN02017,,,,,,,,,,,,,,,,,,,,,
,PSN02018,,,,,,,,,DHARMA,CC0,PSN02018,,,,,,,,,,,,,,,,,,,,,
,PSN02019,,,,,,,,,DHARMA,CC0,PSN02019,,,,,,,,,,,,,,,,,,,,,
,PSN02020,,,,,,,,,DHARMA,CC0,PSN02020,,,,,,,,,,,,,,,,,,,,,
,PSN02021,,,,,,,,,DHARMA,CC0,PSN02021,,,,,,,,,,,,,,,,,,,,,
,PSN02022,,,,,,,,,DHARMA,CC0,PSN02022,,,,,,,,,,,,,,,,,,,,,
,PSN02023,,,,,,,,,DHARMA,CC0,PSN02023,,,,,,,,,,,,,,,,,,,,,
,PSN02024,,,,,,,,,DHARMA,CC0,PSN02024,,,,,,,,,,,,,,,,,,,,,
,PSN02025,,,,,,,,,DHARMA,CC0,PSN02025,,,,,,,,,,,,,,,,,,,,,
,PSN02026,,,,,,,,,DHARMA,CC0,PSN02026,,,,,,,,,,,,,,,,,,,,,
,PSN02027,,,,,,,,,DHARMA,CC0,PSN02027,,,,,,,,,,,,,,,,,,,,,
,PSN02028,,,,,,,,,DHARMA,CC0,PSN02028,,,,,,,,,,,,,,,,,,,,,
,PSN02029,,,,,,,,,DHARMA,CC0,PSN02029,,,,,,,,,,,,,,,,,,,,,
,PSN02030,,,,,,,,,DHARMA,CC0,PSN02030,,,,,,,,,,,,,,,,,,,,,
,PSN02031,,,,,,,,,DHARMA,CC0,PSN02031,,,,,,,,,,,,,,,,,,,,,
,PSN02032,,,,,,,,,DHARMA,CC0,PSN02032,,,,,,,,,,,,,,,,,,,,,
,PSN02033,,,,,,,,,DHARMA,CC0,PSN02033,,,,,,,,,,,,,,,,,,,,,
,PSN02034,,,,,,,,,DHARMA,CC0,PSN02034,,,,,,,,,,,,,,,,,,,,,
,PSN02035,,,,,,,,,DHARMA,CC0,PSN02035,,,,,,,,,,,,,,,,,,,,,
,PSN02036,,,,,,,,,DHARMA,CC0,PSN02036,,,,,,,,,,,,,,,,,,,,,
,PSN02037,,,,,,,,,DHARMA,CC0,PSN02037,,,,,,,,,,,,,,,,,,,,,
,PSN02038,,,,,,,,,DHARMA,CC0,PSN02038,,,,,,,,,,,,,,,,,,,,,
,PSN02039,,,,,,,,,DHARMA,CC0,PSN02039,,,,,,,,,,,,,,,,,,,,,
,PSN02040,,,,,,,,,DHARMA,CC0,PSN02040,,,,,,,,,,,,,,,,,,,,,
,PSN02041,,,,,,,,,DHARMA,CC0,PSN02041,,,,,,,,,,,,,,,,,,,,,
,PSN02042,,,,,,,,,DHARMA,CC0,PSN02042,,,,,,,,,,,,,,,,,,,,,
,PSN02043,,,,,,,,,DHARMA,CC0,PSN02043,,,,,,,,,,,,,,,,,,,,,
,PSN02044,,,,,,,,,DHARMA,CC0,PSN02044,,,,,,,,,,,,,,,,,,,,,
,PSN02045,,,,,,,,,DHARMA,CC0,PSN02045,,,,,,,,,,,,,,,,,,,,,
,PSN02046,,,,,,,,,DHARMA,CC0,PSN02046,,,,,,,,,,,,,,,,,,,,,
,PSN02047,,,,,,,,,DHARMA,CC0,PSN02047,,,,,,,,,,,,,,,,,,,,,
,PSN02048,,,,,,,,,DHARMA,CC0,PSN02048,,,,,,,,,,,,,,,,,,,,,
,PSN02049,,,,,,,,,DHARMA,CC0,PSN02049,,,,,,,,,,,,,,,,,,,,,
,PSN02050,,,,,,,,,DHARMA,CC0,PSN02050,,,,,,,,,,,,,,,,,,,,,
,PSN02051,,,,,,,,,DHARMA,CC0,PSN02051,,,,,,,,,,,,,,,,,,,,,
,PSN02052,,,,,,,,,DHARMA,CC0,PSN02052,,,,,,,,,,,,,,,,,,,,,
,PSN02053,,,,,,,,,DHARMA,CC0,PSN02053,,,,,,,,,,,,,,,,,,,,,
,PSN02054,,,,,,,,,DHARMA,CC0,PSN02054,,,,,,,,,,,,,,,,,,,,,
,PSN02055,,,,,,,,,DHARMA,CC0,PSN02055,,,,,,,,,,,,,,,,,,,,,
,PSN02056,,,,,,,,,DHARMA,CC0,PSN02056,,,,,,,,,,,,,,,,,,,,,
,PSN02057,,,,,,,,,DHARMA,CC0,PSN02057,,,,,,,,,,,,,,,,,,,,,
,PSN02058,,,,,,,,,DHARMA,CC0,PSN02058,,,,,,,,,,,,,,,,,,,,,
,PSN02059,,,,,,,,,DHARMA,CC0,PSN02059,,,,,,,,,,,,,,,,,,,,,
,PSN02060,,,,,,,,,DHARMA,CC0,PSN02060,,,,,,,,,,,,,,,,,,,,,
,PSN02061,,,,,,,,,DHARMA,CC0,PSN02061,,,,,,,,,,,,,,,,,,,,,
,PSN02062,,,,,,,,,DHARMA,CC0,PSN02062,,,,,,,,,,,,,,,,,,,,,
,PSN02063,,,,,,,,,DHARMA,CC0,PSN02063,,,,,,,,,,,,,,,,,,,,,
,PSN02064,,,,,,,,,DHARMA,CC0,PSN02064,,,,,,,,,,,,,,,,,,,,,
,PSN02065,,,,,,,,,DHARMA,CC0,PSN02065,,,,,,,,,,,,,,,,,,,,,
,PSN02066,,,,,,,,,DHARMA,CC0,PSN02066,,,,,,,,,,,,,,,,,,,,,
,PSN02067,,,,,,,,,DHARMA,CC0,PSN02067,,,,,,,,,,,,,,,,,,,,,
,PSN02068,,,,,,,,,DHARMA,CC0,PSN02068,,,,,,,,,,,,,,,,,,,,,
,PSN02069,,,,,,,,,DHARMA,CC0,PSN02069,,,,,,,,,,,,,,,,,,,,,
,PSN02070,,,,,,,,,DHARMA,CC0,PSN02070,,,,,,,,,,,,,,,,,,,,,
,PSN02071,,,,,,,,,DHARMA,CC0,PSN02071,,,,,,,,,,,,,,,,,,,,,
,PSN02072,,,,,,,,,DHARMA,CC0,PSN02072,,,,,,,,,,,,,,,,,,,,,
,PSN02073,,,,,,,,,DHARMA,CC0,PSN02073,,,,,,,,,,,,,,,,,,,,,
,PSN02074,,,,,,,,,DHARMA,CC0,PSN02074,,,,,,,,,,,,,,,,,,,,,
,PSN02075,,,,,,,,,DHARMA,CC0,PSN02075,,,,,,,,,,,,,,,,,,,,,
,PSN02076,,,,,,,,,DHARMA,CC0,PSN02076,,,,,,,,,,,,,,,,,,,,,
,PSN02077,,,,,,,,,DHARMA,CC0,PSN02077,,,,,,,,,,,,,,,,,,,,,
,PSN02078,,,,,,,,,DHARMA,CC0,PSN02078,,,,,,,,,,,,,,,,,,,,,
,PSN02079,,,,,,,,,DHARMA,CC0,PSN02079,,,,,,,,,,,,,,,,,,,,,
,PSN02080,,,,,,,,,DHARMA,CC0,PSN02080,,,,,,,,,,,,,,,,,,,,,
,PSN02081,,,,,,,,,DHARMA,CC0,PSN02081,,,,,,,,,,,,,,,,,,,,,
,PSN02082,,,,,,,,,DHARMA,CC0,PSN02082,,,,,,,,,,,,,,,,,,,,,
,PSN02083,,,,,,,,,DHARMA,CC0,PSN02083,,,,,,,,,,,,,,,,,,,,,
,PSN02084,,,,,,,,,DHARMA,CC0,PSN02084,,,,,,,,,,,,,,,,,,,,,
,PSN02085,,,,,,,,,DHARMA,CC0,PSN02085,,,,,,,,,,,,,,,,,,,,,
,PSN02086,,,,,,,,,DHARMA,CC0,PSN02086,,,,,,,,,,,,,,,,,,,,,
,PSN02087,,,,,,,,,DHARMA,CC0,PSN02087,,,,,,,,,,,,,,,,,,,,,
,PSN02088,,,,,,,,,DHARMA,CC0,PSN02088,,,,,,,,,,,,,,,,,,,,,
,PSN02089,,,,,,,,,DHARMA,CC0,PSN02089,,,,,,,,,,,,,,,,,,,,,
,PSN02090,,,,,,,,,DHARMA,CC0,PSN02090,,,,,,,,,,,,,,,,,,,,,
,PSN02091,,,,,,,,,DHARMA,CC0,PSN02091,,,,,,,,,,,,,,,,,,,,,
,PSN02092,,,,,,,,,DHARMA,CC0,PSN02092,,,,,,,,,,,,,,,,,,,,,
,PSN02093,,,,,,,,,DHARMA,CC0,PSN02093,,,,,,,,,,,,,,,,,,,,,
,PSN02094,,,,,,,,,DHARMA,CC0,PSN02094,,,,,,,,,,,,,,,,,,,,,
,PSN02095,,,,,,,,,DHARMA,CC0,PSN02095,,,,,,,,,,,,,,,,,,,,,
,PSN02096,,,,,,,,,DHARMA,CC0,PSN02096,,,,,,,,,,,,,,,,,,,,,
,PSN02097,,,,,,,,,DHARMA,CC0,PSN02097,,,,,,,,,,,,,,,,,,,,,
,PSN02098,,,,,,,,,DHARMA,CC0,PSN02098,,,,,,,,,,,,,,,,,,,,,
,PSN02099,,,,,,,,,DHARMA,CC0,PSN02099,,,,,,,,,,,,,,,,,,,,,
,PSN02100,,,,,,,,,DHARMA,CC0,PSN02100,,,,,,,,,,,,,,,,,,,,,
,PSN02101,,,,,,,,,DHARMA,CC0,PSN02101,,,,,,,,,,,,,,,,,,,,,
,PSN02102,,,,,,,,,DHARMA,CC0,PSN02102,,,,,,,,,,,,,,,,,,,,,
,PSN02103,,,,,,,,,DHARMA,CC0,PSN02103,,,,,,,,,,,,,,,,,,,,,
,PSN02104,,,,,,,,,DHARMA,CC0,PSN02104,,,,,,,,,,,,,,,,,,,,,
,PSN02105,,,,,,,,,DHARMA,CC0,PSN02105,,,,,,,,,,,,,,,,,,,,,
,PSN02106,,,,,,,,,DHARMA,CC0,PSN02106,,,,,,,,,,,,,,,,,,,,,
,PSN02107,,,,,,,,,DHARMA,CC0,PSN02107,,,,,,,,,,,,,,,,,,,,,
,PSN02108,,,,,,,,,DHARMA,CC0,PSN02108,,,,,,,,,,,,,,,,,,,,,
,PSN02109,,,,,,,,,DHARMA,CC0,PSN02109,,,,,,,,,,,,,,,,,,,,,
,PSN02110,,,,,,,,,DHARMA,CC0,PSN02110,,,,,,,,,,,,,,,,,,,,,
,PSN02111,,,,,,,,,DHARMA,CC0,PSN02111,,,,,,,,,,,,,,,,,,,,,
,PSN02112,,,,,,,,,DHARMA,CC0,PSN02112,,,,,,,,,,,,,,,,,,,,,
,PSN02113,,,,,,,,,DHARMA,CC0,PSN02113,,,,,,,,,,,,,,,,,,,,,
,PSN02114,,,,,,,,,DHARMA,CC0,PSN02114,,,,,,,,,,,,,,,,,,,,,
,PSN02115,,,,,,,,,DHARMA,CC0,PSN02115,,,,,,,,,,,,,,,,,,,,,
,PSN02116,,,,,,,,,DHARMA,CC0,PSN02116,,,,,,,,,,,,,,,,,,,,,
,PSN02117,,,,,,,,,DHARMA,CC0,PSN02117,,,,,,,,,,,,,,,,,,,,,
,PSN02118,,,,,,,,,DHARMA,CC0,PSN02118,,,,,,,,,,,,,,,,,,,,,
,PSN02119,,,,,,,,,DHARMA,CC0,PSN02119,,,,,,,,,,,,,,,,,,,,,
,PSN02120,,,,,,,,,DHARMA,CC0,PSN02120,,,,,,,,,,,,,,,,,,,,,
,PSN02121,,,,,,,,,DHARMA,CC0,PSN02121,,,,,,,,,,,,,,,,,,,,,
,PSN02122,,,,,,,,,DHARMA,CC0,PSN02122,,,,,,,,,,,,,,,,,,,,,
,PSN02123,,,,,,,,,DHARMA,CC0,PSN02123,,,,,,,,,,,,,,,,,,,,,
,PSN02124,,,,,,,,,DHARMA,CC0,PSN02124,,,,,,,,,,,,,,,,,,,,,
,PSN02125,,,,,,,,,DHARMA,CC0,PSN02125,,,,,,,,,,,,,,,,,,,,,
,PSN02126,,,,,,,,,DHARMA,CC0,PSN02126,,,,,,,,,,,,,,,,,,,,,
,PSN02127,,,,,,,,,DHARMA,CC0,PSN02127,,,,,,,,,,,,,,,,,,,,,
,PSN02128,,,,,,,,,DHARMA,CC0,PSN02128,,,,,,,,,,,,,,,,,,,,,
,PSN02129,,,,,,,,,DHARMA,CC0,PSN02129,,,,,,,,,,,,,,,,,,,,,
,PSN02130,,,,,,,,,DHARMA,CC0,PSN02130,,,,,,,,,,,,,,,,,,,,,
,PSN02131,,,,,,,,,DHARMA,CC0,PSN02131,,,,,,,,,,,,,,,,,,,,,
,PSN02132,,,,,,,,,DHARMA,CC0,PSN02132,,,,,,,,,,,,,,,,,,,,,
,PSN02133,,,,,,,,,DHARMA,CC0,PSN02133,,,,,,,,,,,,,,,,,,,,,
,PSN02134,,,,,,,,,DHARMA,CC0,PSN02134,,,,,,,,,,,,,,,,,,,,,
,PSN02135,,,,,,,,,DHARMA,CC0,PSN02135,,,,,,,,,,,,,,,,,,,,,
,PSN02136,,,,,,,,,DHARMA,CC0,PSN02136,,,,,,,,,,,,,,,,,,,,,
,PSN02137,,,,,,,,,DHARMA,CC0,PSN02137,,,,,,,,,,,,,,,,,,,,,
,PSN02138,,,,,,,,,DHARMA,CC0,PSN02138,,,,,,,,,,,,,,,,,,,,,
,PSN02139,,,,,,,,,DHARMA,CC0,PSN02139,,,,,,,,,,,,,,,,,,,,,
,PSN02140,,,,,,,,,DHARMA,CC0,PSN02140,,,,,,,,,,,,,,,,,,,,,
,PSN02141,,,,,,,,,DHARMA,CC0,PSN02141,,,,,,,,,,,,,,,,,,,,,
,PSN02142,,,,,,,,,DHARMA,CC0,PSN02142,,,,,,,,,,,,,,,,,,,,,
,PSN02143,,,,,,,,,DHARMA,CC0,PSN02143,,,,,,,,,,,,,,,,,,,,,
,PSN02144,,,,,,,,,DHARMA,CC0,PSN02144,,,,,,,,,,,,,,,,,,,,,
,PSN02145,,,,,,,,,DHARMA,CC0,PSN02145,,,,,,,,,,,,,,,,,,,,,
,PSN02146,,,,,,,,,DHARMA,CC0,PSN02146,,,,,,,,,,,,,,,,,,,,,
,PSN02147,,,,,,,,,DHARMA,CC0,PSN02147,,,,,,,,,,,,,,,,,,,,,
,PSN02148,,,,,,,,,DHARMA,CC0,PSN02148,,,,,,,,,,,,,,,,,,,,,
,PSN02149,,,,,,,,,DHARMA,CC0,PSN02149,,,,,,,,,,,,,,,,,,,,,
,PSN02150,,,,,,,,,DHARMA,CC0,PSN02150,,,,,,,,,,,,,,,,,,,,,
,PSN02151,,,,,,,,,DHARMA,CC0,PSN02151,,,,,,,,,,,,,,,,,,,,,
,PSN02152,,,,,,,,,DHARMA,CC0,PSN02152,,,,,,,,,,,,,,,,,,,,,
,PSN02153,,,,,,,,,DHARMA,CC0,PSN02153,,,,,,,,,,,,,,,,,,,,,
,PSN02154,,,,,,,,,DHARMA,CC0,PSN02154,,,,,,,,,,,,,,,,,,,,,
,PSN02155,,,,,,,,,DHARMA,CC0,PSN02155,,,,,,,,,,,,,,,,,,,,,
,PSN02156,,,,,,,,,DHARMA,CC0,PSN02156,,,,,,,,,,,,,,,,,,,,,
,PSN02157,,,,,,,,,DHARMA,CC0,PSN02157,,,,,,,,,,,,,,,,,,,,,
,PSN02158,,,,,,,,,DHARMA,CC0,PSN02158,,,,,,,,,,,,,,,,,,,,,
,PSN02159,,,,,,,,,DHARMA,CC0,PSN02159,,,,,,,,,,,,,,,,,,,,,
,PSN02160,,,,,,,,,DHARMA,CC0,PSN02160,,,,,,,,,,,,,,,,,,,,,
,PSN02161,,,,,,,,,DHARMA,CC0,PSN02161,,,,,,,,,,,,,,,,,,,,,
,PSN02162,,,,,,,,,DHARMA,CC0,PSN02162,,,,,,,,,,,,,,,,,,,,,
,PSN02163,,,,,,,,,DHARMA,CC0,PSN02163,,,,,,,,,,,,,,,,,,,,,
,PSN02164,,,,,,,,,DHARMA,CC0,PSN02164,,,,,,,,,,,,,,,,,,,,,
,PSN02165,,,,,,,,,DHARMA,CC0,PSN02165,,,,,,,,,,,,,,,,,,,,,
,PSN02166,,,,,,,,,DHARMA,CC0,PSN02166,,,,,,,,,,,,,,,,,,,,,
,PSN02167,,,,,,,,,DHARMA,CC0,PSN02167,,,,,,,,,,,,,,,,,,,,,
,PSN02168,,,,,,,,,DHARMA,CC0,PSN02168,,,,,,,,,,,,,,,,,,,,,
,PSN02169,,,,,,,,,DHARMA,CC0,PSN02169,,,,,,,,,,,,,,,,,,,,,
,PSN02170,,,,,,,,,DHARMA,CC0,PSN02170,,,,,,,,,,,,,,,,,,,,,
,PSN02171,,,,,,,,,DHARMA,CC0,PSN02171,,,,,,,,,,,,,,,,,,,,,
,PSN02172,,,,,,,,,DHARMA,CC0,PSN02172,,,,,,,,,,,,,,,,,,,,,
,PSN02173,,,,,,,,,DHARMA,CC0,PSN02173,,,,,,,,,,,,,,,,,,,,,
,PSN02174,,,,,,,,,DHARMA,CC0,PSN02174,,,,,,,,,,,,,,,,,,,,,
,PSN02175,,,,,,,,,DHARMA,CC0,PSN02175,,,,,,,,,,,,,,,,,,,,,
,PSN02176,,,,,,,,,DHARMA,CC0,PSN02176,,,,,,,,,,,,,,,,,,,,,
,PSN02177,,,,,,,,,DHARMA,CC0,PSN02177,,,,,,,,,,,,,,,,,,,,,
,PSN02178,,,,,,,,,DHARMA,CC0,PSN02178,,,,,,,,,,,,,,,,,,,,,
,PSN02179,,,,,,,,,DHARMA,CC0,PSN02179,,,,,,,,,,,,,,,,,,,,,
,PSN02180,,,,,,,,,DHARMA,CC0,PSN02180,,,,,,,,,,,,,,,,,,,,,
,PSN02181,,,,,,,,,DHARMA,CC0,PSN02181,,,,,,,,,,,,,,,,,,,,,
,PSN02182,,,,,,,,,DHARMA,CC0,PSN02182,,,,,,,,,,,,,,,,,,,,,
,PSN02183,,,,,,,,,DHARMA,CC0,PSN02183,,,,,,,,,,,,,,,,,,,,,
,PSN02184,,,,,,,,,DHARMA,CC0,PSN02184,,,,,,,,,,,,,,,,,,,,,
,PSN02185,,,,,,,,,DHARMA,CC0,PSN02185,,,,,,,,,,,,,,,,,,,,,
,PSN02186,,,,,,,,,DHARMA,CC0,PSN02186,,,,,,,,,,,,,,,,,,,,,
,PSN02187,,,,,,,,,DHARMA,CC0,PSN02187,,,,,,,,,,,,,,,,,,,,,
,PSN02188,,,,,,,,,DHARMA,CC0,PSN02188,,,,,,,,,,,,,,,,,,,,,
,PSN02189,,,,,,,,,DHARMA,CC0,PSN02189,,,,,,,,,,,,,,,,,,,,,
,PSN02190,,,,,,,,,DHARMA,CC0,PSN02190,,,,,,,,,,,,,,,,,,,,,
,PSN02191,,,,,,,,,DHARMA,CC0,PSN02191,,,,,,,,,,,,,,,,,,,,,
,PSN02192,,,,,,,,,DHARMA,CC0,PSN02192,,,,,,,,,,,,,,,,,,,,,
,PSN02193,,,,,,,,,DHARMA,CC0,PSN02193,,,,,,,,,,,,,,,,,,,,,
,PSN02194,,,,,,,,,DHARMA,CC0,PSN02194,,,,,,,,,,,,,,,,,,,,,
,PSN02195,,,,,,,,,DHARMA,CC0,PSN02195,,,,,,,,,,,,,,,,,,,,,
,PSN02196,,,,,,,,,DHARMA,CC0,PSN02196,,,,,,,,,,,,,,,,,,,,,
,PSN02197,,,,,,,,,DHARMA,CC0,PSN02197,,,,,,,,,,,,,,,,,,,,,
,PSN02198,,,,,,,,,DHARMA,CC0,PSN02198,,,,,,,,,,,,,,,,,,,,,
,PSN02199,,,,,,,,,DHARMA,CC0,PSN02199,,,,,,,,,,,,,,,,,,,,,
,PSN02200,,,,,,,,,DHARMA,CC0,PSN02200,,,,,,,,,,,,,,,,,,,,,
,PSN02201,,,,,,,,,DHARMA,CC0,PSN02201,,,,,,,,,,,,,,,,,,,,,
,PSN02202,,,,,,,,,DHARMA,CC0,PSN02202,,,,,,,,,,,,,,,,,,,,,
,PSN02203,,,,,,,,,DHARMA,CC0,PSN02203,,,,,,,,,,,,,,,,,,,,,
,PSN02204,,,,,,,,,DHARMA,CC0,PSN02204,,,,,,,,,,,,,,,,,,,,,
,PSN02205,,,,,,,,,DHARMA,CC0,PSN02205,,,,,,,,,,,,,,,,,,,,,
,PSN02206,,,,,,,,,DHARMA,CC0,PSN02206,,,,,,,,,,,,,,,,,,,,,
,PSN02207,,,,,,,,,DHARMA,CC0,PSN02207,,,,,,,,,,,,,,,,,,,,,
,PSN02208,,,,,,,,,DHARMA,CC0,PSN02208,,,,,,,,,,,,,,,,,,,,,
,PSN02209,,,,,,,,,DHARMA,CC0,PSN02209,,,,,,,,,,,,,,,,,,,,,
,PSN02210,,,,,,,,,DHARMA,CC0,PSN02210,,,,,,,,,,,,,,,,,,,,,
,PSN02211,,,,,,,,,DHARMA,CC0,PSN02211,,,,,,,,,,,,,,,,,,,,,
,PSN02212,,,,,,,,,DHARMA,CC0,PSN02212,,,,,,,,,,,,,,,,,,,,,
,PSN02213,,,,,,,,,DHARMA,CC0,PSN02213,,,,,,,,,,,,,,,,,,,,,
,PSN02214,,,,,,,,,DHARMA,CC0,PSN02214,,,,,,,,,,,,,,,,,,,,,
,PSN02215,,,,,,,,,DHARMA,CC0,PSN02215,,,,,,,,,,,,,,,,,,,,,
,PSN02216,,,,,,,,,DHARMA,CC0,PSN02216,,,,,,,,,,,,,,,,,,,,,
,PSN02217,,,,,,,,,DHARMA,CC0,PSN02217,,,,,,,,,,,,,,,,,,,,,
,PSN02218,,,,,,,,,DHARMA,CC0,PSN02218,,,,,,,,,,,,,,,,,,,,,
,PSN02219,,,,,,,,,DHARMA,CC0,PSN02219,,,,,,,,,,,,,,,,,,,,,
,PSN02220,,,,,,,,,DHARMA,CC0,PSN02220,,,,,,,,,,,,,,,,,,,,,
,PSN02221,,,,,,,,,DHARMA,CC0,PSN02221,,,,,,,,,,,,,,,,,,,,,
,PSN02222,,,,,,,,,DHARMA,CC0,PSN02222,,,,,,,,,,,,,,,,,,,,,
,PSN02223,,,,,,,,,DHARMA,CC0,PSN02223,,,,,,,,,,,,,,,,,,,,,
,PSN02224,,,,,,,,,DHARMA,CC0,PSN02224,,,,,,,,,,,,,,,,,,,,,
,PSN02225,,,,,,,,,DHARMA,CC0,PSN02225,,,,,,,,,,,,,,,,,,,,,
,PSN02226,,,,,,,,,DHARMA,CC0,PSN02226,,,,,,,,,,,,,,,,,,,,,
,PSN02227,,,,,,,,,DHARMA,CC0,PSN02227,,,,,,,,,,,,,,,,,,,,,
,PSN02228,,,,,,,,,DHARMA,CC0,PSN02228,,,,,,,,,,,,,,,,,,,,,
,PSN02229,,,,,,,,,DHARMA,CC0,PSN02229,,,,,,,,,,,,,,,,,,,,,
,PSN02230,,,,,,,,,DHARMA,CC0,PSN02230,,,,,,,,,,,,,,,,,,,,,
,PSN02231,,,,,,,,,DHARMA,CC0,PSN02231,,,,,,,,,,,,,,,,,,,,,
,PSN02232,,,,,,,,,DHARMA,CC0,PSN02232,,,,,,,,,,,,,,,,,,,,,
,PSN02233,,,,,,,,,DHARMA,CC0,PSN02233,,,,,,,,,,,,,,,,,,,,,
,PSN02234,,,,,,,,,DHARMA,CC0,PSN02234,,,,,,,,,,,,,,,,,,,,,
,PSN02235,,,,,,,,,DHARMA,CC0,PSN02235,,,,,,,,,,,,,,,,,,,,,
,PSN02236,,,,,,,,,DHARMA,CC0,PSN02236,,,,,,,,,,,,,,,,,,,,,
,PSN02237,,,,,,,,,DHARMA,CC0,PSN02237,,,,,,,,,,,,,,,,,,,,,
,PSN02238,,,,,,,,,DHARMA,CC0,PSN02238,,,,,,,,,,,,,,,,,,,,,
,PSN02239,,,,,,,,,DHARMA,CC0,PSN02239,,,,,,,,,,,,,,,,,,,,,
,PSN02240,,,,,,,,,DHARMA,CC0,PSN02240,,,,,,,,,,,,,,,,,,,,,
,PSN02241,,,,,,,,,DHARMA,CC0,PSN02241,,,,,,,,,,,,,,,,,,,,,
,PSN02242,,,,,,,,,DHARMA,CC0,PSN02242,,,,,,,,,,,,,,,,,,,,,
,PSN02243,,,,,,,,,DHARMA,CC0,PSN02243,,,,,,,,,,,,,,,,,,,,,
,PSN02244,,,,,,,,,DHARMA,CC0,PSN02244,,,,,,,,,,,,,,,,,,,,,
,PSN02245,,,,,,,,,DHARMA,CC0,PSN02245,,,,,,,,,,,,,,,,,,,,,
,PSN02246,,,,,,,,,DHARMA,CC0,PSN02246,,,,,,,,,,,,,,,,,,,,,
,PSN02247,,,,,,,,,DHARMA,CC0,PSN02247,,,,,,,,,,,,,,,,,,,,,
,PSN02248,,,,,,,,,DHARMA,CC0,PSN02248,,,,,,,,,,,,,,,,,,,,,
,PSN02249,,,,,,,,,DHARMA,CC0,PSN02249,,,,,,,,,,,,,,,,,,,,,
,PSN02250,,,,,,,,,DHARMA,CC0,PSN02250,,,,,,,,,,,,,,,,,,,,,
,PSN02251,,,,,,,,,DHARMA,CC0,PSN02251,,,,,,,,,,,,,,,,,,,,,
,PSN02252,,,,,,,,,DHARMA,CC0,PSN02252,,,,,,,,,,,,,,,,,,,,,
,PSN02253,,,,,,,,,DHARMA,CC0,PSN02253,,,,,,,,,,,,,,,,,,,,,
,PSN02254,,,,,,,,,DHARMA,CC0,PSN02254,,,,,,,,,,,,,,,,,,,,,
,PSN02255,,,,,,,,,DHARMA,CC0,PSN02255,,,,,,,,,,,,,,,,,,,,,
,PSN02256,,,,,,,,,DHARMA,CC0,PSN02256,,,,,,,,,,,,,,,,,,,,,
,PSN02257,,,,,,,,,DHARMA,CC0,PSN02257,,,,,,,,,,,,,,,,,,,,,
,PSN02258,,,,,,,,,DHARMA,CC0,PSN02258,,,,,,,,,,,,,,,,,,,,,
,PSN02259,,,,,,,,,DHARMA,CC0,PSN02259,,,,,,,,,,,,,,,,,,,,,
,PSN02260,,,,,,,,,DHARMA,CC0,PSN02260,,,,,,,,,,,,,,,,,,,,,
,PSN02261,,,,,,,,,DHARMA,CC0,PSN02261,,,,,,,,,,,,,,,,,,,,,
,PSN02262,,,,,,,,,DHARMA,CC0,PSN02262,,,,,,,,,,,,,,,,,,,,,
,PSN02263,,,,,,,,,DHARMA,CC0,PSN02263,,,,,,,,,,,,,,,,,,,,,
,PSN02264,,,,,,,,,DHARMA,CC0,PSN02264,,,,,,,,,,,,,,,,,,,,,
,PSN02265,,,,,,,,,DHARMA,CC0,PSN02265,,,,,,,,,,,,,,,,,,,,,
,PSN02266,,,,,,,,,DHARMA,CC0,PSN02266,,,,,,,,,,,,,,,,,,,,,
,PSN02267,,,,,,,,,DHARMA,CC0,PSN02267,,,,,,,,,,,,,,,,,,,,,
,PSN02268,,,,,,,,,DHARMA,CC0,PSN02268,,,,,,,,,,,,,,,,,,,,,
,PSN02269,,,,,,,,,DHARMA,CC0,PSN02269,,,,,,,,,,,,,,,,,,,,,
,PSN02270,,,,,,,,,DHARMA,CC0,PSN02270,,,,,,,,,,,,,,,,,,,,,
,PSN02271,,,,,,,,,DHARMA,CC0,PSN02271,,,,,,,,,,,,,,,,,,,,,
,PSN02272,,,,,,,,,DHARMA,CC0,PSN02272,,,,,,,,,,,,,,,,,,,,,
,PSN02273,,,,,,,,,DHARMA,CC0,PSN02273,,,,,,,,,,,,,,,,,,,,,
,PSN02274,,,,,,,,,DHARMA,CC0,PSN02274,,,,,,,,,,,,,,,,,,,,,
,PSN02275,,,,,,,,,DHARMA,CC0,PSN02275,,,,,,,,,,,,,,,,,,,,,
,PSN02276,,,,,,,,,DHARMA,CC0,PSN02276,,,,,,,,,,,,,,,,,,,,,
,PSN02277,,,,,,,,,DHARMA,CC0,PSN02277,,,,,,,,,,,,,,,,,,,,,
,PSN02278,,,,,,,,,DHARMA,CC0,PSN02278,,,,,,,,,,,,,,,,,,,,,
,PSN02279,,,,,,,,,DHARMA,CC0,PSN02279,,,,,,,,,,,,,,,,,,,,,
,PSN02280,,,,,,,,,DHARMA,CC0,PSN02280,,,,,,,,,,,,,,,,,,,,,
,PSN02281,,,,,,,,,DHARMA,CC0,PSN02281,,,,,,,,,,,,,,,,,,,,,
,PSN02282,,,,,,,,,DHARMA,CC0,PSN02282,,,,,,,,,,,,,,,,,,,,,
,PSN02283,,,,,,,,,DHARMA,CC0,PSN02283,,,,,,,,,,,,,,,,,,,,,
,PSN02284,,,,,,,,,DHARMA,CC0,PSN02284,,,,,,,,,,,,,,,,,,,,,
,PSN02285,,,,,,,,,DHARMA,CC0,PSN02285,,,,,,,,,,,,,,,,,,,,,
,PSN02286,,,,,,,,,DHARMA,CC0,PSN02286,,,,,,,,,,,,,,,,,,,,,
,PSN02287,,,,,,,,,DHARMA,CC0,PSN02287,,,,,,,,,,,,,,,,,,,,,
,PSN02288,,,,,,,,,DHARMA,CC0,PSN02288,,,,,,,,,,,,,,,,,,,,,
,PSN02289,,,,,,,,,DHARMA,CC0,PSN02289,,,,,,,,,,,,,,,,,,,,,
,PSN02290,,,,,,,,,DHARMA,CC0,PSN02290,,,,,,,,,,,,,,,,,,,,,
,PSN02291,,,,,,,,,DHARMA,CC0,PSN02291,,,,,,,,,,,,,,,,,,,,,
,PSN02292,,,,,,,,,DHARMA,CC0,PSN02292,,,,,,,,,,,,,,,,,,,,,
,PSN02293,,,,,,,,,DHARMA,CC0,PSN02293,,,,,,,,,,,,,,,,,,,,,
,PSN02294,,,,,,,,,DHARMA,CC0,PSN02294,,,,,,,,,,,,,,,,,,,,,
,PSN02295,,,,,,,,,DHARMA,CC0,PSN02295,,,,,,,,,,,,,,,,,,,,,
,PSN02296,,,,,,,,,DHARMA,CC0,PSN02296,,,,,,,,,,,,,,,,,,,,,
,PSN02297,,,,,,,,,DHARMA,CC0,PSN02297,,,,,,,,,,,,,,,,,,,,,
,PSN02298,,,,,,,,,DHARMA,CC0,PSN02298,,,,,,,,,,,,,,,,,,,,,
,PSN02299,,,,,,,,,DHARMA,CC0,PSN02299,,,,,,,,,,,,,,,,,,,,,
,PSN02300,,,,,,,,,DHARMA,CC0,PSN02300,,,,,,,,,,,,,,,,,,,,,
,PSN02301,,,,,,,,,DHARMA,CC0,PSN02301,,,,,,,,,,,,,,,,,,,,,
,PSN02302,,,,,,,,,DHARMA,CC0,PSN02302,,,,,,,,,,,,,,,,,,,,,
,PSN02303,,,,,,,,,DHARMA,CC0,PSN02303,,,,,,,,,,,,,,,,,,,,,
,PSN02304,,,,,,,,,DHARMA,CC0,PSN02304,,,,,,,,,,,,,,,,,,,,,
,PSN02305,,,,,,,,,DHARMA,CC0,PSN02305,,,,,,,,,,,,,,,,,,,,,
,PSN02306,,,,,,,,,DHARMA,CC0,PSN02306,,,,,,,,,,,,,,,,,,,,,
,PSN02307,,,,,,,,,DHARMA,CC0,PSN02307,,,,,,,,,,,,,,,,,,,,,
,PSN02308,,,,,,,,,DHARMA,CC0,PSN02308,,,,,,,,,,,,,,,,,,,,,
,PSN02309,,,,,,,,,DHARMA,CC0,PSN02309,,,,,,,,,,,,,,,,,,,,,
,PSN02310,,,,,,,,,DHARMA,CC0,PSN02310,,,,,,,,,,,,,,,,,,,,,
,PSN02311,,,,,,,,,DHARMA,CC0,PSN02311,,,,,,,,,,,,,,,,,,,,,
,PSN02312,,,,,,,,,DHARMA,CC0,PSN02312,,,,,,,,,,,,,,,,,,,,,
,PSN02313,,,,,,,,,DHARMA,CC0,PSN02313,,,,,,,,,,,,,,,,,,,,,
,PSN02314,,,,,,,,,DHARMA,CC0,PSN02314,,,,,,,,,,,,,,,,,,,,,
,PSN02315,,,,,,,,,DHARMA,CC0,PSN02315,,,,,,,,,,,,,,,,,,,,,
,PSN02316,,,,,,,,,DHARMA,CC0,PSN02316,,,,,,,,,,,,,,,,,,,,,
,PSN02317,,,,,,,,,DHARMA,CC0,PSN02317,,,,,,,,,,,,,,,,,,,,,
,PSN02318,,,,,,,,,DHARMA,CC0,PSN02318,,,,,,,,,,,,,,,,,,,,,
,PSN02319,,,,,,,,,DHARMA,CC0,PSN02319,,,,,,,,,,,,,,,,,,,,,
,PSN02320,,,,,,,,,DHARMA,CC0,PSN02320,,,,,,,,,,,,,,,,,,,,,
,PSN02321,,,,,,,,,DHARMA,CC0,PSN02321,,,,,,,,,,,,,,,,,,,,,
,PSN02322,,,,,,,,,DHARMA,CC0,PSN02322,,,,,,,,,,,,,,,,,,,,,
,PSN02323,,,,,,,,,DHARMA,CC0,PSN02323,,,,,,,,,,,,,,,,,,,,,
,PSN02324,,,,,,,,,DHARMA,CC0,PSN02324,,,,,,,,,,,,,,,,,,,,,
,PSN02325,,,,,,,,,DHARMA,CC0,PSN02325,,,,,,,,,,,,,,,,,,,,,
,PSN02326,,,,,,,,,DHARMA,CC0,PSN02326,,,,,,,,,,,,,,,,,,,,,
,PSN02327,,,,,,,,,DHARMA,CC0,PSN02327,,,,,,,,,,,,,,,,,,,,,
,PSN02328,,,,,,,,,DHARMA,CC0,PSN02328,,,,,,,,,,,,,,,,,,,,,
,PSN02329,,,,,,,,,DHARMA,CC0,PSN02329,,,,,,,,,,,,,,,,,,,,,
,PSN02330,,,,,,,,,DHARMA,CC0,PSN02330,,,,,,,,,,,,,,,,,,,,,
,PSN02331,,,,,,,,,DHARMA,CC0,PSN02331,,,,,,,,,,,,,,,,,,,,,
,PSN02332,,,,,,,,,DHARMA,CC0,PSN02332,,,,,,,,,,,,,,,,,,,,,
,PSN02333,,,,,,,,,DHARMA,CC0,PSN02333,,,,,,,,,,,,,,,,,,,,,
,PSN02334,,,,,,,,,DHARMA,CC0,PSN02334,,,,,,,,,,,,,,,,,,,,,
,PSN02335,,,,,,,,,DHARMA,CC0,PSN02335,,,,,,,,,,,,,,,,,,,,,
,PSN02336,,,,,,,,,DHARMA,CC0,PSN02336,,,,,,,,,,,,,,,,,,,,,
,PSN02337,,,,,,,,,DHARMA,CC0,PSN02337,,,,,,,,,,,,,,,,,,,,,
,PSN02338,,,,,,,,,DHARMA,CC0,PSN02338,,,,,,,,,,,,,,,,,,,,,
,PSN02339,,,,,,,,,DHARMA,CC0,PSN02339,,,,,,,,,,,,,,,,,,,,,
,PSN02340,,,,,,,,,DHARMA,CC0,PSN02340,,,,,,,,,,,,,,,,,,,,,
,PSN02341,,,,,,,,,DHARMA,CC0,PSN02341,,,,,,,,,,,,,,,,,,,,,
,PSN02342,,,,,,,,,DHARMA,CC0,PSN02342,,,,,,,,,,,,,,,,,,,,,
,PSN02343,,,,,,,,,DHARMA,CC0,PSN02343,,,,,,,,,,,,,,,,,,,,,
,PSN02344,,,,,,,,,DHARMA,CC0,PSN02344,,,,,,,,,,,,,,,,,,,,,
,PSN02345,,,,,,,,,DHARMA,CC0,PSN02345,,,,,,,,,,,,,,,,,,,,,
,PSN02346,,,,,,,,,DHARMA,CC0,PSN02346,,,,,,,,,,,,,,,,,,,,,
,PSN02347,,,,,,,,,DHARMA,CC0,PSN02347,,,,,,,,,,,,,,,,,,,,,
,PSN02348,,,,,,,,,DHARMA,CC0,PSN02348,,,,,,,,,,,,,,,,,,,,,
,PSN02349,,,,,,,,,DHARMA,CC0,PSN02349,,,,,,,,,,,,,,,,,,,,,
,PSN02350,,,,,,,,,DHARMA,CC0,PSN02350,,,,,,,,,,,,,,,,,,,,,
,PSN02351,,,,,,,,,DHARMA,CC0,PSN02351,,,,,,,,,,,,,,,,,,,,,
,PSN02352,,,,,,,,,DHARMA,CC0,PSN02352,,,,,,,,,,,,,,,,,,,,,
,PSN02353,,,,,,,,,DHARMA,CC0,PSN02353,,,,,,,,,,,,,,,,,,,,,
,PSN02354,,,,,,,,,DHARMA,CC0,PSN02354,,,,,,,,,,,,,,,,,,,,,
,PSN02355,,,,,,,,,DHARMA,CC0,PSN02355,,,,,,,,,,,,,,,,,,,,,
,PSN02356,,,,,,,,,DHARMA,CC0,PSN02356,,,,,,,,,,,,,,,,,,,,,
,PSN02357,,,,,,,,,DHARMA,CC0,PSN02357,,,,,,,,,,,,,,,,,,,,,
,PSN02358,,,,,,,,,DHARMA,CC0,PSN02358,,,,,,,,,,,,,,,,,,,,,
,PSN02359,,,,,,,,,DHARMA,CC0,PSN02359,,,,,,,,,,,,,,,,,,,,,
,PSN02360,,,,,,,,,DHARMA,CC0,PSN02360,,,,,,,,,,,,,,,,,,,,,
,PSN02361,,,,,,,,,DHARMA,CC0,PSN02361,,,,,,,,,,,,,,,,,,,,,
,PSN02362,,,,,,,,,DHARMA,CC0,PSN02362,,,,,,,,,,,,,,,,,,,,,
,PSN02363,,,,,,,,,DHARMA,CC0,PSN02363,,,,,,,,,,,,,,,,,,,,,
,PSN02364,,,,,,,,,DHARMA,CC0,PSN02364,,,,,,,,,,,,,,,,,,,,,
,PSN02365,,,,,,,,,DHARMA,CC0,PSN02365,,,,,,,,,,,,,,,,,,,,,
,PSN02366,,,,,,,,,DHARMA,CC0,PSN02366,,,,,,,,,,,,,,,,,,,,,
,PSN02367,,,,,,,,,DHARMA,CC0,PSN02367,,,,,,,,,,,,,,,,,,,,,
,PSN02368,,,,,,,,,DHARMA,CC0,PSN02368,,,,,,,,,,,,,,,,,,,,,
,PSN02369,,,,,,,,,DHARMA,CC0,PSN02369,,,,,,,,,,,,,,,,,,,,,
,PSN02370,,,,,,,,,DHARMA,CC0,PSN02370,,,,,,,,,,,,,,,,,,,,,
,PSN02371,,,,,,,,,DHARMA,CC0,PSN02371,,,,,,,,,,,,,,,,,,,,,
,PSN02372,,,,,,,,,DHARMA,CC0,PSN02372,,,,,,,,,,,,,,,,,,,,,
,PSN02373,,,,,,,,,DHARMA,CC0,PSN02373,,,,,,,,,,,,,,,,,,,,,
,PSN02374,,,,,,,,,DHARMA,CC0,PSN02374,,,,,,,,,,,,,,,,,,,,,
,PSN02375,,,,,,,,,DHARMA,CC0,PSN02375,,,,,,,,,,,,,,,,,,,,,
,PSN02376,,,,,,,,,DHARMA,CC0,PSN02376,,,,,,,,,,,,,,,,,,,,,
,PSN02377,,,,,,,,,DHARMA,CC0,PSN02377,,,,,,,,,,,,,,,,,,,,,
,PSN02378,,,,,,,,,DHARMA,CC0,PSN02378,,,,,,,,,,,,,,,,,,,,,
,PSN02379,,,,,,,,,DHARMA,CC0,PSN02379,,,,,,,,,,,,,,,,,,,,,
,PSN02380,,,,,,,,,DHARMA,CC0,PSN02380,,,,,,,,,,,,,,,,,,,,,
,PSN02381,,,,,,,,,DHARMA,CC0,PSN02381,,,,,,,,,,,,,,,,,,,,,
,PSN02382,,,,,,,,,DHARMA,CC0,PSN02382,,,,,,,,,,,,,,,,,,,,,
,PSN02383,,,,,,,,,DHARMA,CC0,PSN02383,,,,,,,,,,,,,,,,,,,,,
,PSN02384,,,,,,,,,DHARMA,CC0,PSN02384,,,,,,,,,,,,,,,,,,,,,
,PSN02385,,,,,,,,,DHARMA,CC0,PSN02385,,,,,,,,,,,,,,,,,,,,,
,PSN02386,,,,,,,,,DHARMA,CC0,PSN02386,,,,,,,,,,,,,,,,,,,,,
,PSN02387,,,,,,,,,DHARMA,CC0,PSN02387,,,,,,,,,,,,,,,,,,,,,
,PSN02388,,,,,,,,,DHARMA,CC0,PSN02388,,,,,,,,,,,,,,,,,,,,,
,PSN02389,,,,,,,,,DHARMA,CC0,PSN02389,,,,,,,,,,,,,,,,,,,,,
,PSN02390,,,,,,,,,DHARMA,CC0,PSN02390,,,,,,,,,,,,,,,,,,,,,
,PSN02391,,,,,,,,,DHARMA,CC0,PSN02391,,,,,,,,,,,,,,,,,,,,,
,PSN02392,,,,,,,,,DHARMA,CC0,PSN02392,,,,,,,,,,,,,,,,,,,,,
,PSN02393,,,,,,,,,DHARMA,CC0,PSN02393,,,,,,,,,,,,,,,,,,,,,
,PSN02394,,,,,,,,,DHARMA,CC0,PSN02394,,,,,,,,,,,,,,,,,,,,,
,PSN02395,,,,,,,,,DHARMA,CC0,PSN02395,,,,,,,,,,,,,,,,,,,,,
,PSN02396,,,,,,,,,DHARMA,CC0,PSN02396,,,,,,,,,,,,,,,,,,,,,
,PSN02397,,,,,,,,,DHARMA,CC0,PSN02397,,,,,,,,,,,,,,,,,,,,,
,PSN02398,,,,,,,,,DHARMA,CC0,PSN02398,,,,,,,,,,,,,,,,,,,,,
,PSN02399,,,,,,,,,DHARMA,CC0,PSN02399,,,,,,,,,,,,,,,,,,,,,
,PSN02400,,,,,,,,,DHARMA,CC0,PSN02400,,,,,,,,,,,,,,,,,,,,,
,PSN02401,,,,,,,,,DHARMA,CC0,PSN02401,,,,,,,,,,,,,,,,,,,,,
,PSN02402,,,,,,,,,DHARMA,CC0,PSN02402,,,,,,,,,,,,,,,,,,,,,
,PSN02403,,,,,,,,,DHARMA,CC0,PSN02403,,,,,,,,,,,,,,,,,,,,,
,PSN02404,,,,,,,,,DHARMA,CC0,PSN02404,,,,,,,,,,,,,,,,,,,,,
,PSN02405,,,,,,,,,DHARMA,CC0,PSN02405,,,,,,,,,,,,,,,,,,,,,
,PSN02406,,,,,,,,,DHARMA,CC0,PSN02406,,,,,,,,,,,,,,,,,,,,,
,PSN02407,,,,,,,,,DHARMA,CC0,PSN02407,,,,,,,,,,,,,,,,,,,,,
,PSN02408,,,,,,,,,DHARMA,CC0,PSN02408,,,,,,,,,,,,,,,,,,,,,
,PSN02409,,,,,,,,,DHARMA,CC0,PSN02409,,,,,,,,,,,,,,,,,,,,,
,PSN02410,,,,,,,,,DHARMA,CC0,PSN02410,,,,,,,,,,,,,,,,,,,,,
,PSN02411,,,,,,,,,DHARMA,CC0,PSN02411,,,,,,,,,,,,,,,,,,,,,
,PSN02412,,,,,,,,,DHARMA,CC0,PSN02412,,,,,,,,,,,,,,,,,,,,,
,PSN02413,,,,,,,,,DHARMA,CC0,PSN02413,,,,,,,,,,,,,,,,,,,,,
,PSN02414,,,,,,,,,DHARMA,CC0,PSN02414,,,,,,,,,,,,,,,,,,,,,
,PSN02415,,,,,,,,,DHARMA,CC0,PSN02415,,,,,,,,,,,,,,,,,,,,,
,PSN02416,,,,,,,,,DHARMA,CC0,PSN02416,,,,,,,,,,,,,,,,,,,,,
,PSN02417,,,,,,,,,DHARMA,CC0,PSN02417,,,,,,,,,,,,,,,,,,,,,
,PSN02418,,,,,,,,,DHARMA,CC0,PSN02418,,,,,,,,,,,,,,,,,,,,,
,PSN02419,,,,,,,,,DHARMA,CC0,PSN02419,,,,,,,,,,,,,,,,,,,,,
,PSN02420,,,,,,,,,DHARMA,CC0,PSN02420,,,,,,,,,,,,,,,,,,,,,
,PSN02421,,,,,,,,,DHARMA,CC0,PSN02421,,,,,,,,,,,,,,,,,,,,,
,PSN02422,,,,,,,,,DHARMA,CC0,PSN02422,,,,,,,,,,,,,,,,,,,,,
,PSN02423,,,,,,,,,DHARMA,CC0,PSN02423,,,,,,,,,,,,,,,,,,,,,
,PSN02424,,,,,,,,,DHARMA,CC0,PSN02424,,,,,,,,,,,,,,,,,,,,,
,PSN02425,,,,,,,,,DHARMA,CC0,PSN02425,,,,,,,,,,,,,,,,,,,,,
,PSN02426,,,,,,,,,DHARMA,CC0,PSN02426,,,,,,,,,,,,,,,,,,,,,
,PSN02427,,,,,,,,,DHARMA,CC0,PSN02427,,,,,,,,,,,,,,,,,,,,,
,PSN02428,,,,,,,,,DHARMA,CC0,PSN02428,,,,,,,,,,,,,,,,,,,,,
,PSN02429,,,,,,,,,DHARMA,CC0,PSN02429,,,,,,,,,,,,,,,,,,,,,
,PSN02430,,,,,,,,,DHARMA,CC0,PSN02430,,,,,,,,,,,,,,,,,,,,,
,PSN02431,,,,,,,,,DHARMA,CC0,PSN02431,,,,,,,,,,,,,,,,,,,,,
,PSN02432,,,,,,,,,DHARMA,CC0,PSN02432,,,,,,,,,,,,,,,,,,,,,
,PSN02433,,,,,,,,,DHARMA,CC0,PSN02433,,,,,,,,,,,,,,,,,,,,,
,PSN02434,,,,,,,,,DHARMA,CC0,PSN02434,,,,,,,,,,,,,,,,,,,,,
,PSN02435,,,,,,,,,DHARMA,CC0,PSN02435,,,,,,,,,,,,,,,,,,,,,
,PSN02436,,,,,,,,,DHARMA,CC0,PSN02436,,,,,,,,,,,,,,,,,,,,,
,PSN02437,,,,,,,,,DHARMA,CC0,PSN02437,,,,,,,,,,,,,,,,,,,,,
,PSN02438,,,,,,,,,DHARMA,CC0,PSN02438,,,,,,,,,,,,,,,,,,,,,
,PSN02439,,,,,,,,,DHARMA,CC0,PSN02439,,,,,,,,,,,,,,,,,,,,,
,PSN02440,,,,,,,,,DHARMA,CC0,PSN02440,,,,,,,,,,,,,,,,,,,,,
,PSN02441,,,,,,,,,DHARMA,CC0,PSN02441,,,,,,,,,,,,,,,,,,,,,
,PSN02442,,,,,,,,,DHARMA,CC0,PSN02442,,,,,,,,,,,,,,,,,,,,,
,PSN02443,,,,,,,,,DHARMA,CC0,PSN02443,,,,,,,,,,,,,,,,,,,,,
,PSN02444,,,,,,,,,DHARMA,CC0,PSN02444,,,,,,,,,,,,,,,,,,,,,
,PSN02445,,,,,,,,,DHARMA,CC0,PSN02445,,,,,,,,,,,,,,,,,,,,,
,PSN02446,,,,,,,,,DHARMA,CC0,PSN02446,,,,,,,,,,,,,,,,,,,,,
,PSN02447,,,,,,,,,DHARMA,CC0,PSN02447,,,,,,,,,,,,,,,,,,,,,
,PSN02448,,,,,,,,,DHARMA,CC0,PSN02448,,,,,,,,,,,,,,,,,,,,,
,PSN02449,,,,,,,,,DHARMA,CC0,PSN02449,,,,,,,,,,,,,,,,,,,,,
,PSN02450,,,,,,,,,DHARMA,CC0,PSN02450,,,,,,,,,,,,,,,,,,,,,
,PSN02451,,,,,,,,,DHARMA,CC0,PSN02451,,,,,,,,,,,,,,,,,,,,,
,PSN02452,,,,,,,,,DHARMA,CC0,PSN02452,,,,,,,,,,,,,,,,,,,,,
,PSN02453,,,,,,,,,DHARMA,CC0,PSN02453,,,,,,,,,,,,,,,,,,,,,
,PSN02454,,,,,,,,,DHARMA,CC0,PSN02454,,,,,,,,,,,,,,,,,,,,,
,PSN02455,,,,,,,,,DHARMA,CC0,PSN02455,,,,,,,,,,,,,,,,,,,,,
,PSN02456,,,,,,,,,DHARMA,CC0,PSN02456,,,,,,,,,,,,,,,,,,,,,
,PSN02457,,,,,,,,,DHARMA,CC0,PSN02457,,,,,,,,,,,,,,,,,,,,,
,PSN02458,,,,,,,,,DHARMA,CC0,PSN02458,,,,,,,,,,,,,,,,,,,,,
,PSN02459,,,,,,,,,DHARMA,CC0,PSN02459,,,,,,,,,,,,,,,,,,,,,
,PSN02460,,,,,,,,,DHARMA,CC0,PSN02460,,,,,,,,,,,,,,,,,,,,,
,PSN02461,,,,,,,,,DHARMA,CC0,PSN02461,,,,,,,,,,,,,,,,,,,,,
,PSN02462,,,,,,,,,DHARMA,CC0,PSN02462,,,,,,,,,,,,,,,,,,,,,
,PSN02463,,,,,,,,,DHARMA,CC0,PSN02463,,,,,,,,,,,,,,,,,,,,,
,PSN02464,,,,,,,,,DHARMA,CC0,PSN02464,,,,,,,,,,,,,,,,,,,,,
,PSN02465,,,,,,,,,DHARMA,CC0,PSN02465,,,,,,,,,,,,,,,,,,,,,
,PSN02466,,,,,,,,,DHARMA,CC0,PSN02466,,,,,,,,,,,,,,,,,,,,,
,PSN02467,,,,,,,,,DHARMA,CC0,PSN02467,,,,,,,,,,,,,,,,,,,,,
,PSN02468,,,,,,,,,DHARMA,CC0,PSN02468,,,,,,,,,,,,,,,,,,,,,
,PSN02469,,,,,,,,,DHARMA,CC0,PSN02469,,,,,,,,,,,,,,,,,,,,,
,PSN02470,,,,,,,,,DHARMA,CC0,PSN02470,,,,,,,,,,,,,,,,,,,,,
,PSN02471,,,,,,,,,DHARMA,CC0,PSN02471,,,,,,,,,,,,,,,,,,,,,
,PSN02472,,,,,,,,,DHARMA,CC0,PSN02472,,,,,,,,,,,,,,,,,,,,,
,PSN02473,,,,,,,,,DHARMA,CC0,PSN02473,,,,,,,,,,,,,,,,,,,,,
,PSN02474,,,,,,,,,DHARMA,CC0,PSN02474,,,,,,,,,,,,,,,,,,,,,
,PSN02475,,,,,,,,,DHARMA,CC0,PSN02475,,,,,,,,,,,,,,,,,,,,,
,PSN02476,,,,,,,,,DHARMA,CC0,PSN02476,,,,,,,,,,,,,,,,,,,,,
,PSN02477,,,,,,,,,DHARMA,CC0,PSN02477,,,,,,,,,,,,,,,,,,,,,
,PSN02478,,,,,,,,,DHARMA,CC0,PSN02478,,,,,,,,,,,,,,,,,,,,,
,PSN02479,,,,,,,,,DHARMA,CC0,PSN02479,,,,,,,,,,,,,,,,,,,,,
,PSN02480,,,,,,,,,DHARMA,CC0,PSN02480,,,,,,,,,,,,,,,,,,,,,
,PSN02481,,,,,,,,,DHARMA,CC0,PSN02481,,,,,,,,,,,,,,,,,,,,,
,PSN02482,,,,,,,,,DHARMA,CC0,PSN02482,,,,,,,,,,,,,,,,,,,,,
,PSN02483,,,,,,,,,DHARMA,CC0,PSN02483,,,,,,,,,,,,,,,,,,,,,
,PSN02484,,,,,,,,,DHARMA,CC0,PSN02484,,,,,,,,,,,,,,,,,,,,,
,PSN02485,,,,,,,,,DHARMA,CC0,PSN02485,,,,,,,,,,,,,,,,,,,,,
,PSN02486,,,,,,,,,DHARMA,CC0,PSN02486,,,,,,,,,,,,,,,,,,,,,
,PSN02487,,,,,,,,,DHARMA,CC0,PSN02487,,,,,,,,,,,,,,,,,,,,,
,PSN02488,,,,,,,,,DHARMA,CC0,PSN02488,,,,,,,,,,,,,,,,,,,,,
,PSN02489,,,,,,,,,DHARMA,CC0,PSN02489,,,,,,,,,,,,,,,,,,,,,
,PSN02490,,,,,,,,,DHARMA,CC0,PSN02490,,,,,,,,,,,,,,,,,,,,,
,PSN02491,,,,,,,,,DHARMA,CC0,PSN02491,,,,,,,,,,,,,,,,,,,,,
,PSN02492,,,,,,,,,DHARMA,CC0,PSN02492,,,,,,,,,,,,,,,,,,,,,
,PSN02493,,,,,,,,,DHARMA,CC0,PSN02493,,,,,,,,,,,,,,,,,,,,,
,PSN02494,,,,,,,,,DHARMA,CC0,PSN02494,,,,,,,,,,,,,,,,,,,,,
,PSN02495,,,,,,,,,DHARMA,CC0,PSN02495,,,,,,,,,,,,,,,,,,,,,
,PSN02496,,,,,,,,,DHARMA,CC0,PSN02496,,,,,,,,,,,,,,,,,,,,,
,PSN02497,,,,,,,,,DHARMA,CC0,PSN02497,,,,,,,,,,,,,,,,,,,,,
,PSN02498,,,,,,,,,DHARMA,CC0,PSN02498,,,,,,,,,,,,,,,,,,,,,
,PSN02499,,,,,,,,,DHARMA,CC0,PSN02499,,,,,,,,,,,,,,,,,,,,,
,PSN02500,,,,,,,,,DHARMA,CC0,PSN02500,,,,,,,,,,,,,,,,,,,,,
,PSN02501,,,,,,,,,DHARMA,CC0,PSN02501,,,,,,,,,,,,,,,,,,,,,
,PSN02502,,,,,,,,,DHARMA,CC0,PSN02502,,,,,,,,,,,,,,,,,,,,,
,PSN02503,,,,,,,,,DHARMA,CC0,PSN02503,,,,,,,,,,,,,,,,,,,,,
,PSN02504,,,,,,,,,DHARMA,CC0,PSN02504,,,,,,,,,,,,,,,,,,,,,
,PSN02505,,,,,,,,,DHARMA,CC0,PSN02505,,,,,,,,,,,,,,,,,,,,,
,PSN02506,,,,,,,,,DHARMA,CC0,PSN02506,,,,,,,,,,,,,,,,,,,,,
,PSN02507,,,,,,,,,DHARMA,CC0,PSN02507,,,,,,,,,,,,,,,,,,,,,
,PSN02508,,,,,,,,,DHARMA,CC0,PSN02508,,,,,,,,,,,,,,,,,,,,,
,PSN02509,,,,,,,,,DHARMA,CC0,PSN02509,,,,,,,,,,,,,,,,,,,,,
,PSN02510,,,,,,,,,DHARMA,CC0,PSN02510,,,,,,,,,,,,,,,,,,,,,
,PSN02511,,,,,,,,,DHARMA,CC0,PSN02511,,,,,,,,,,,,,,,,,,,,,
,PSN02512,,,,,,,,,DHARMA,CC0,PSN02512,,,,,,,,,,,,,,,,,,,,,
,PSN02513,,,,,,,,,DHARMA,CC0,PSN02513,,,,,,,,,,,,,,,,,,,,,
,PSN02514,,,,,,,,,DHARMA,CC0,PSN02514,,,,,,,,,,,,,,,,,,,,,
,PSN02515,,,,,,,,,DHARMA,CC0,PSN02515,,,,,,,,,,,,,,,,,,,,,
,PSN02516,,,,,,,,,DHARMA,CC0,PSN02516,,,,,,,,,,,,,,,,,,,,,
,PSN02517,,,,,,,,,DHARMA,CC0,PSN02517,,,,,,,,,,,,,,,,,,,,,
,PSN02518,,,,,,,,,DHARMA,CC0,PSN02518,,,,,,,,,,,,,,,,,,,,,
,PSN02519,,,,,,,,,DHARMA,CC0,PSN02519,,,,,,,,,,,,,,,,,,,,,
,PSN02520,,,,,,,,,DHARMA,CC0,PSN02520,,,,,,,,,,,,,,,,,,,,,
,PSN02521,,,,,,,,,DHARMA,CC0,PSN02521,,,,,,,,,,,,,,,,,,,,,
,PSN02522,,,,,,,,,DHARMA,CC0,PSN02522,,,,,,,,,,,,,,,,,,,,,
,PSN02523,,,,,,,,,DHARMA,CC0,PSN02523,,,,,,,,,,,,,,,,,,,,,
,PSN02524,,,,,,,,,DHARMA,CC0,PSN02524,,,,,,,,,,,,,,,,,,,,,
,PSN02525,,,,,,,,,DHARMA,CC0,PSN02525,,,,,,,,,,,,,,,,,,,,,
,PSN02526,,,,,,,,,DHARMA,CC0,PSN02526,,,,,,,,,,,,,,,,,,,,,
,PSN02527,,,,,,,,,DHARMA,CC0,PSN02527,,,,,,,,,,,,,,,,,,,,,
,PSN02528,,,,,,,,,DHARMA,CC0,PSN02528,,,,,,,,,,,,,,,,,,,,,
,PSN02529,,,,,,,,,DHARMA,CC0,PSN02529,,,,,,,,,,,,,,,,,,,,,
,PSN02530,,,,,,,,,DHARMA,CC0,PSN02530,,,,,,,,,,,,,,,,,,,,,
,PSN02531,,,,,,,,,DHARMA,CC0,PSN02531,,,,,,,,,,,,,,,,,,,,,
,PSN02532,,,,,,,,,DHARMA,CC0,PSN02532,,,,,,,,,,,,,,,,,,,,,
,PSN02533,,,,,,,,,DHARMA,CC0,PSN02533,,,,,,,,,,,,,,,,,,,,,
,PSN02534,,,,,,,,,DHARMA,CC0,PSN02534,,,,,,,,,,,,,,,,,,,,,
,PSN02535,,,,,,,,,DHARMA,CC0,PSN02535,,,,,,,,,,,,,,,,,,,,,
,PSN02536,,,,,,,,,DHARMA,CC0,PSN02536,,,,,,,,,,,,,,,,,,,,,
,PSN02537,,,,,,,,,DHARMA,CC0,PSN02537,,,,,,,,,,,,,,,,,,,,,
,PSN02538,,,,,,,,,DHARMA,CC0,PSN02538,,,,,,,,,,,,,,,,,,,,,
,PSN02539,,,,,,,,,DHARMA,CC0,PSN02539,,,,,,,,,,,,,,,,,,,,,
,PSN02540,,,,,,,,,DHARMA,CC0,PSN02540,,,,,,,,,,,,,,,,,,,,,
,PSN02541,,,,,,,,,DHARMA,CC0,PSN02541,,,,,,,,,,,,,,,,,,,,,
,PSN02542,,,,,,,,,DHARMA,CC0,PSN02542,,,,,,,,,,,,,,,,,,,,,
,PSN02543,,,,,,,,,DHARMA,CC0,PSN02543,,,,,,,,,,,,,,,,,,,,,
,PSN02544,,,,,,,,,DHARMA,CC0,PSN02544,,,,,,,,,,,,,,,,,,,,,
,PSN02545,,,,,,,,,DHARMA,CC0,PSN02545,,,,,,,,,,,,,,,,,,,,,
,PSN02546,,,,,,,,,DHARMA,CC0,PSN02546,,,,,,,,,,,,,,,,,,,,,
,PSN02547,,,,,,,,,DHARMA,CC0,PSN02547,,,,,,,,,,,,,,,,,,,,,
,PSN02548,,,,,,,,,DHARMA,CC0,PSN02548,,,,,,,,,,,,,,,,,,,,,
,PSN02549,,,,,,,,,DHARMA,CC0,PSN02549,,,,,,,,,,,,,,,,,,,,,
,PSN02550,,,,,,,,,DHARMA,CC0,PSN02550,,,,,,,,,,,,,,,,,,,,,
,PSN02551,,,,,,,,,DHARMA,CC0,PSN02551,,,,,,,,,,,,,,,,,,,,,
,PSN02552,,,,,,,,,DHARMA,CC0,PSN02552,,,,,,,,,,,,,,,,,,,,,
,PSN02553,,,,,,,,,DHARMA,CC0,PSN02553,,,,,,,,,,,,,,,,,,,,,
,PSN02554,,,,,,,,,DHARMA,CC0,PSN02554,,,,,,,,,,,,,,,,,,,,,
,PSN02555,,,,,,,,,DHARMA,CC0,PSN02555,,,,,,,,,,,,,,,,,,,,,
,PSN02556,,,,,,,,,DHARMA,CC0,PSN02556,,,,,,,,,,,,,,,,,,,,,
,PSN02557,,,,,,,,,DHARMA,CC0,PSN02557,,,,,,,,,,,,,,,,,,,,,
,PSN02558,,,,,,,,,DHARMA,CC0,PSN02558,,,,,,,,,,,,,,,,,,,,,
,PSN02559,,,,,,,,,DHARMA,CC0,PSN02559,,,,,,,,,,,,,,,,,,,,,
,PSN02560,,,,,,,,,DHARMA,CC0,PSN02560,,,,,,,,,,,,,,,,,,,,,
,PSN02561,,,,,,,,,DHARMA,CC0,PSN02561,,,,,,,,,,,,,,,,,,,,,
,PSN02562,,,,,,,,,DHARMA,CC0,PSN02562,,,,,,,,,,,,,,,,,,,,,
,PSN02563,,,,,,,,,DHARMA,CC0,PSN02563,,,,,,,,,,,,,,,,,,,,,
,PSN02564,,,,,,,,,DHARMA,CC0,PSN02564,,,,,,,,,,,,,,,,,,,,,
,PSN02565,,,,,,,,,DHARMA,CC0,PSN02565,,,,,,,,,,,,,,,,,,,,,
,PSN02566,,,,,,,,,DHARMA,CC0,PSN02566,,,,,,,,,,,,,,,,,,,,,
,PSN02567,,,,,,,,,DHARMA,CC0,PSN02567,,,,,,,,,,,,,,,,,,,,,
,PSN02568,,,,,,,,,DHARMA,CC0,PSN02568,,,,,,,,,,,,,,,,,,,,,
,PSN02569,,,,,,,,,DHARMA,CC0,PSN02569,,,,,,,,,,,,,,,,,,,,,
,PSN02570,,,,,,,,,DHARMA,CC0,PSN02570,,,,,,,,,,,,,,,,,,,,,
,PSN02571,,,,,,,,,DHARMA,CC0,PSN02571,,,,,,,,,,,,,,,,,,,,,
,PSN02572,,,,,,,,,DHARMA,CC0,PSN02572,,,,,,,,,,,,,,,,,,,,,
,PSN02573,,,,,,,,,DHARMA,CC0,PSN02573,,,,,,,,,,,,,,,,,,,,,
,PSN02574,,,,,,,,,DHARMA,CC0,PSN02574,,,,,,,,,,,,,,,,,,,,,
,PSN02575,,,,,,,,,DHARMA,CC0,PSN02575,,,,,,,,,,,,,,,,,,,,,
,PSN02576,,,,,,,,,DHARMA,CC0,PSN02576,,,,,,,,,,,,,,,,,,,,,
,PSN02577,,,,,,,,,DHARMA,CC0,PSN02577,,,,,,,,,,,,,,,,,,,,,
,PSN02578,,,,,,,,,DHARMA,CC0,PSN02578,,,,,,,,,,,,,,,,,,,,,
,PSN02579,,,,,,,,,DHARMA,CC0,PSN02579,,,,,,,,,,,,,,,,,,,,,
,PSN02580,,,,,,,,,DHARMA,CC0,PSN02580,,,,,,,,,,,,,,,,,,,,,
,PSN02581,,,,,,,,,DHARMA,CC0,PSN02581,,,,,,,,,,,,,,,,,,,,,
,PSN02582,,,,,,,,,DHARMA,CC0,PSN02582,,,,,,,,,,,,,,,,,,,,,
,PSN02583,,,,,,,,,DHARMA,CC0,PSN02583,,,,,,,,,,,,,,,,,,,,,
,PSN02584,,,,,,,,,DHARMA,CC0,PSN02584,,,,,,,,,,,,,,,,,,,,,
,PSN02585,,,,,,,,,DHARMA,CC0,PSN02585,,,,,,,,,,,,,,,,,,,,,
,PSN02586,,,,,,,,,DHARMA,CC0,PSN02586,,,,,,,,,,,,,,,,,,,,,
,PSN02587,,,,,,,,,DHARMA,CC0,PSN02587,,,,,,,,,,,,,,,,,,,,,
,PSN02588,,,,,,,,,DHARMA,CC0,PSN02588,,,,,,,,,,,,,,,,,,,,,
,PSN02589,,,,,,,,,DHARMA,CC0,PSN02589,,,,,,,,,,,,,,,,,,,,,
,PSN02590,,,,,,,,,DHARMA,CC0,PSN02590,,,,,,,,,,,,,,,,,,,,,
,PSN02591,,,,,,,,,DHARMA,CC0,PSN02591,,,,,,,,,,,,,,,,,,,,,
,PSN02592,,,,,,,,,DHARMA,CC0,PSN02592,,,,,,,,,,,,,,,,,,,,,
,PSN02593,,,,,,,,,DHARMA,CC0,PSN02593,,,,,,,,,,,,,,,,,,,,,
,PSN02594,,,,,,,,,DHARMA,CC0,PSN02594,,,,,,,,,,,,,,,,,,,,,
,PSN02595,,,,,,,,,DHARMA,CC0,PSN02595,,,,,,,,,,,,,,,,,,,,,
,PSN02596,,,,,,,,,DHARMA,CC0,PSN02596,,,,,,,,,,,,,,,,,,,,,
,PSN02597,,,,,,,,,DHARMA,CC0,PSN02597,,,,,,,,,,,,,,,,,,,,,
,PSN02598,,,,,,,,,DHARMA,CC0,PSN02598,,,,,,,,,,,,,,,,,,,,,
,PSN02599,,,,,,,,,DHARMA,CC0,PSN02599,,,,,,,,,,,,,,,,,,,,,
,PSN02600,,,,,,,,,DHARMA,CC0,PSN02600,,,,,,,,,,,,,,,,,,,,,
,PSN02601,,,,,,,,,DHARMA,CC0,PSN02601,,,,,,,,,,,,,,,,,,,,,
,PSN02602,,,,,,,,,DHARMA,CC0,PSN02602,,,,,,,,,,,,,,,,,,,,,
,PSN02603,,,,,,,,,DHARMA,CC0,PSN02603,,,,,,,,,,,,,,,,,,,,,
,PSN02604,,,,,,,,,DHARMA,CC0,PSN02604,,,,,,,,,,,,,,,,,,,,,
,PSN02605,,,,,,,,,DHARMA,CC0,PSN02605,,,,,,,,,,,,,,,,,,,,,
,PSN02606,,,,,,,,,DHARMA,CC0,PSN02606,,,,,,,,,,,,,,,,,,,,,
,PSN02607,,,,,,,,,DHARMA,CC0,PSN02607,,,,,,,,,,,,,,,,,,,,,
,PSN02608,,,,,,,,,DHARMA,CC0,PSN02608,,,,,,,,,,,,,,,,,,,,,
,PSN02609,,,,,,,,,DHARMA,CC0,PSN02609,,,,,,,,,,,,,,,,,,,,,
,PSN02610,,,,,,,,,DHARMA,CC0,PSN02610,,,,,,,,,,,,,,,,,,,,,
,PSN02611,,,,,,,,,DHARMA,CC0,PSN02611,,,,,,,,,,,,,,,,,,,,,
,PSN02612,,,,,,,,,DHARMA,CC0,PSN02612,,,,,,,,,,,,,,,,,,,,,
,PSN02613,,,,,,,,,DHARMA,CC0,PSN02613,,,,,,,,,,,,,,,,,,,,,
,PSN02614,,,,,,,,,DHARMA,CC0,PSN02614,,,,,,,,,,,,,,,,,,,,,
,PSN02615,,,,,,,,,DHARMA,CC0,PSN02615,,,,,,,,,,,,,,,,,,,,,
,PSN02616,,,,,,,,,DHARMA,CC0,PSN02616,,,,,,,,,,,,,,,,,,,,,
,PSN02617,,,,,,,,,DHARMA,CC0,PSN02617,,,,,,,,,,,,,,,,,,,,,
,PSN02618,,,,,,,,,DHARMA,CC0,PSN02618,,,,,,,,,,,,,,,,,,,,,
,PSN02619,,,,,,,,,DHARMA,CC0,PSN02619,,,,,,,,,,,,,,,,,,,,,
,PSN02620,,,,,,,,,DHARMA,CC0,PSN02620,,,,,,,,,,,,,,,,,,,,,
,PSN02621,,,,,,,,,DHARMA,CC0,PSN02621,,,,,,,,,,,,,,,,,,,,,
,PSN02622,,,,,,,,,DHARMA,CC0,PSN02622,,,,,,,,,,,,,,,,,,,,,
,PSN02623,,,,,,,,,DHARMA,CC0,PSN02623,,,,,,,,,,,,,,,,,,,,,
,PSN02624,,,,,,,,,DHARMA,CC0,PSN02624,,,,,,,,,,,,,,,,,,,,,
,PSN02625,,,,,,,,,DHARMA,CC0,PSN02625,,,,,,,,,,,,,,,,,,,,,
,PSN02626,,,,,,,,,DHARMA,CC0,PSN02626,,,,,,,,,,,,,,,,,,,,,
,PSN02627,,,,,,,,,DHARMA,CC0,PSN02627,,,,,,,,,,,,,,,,,,,,,
,PSN02628,,,,,,,,,DHARMA,CC0,PSN02628,,,,,,,,,,,,,,,,,,,,,
,PSN02629,,,,,,,,,DHARMA,CC0,PSN02629,,,,,,,,,,,,,,,,,,,,,
,PSN02630,,,,,,,,,DHARMA,CC0,PSN02630,,,,,,,,,,,,,,,,,,,,,
,PSN02631,,,,,,,,,DHARMA,CC0,PSN02631,,,,,,,,,,,,,,,,,,,,,
,PSN02632,,,,,,,,,DHARMA,CC0,PSN02632,,,,,,,,,,,,,,,,,,,,,
,PSN02633,,,,,,,,,DHARMA,CC0,PSN02633,,,,,,,,,,,,,,,,,,,,,
,PSN02634,,,,,,,,,DHARMA,CC0,PSN02634,,,,,,,,,,,,,,,,,,,,,
,PSN02635,,,,,,,,,DHARMA,CC0,PSN02635,,,,,,,,,,,,,,,,,,,,,
,PSN02636,,,,,,,,,DHARMA,CC0,PSN02636,,,,,,,,,,,,,,,,,,,,,
,PSN02637,,,,,,,,,DHARMA,CC0,PSN02637,,,,,,,,,,,,,,,,,,,,,
,PSN02638,,,,,,,,,DHARMA,CC0,PSN02638,,,,,,,,,,,,,,,,,,,,,
,PSN02639,,,,,,,,,DHARMA,CC0,PSN02639,,,,,,,,,,,,,,,,,,,,,
,PSN02640,,,,,,,,,DHARMA,CC0,PSN02640,,,,,,,,,,,,,,,,,,,,,
,PSN02641,,,,,,,,,DHARMA,CC0,PSN02641,,,,,,,,,,,,,,,,,,,,,
,PSN02642,,,,,,,,,DHARMA,CC0,PSN02642,,,,,,,,,,,,,,,,,,,,,
,PSN02643,,,,,,,,,DHARMA,CC0,PSN02643,,,,,,,,,,,,,,,,,,,,,
,PSN02644,,,,,,,,,DHARMA,CC0,PSN02644,,,,,,,,,,,,,,,,,,,,,
,PSN02645,,,,,,,,,DHARMA,CC0,PSN02645,,,,,,,,,,,,,,,,,,,,,
,PSN02646,,,,,,,,,DHARMA,CC0,PSN02646,,,,,,,,,,,,,,,,,,,,,
,PSN02647,,,,,,,,,DHARMA,CC0,PSN02647,,,,,,,,,,,,,,,,,,,,,
,PSN02648,,,,,,,,,DHARMA,CC0,PSN02648,,,,,,,,,,,,,,,,,,,,,
,PSN02649,,,,,,,,,DHARMA,CC0,PSN02649,,,,,,,,,,,,,,,,,,,,,
,PSN02650,,,,,,,,,DHARMA,CC0,PSN02650,,,,,,,,,,,,,,,,,,,,,
,PSN02651,,,,,,,,,DHARMA,CC0,PSN02651,,,,,,,,,,,,,,,,,,,,,
,PSN02652,,,,,,,,,DHARMA,CC0,PSN02652,,,,,,,,,,,,,,,,,,,,,
,PSN02653,,,,,,,,,DHARMA,CC0,PSN02653,,,,,,,,,,,,,,,,,,,,,
,PSN02654,,,,,,,,,DHARMA,CC0,PSN02654,,,,,,,,,,,,,,,,,,,,,
,PSN02655,,,,,,,,,DHARMA,CC0,PSN02655,,,,,,,,,,,,,,,,,,,,,
,PSN02656,,,,,,,,,DHARMA,CC0,PSN02656,,,,,,,,,,,,,,,,,,,,,
,PSN02657,,,,,,,,,DHARMA,CC0,PSN02657,,,,,,,,,,,,,,,,,,,,,
,PSN02658,,,,,,,,,DHARMA,CC0,PSN02658,,,,,,,,,,,,,,,,,,,,,
,PSN02659,,,,,,,,,DHARMA,CC0,PSN02659,,,,,,,,,,,,,,,,,,,,,
,PSN02660,,,,,,,,,DHARMA,CC0,PSN02660,,,,,,,,,,,,,,,,,,,,,
,PSN02661,,,,,,,,,DHARMA,CC0,PSN02661,,,,,,,,,,,,,,,,,,,,,
,PSN02662,,,,,,,,,DHARMA,CC0,PSN02662,,,,,,,,,,,,,,,,,,,,,
,PSN02663,,,,,,,,,DHARMA,CC0,PSN02663,,,,,,,,,,,,,,,,,,,,,
,PSN02664,,,,,,,,,DHARMA,CC0,PSN02664,,,,,,,,,,,,,,,,,,,,,
,PSN02665,,,,,,,,,DHARMA,CC0,PSN02665,,,,,,,,,,,,,,,,,,,,,
,PSN02666,,,,,,,,,DHARMA,CC0,PSN02666,,,,,,,,,,,,,,,,,,,,,
,PSN02667,,,,,,,,,DHARMA,CC0,PSN02667,,,,,,,,,,,,,,,,,,,,,
,PSN02668,,,,,,,,,DHARMA,CC0,PSN02668,,,,,,,,,,,,,,,,,,,,,
,PSN02669,,,,,,,,,DHARMA,CC0,PSN02669,,,,,,,,,,,,,,,,,,,,,
,PSN02670,,,,,,,,,DHARMA,CC0,PSN02670,,,,,,,,,,,,,,,,,,,,,
,PSN02671,,,,,,,,,DHARMA,CC0,PSN02671,,,,,,,,,,,,,,,,,,,,,
,PSN02672,,,,,,,,,DHARMA,CC0,PSN02672,,,,,,,,,,,,,,,,,,,,,
,PSN02673,,,,,,,,,DHARMA,CC0,PSN02673,,,,,,,,,,,,,,,,,,,,,
,PSN02674,,,,,,,,,DHARMA,CC0,PSN02674,,,,,,,,,,,,,,,,,,,,,
,PSN02675,,,,,,,,,DHARMA,CC0,PSN02675,,,,,,,,,,,,,,,,,,,,,
,PSN02676,,,,,,,,,DHARMA,CC0,PSN02676,,,,,,,,,,,,,,,,,,,,,
,PSN02677,,,,,,,,,DHARMA,CC0,PSN02677,,,,,,,,,,,,,,,,,,,,,
,PSN02678,,,,,,,,,DHARMA,CC0,PSN02678,,,,,,,,,,,,,,,,,,,,,
,PSN02679,,,,,,,,,DHARMA,CC0,PSN02679,,,,,,,,,,,,,,,,,,,,,
,PSN02680,,,,,,,,,DHARMA,CC0,PSN02680,,,,,,,,,,,,,,,,,,,,,
,PSN02681,,,,,,,,,DHARMA,CC0,PSN02681,,,,,,,,,,,,,,,,,,,,,
,PSN02682,,,,,,,,,DHARMA,CC0,PSN02682,,,,,,,,,,,,,,,,,,,,,
,PSN02683,,,,,,,,,DHARMA,CC0,PSN02683,,,,,,,,,,,,,,,,,,,,,
,PSN02684,,,,,,,,,DHARMA,CC0,PSN02684,,,,,,,,,,,,,,,,,,,,,
,PSN02685,,,,,,,,,DHARMA,CC0,PSN02685,,,,,,,,,,,,,,,,,,,,,
,PSN02686,,,,,,,,,DHARMA,CC0,PSN02686,,,,,,,,,,,,,,,,,,,,,
,PSN02687,,,,,,,,,DHARMA,CC0,PSN02687,,,,,,,,,,,,,,,,,,,,,
,PSN02688,,,,,,,,,DHARMA,CC0,PSN02688,,,,,,,,,,,,,,,,,,,,,
,PSN02689,,,,,,,,,DHARMA,CC0,PSN02689,,,,,,,,,,,,,,,,,,,,,
,PSN02690,,,,,,,,,DHARMA,CC0,PSN02690,,,,,,,,,,,,,,,,,,,,,
,PSN02691,,,,,,,,,DHARMA,CC0,PSN02691,,,,,,,,,,,,,,,,,,,,,
,PSN02692,,,,,,,,,DHARMA,CC0,PSN02692,,,,,,,,,,,,,,,,,,,,,
,PSN02693,,,,,,,,,DHARMA,CC0,PSN02693,,,,,,,,,,,,,,,,,,,,,
,PSN02694,,,,,,,,,DHARMA,CC0,PSN02694,,,,,,,,,,,,,,,,,,,,,
,PSN02695,,,,,,,,,DHARMA,CC0,PSN02695,,,,,,,,,,,,,,,,,,,,,
,PSN02696,,,,,,,,,DHARMA,CC0,PSN02696,,,,,,,,,,,,,,,,,,,,,
,PSN02697,,,,,,,,,DHARMA,CC0,PSN02697,,,,,,,,,,,,,,,,,,,,,
,PSN02698,,,,,,,,,DHARMA,CC0,PSN02698,,,,,,,,,,,,,,,,,,,,,
,PSN02699,,,,,,,,,DHARMA,CC0,PSN02699,,,,,,,,,,,,,,,,,,,,,
,PSN02700,,,,,,,,,DHARMA,CC0,PSN02700,,,,,,,,,,,,,,,,,,,,,
,PSN02701,,,,,,,,,DHARMA,CC0,PSN02701,,,,,,,,,,,,,,,,,,,,,
,PSN02702,,,,,,,,,DHARMA,CC0,PSN02702,,,,,,,,,,,,,,,,,,,,,
,PSN02703,,,,,,,,,DHARMA,CC0,PSN02703,,,,,,,,,,,,,,,,,,,,,
,PSN02704,,,,,,,,,DHARMA,CC0,PSN02704,,,,,,,,,,,,,,,,,,,,,
,PSN02705,,,,,,,,,DHARMA,CC0,PSN02705,,,,,,,,,,,,,,,,,,,,,
,PSN02706,,,,,,,,,DHARMA,CC0,PSN02706,,,,,,,,,,,,,,,,,,,,,
,PSN02707,,,,,,,,,DHARMA,CC0,PSN02707,,,,,,,,,,,,,,,,,,,,,
,PSN02708,,,,,,,,,DHARMA,CC0,PSN02708,,,,,,,,,,,,,,,,,,,,,
,PSN02709,,,,,,,,,DHARMA,CC0,PSN02709,,,,,,,,,,,,,,,,,,,,,
,PSN02710,,,,,,,,,DHARMA,CC0,PSN02710,,,,,,,,,,,,,,,,,,,,,
,PSN02711,,,,,,,,,DHARMA,CC0,PSN02711,,,,,,,,,,,,,,,,,,,,,
,PSN02712,,,,,,,,,DHARMA,CC0,PSN02712,,,,,,,,,,,,,,,,,,,,,
,PSN02713,,,,,,,,,DHARMA,CC0,PSN02713,,,,,,,,,,,,,,,,,,,,,
,PSN02714,,,,,,,,,DHARMA,CC0,PSN02714,,,,,,,,,,,,,,,,,,,,,
,PSN02715,,,,,,,,,DHARMA,CC0,PSN02715,,,,,,,,,,,,,,,,,,,,,
,PSN02716,,,,,,,,,DHARMA,CC0,PSN02716,,,,,,,,,,,,,,,,,,,,,
,PSN02717,,,,,,,,,DHARMA,CC0,PSN02717,,,,,,,,,,,,,,,,,,,,,
,PSN02718,,,,,,,,,DHARMA,CC0,PSN02718,,,,,,,,,,,,,,,,,,,,,
,PSN02719,,,,,,,,,DHARMA,CC0,PSN02719,,,,,,,,,,,,,,,,,,,,,
,PSN02720,,,,,,,,,DHARMA,CC0,PSN02720,,,,,,,,,,,,,,,,,,,,,
,PSN02721,,,,,,,,,DHARMA,CC0,PSN02721,,,,,,,,,,,,,,,,,,,,,
,PSN02722,,,,,,,,,DHARMA,CC0,PSN02722,,,,,,,,,,,,,,,,,,,,,
,PSN02723,,,,,,,,,DHARMA,CC0,PSN02723,,,,,,,,,,,,,,,,,,,,,
,PSN02724,,,,,,,,,DHARMA,CC0,PSN02724,,,,,,,,,,,,,,,,,,,,,
,PSN02725,,,,,,,,,DHARMA,CC0,PSN02725,,,,,,,,,,,,,,,,,,,,,
,PSN02726,,,,,,,,,DHARMA,CC0,PSN02726,,,,,,,,,,,,,,,,,,,,,
,PSN02727,,,,,,,,,DHARMA,CC0,PSN02727,,,,,,,,,,,,,,,,,,,,,
,PSN02728,,,,,,,,,DHARMA,CC0,PSN02728,,,,,,,,,,,,,,,,,,,,,
,PSN02729,,,,,,,,,DHARMA,CC0,PSN02729,,,,,,,,,,,,,,,,,,,,,
,PSN02730,,,,,,,,,DHARMA,CC0,PSN02730,,,,,,,,,,,,,,,,,,,,,
,PSN02731,,,,,,,,,DHARMA,CC0,PSN02731,,,,,,,,,,,,,,,,,,,,,
,PSN02732,,,,,,,,,DHARMA,CC0,PSN02732,,,,,,,,,,,,,,,,,,,,,
,PSN02733,,,,,,,,,DHARMA,CC0,PSN02733,,,,,,,,,,,,,,,,,,,,,
,PSN02734,,,,,,,,,DHARMA,CC0,PSN02734,,,,,,,,,,,,,,,,,,,,,
,PSN02735,,,,,,,,,DHARMA,CC0,PSN02735,,,,,,,,,,,,,,,,,,,,,
,PSN02736,,,,,,,,,DHARMA,CC0,PSN02736,,,,,,,,,,,,,,,,,,,,,
,PSN02737,,,,,,,,,DHARMA,CC0,PSN02737,,,,,,,,,,,,,,,,,,,,,
,PSN02738,,,,,,,,,DHARMA,CC0,PSN02738,,,,,,,,,,,,,,,,,,,,,
,PSN02739,,,,,,,,,DHARMA,CC0,PSN02739,,,,,,,,,,,,,,,,,,,,,
,PSN02740,,,,,,,,,DHARMA,CC0,PSN02740,,,,,,,,,,,,,,,,,,,,,
,PSN02741,,,,,,,,,DHARMA,CC0,PSN02741,,,,,,,,,,,,,,,,,,,,,
,PSN02742,,,,,,,,,DHARMA,CC0,PSN02742,,,,,,,,,,,,,,,,,,,,,
,PSN02743,,,,,,,,,DHARMA,CC0,PSN02743,,,,,,,,,,,,,,,,,,,,,
,PSN02744,,,,,,,,,DHARMA,CC0,PSN02744,,,,,,,,,,,,,,,,,,,,,
,PSN02745,,,,,,,,,DHARMA,CC0,PSN02745,,,,,,,,,,,,,,,,,,,,,
,PSN02746,,,,,,,,,DHARMA,CC0,PSN02746,,,,,,,,,,,,,,,,,,,,,
,PSN02747,,,,,,,,,DHARMA,CC0,PSN02747,,,,,,,,,,,,,,,,,,,,,
,PSN02748,,,,,,,,,DHARMA,CC0,PSN02748,,,,,,,,,,,,,,,,,,,,,
,PSN02749,,,,,,,,,DHARMA,CC0,PSN02749,,,,,,,,,,,,,,,,,,,,,
,PSN02750,,,,,,,,,DHARMA,CC0,PSN02750,,,,,,,,,,,,,,,,,,,,,
,PSN02751,,,,,,,,,DHARMA,CC0,PSN02751,,,,,,,,,,,,,,,,,,,,,
,PSN02752,,,,,,,,,DHARMA,CC0,PSN02752,,,,,,,,,,,,,,,,,,,,,
,PSN02753,,,,,,,,,DHARMA,CC0,PSN02753,,,,,,,,,,,,,,,,,,,,,
,PSN02754,,,,,,,,,DHARMA,CC0,PSN02754,,,,,,,,,,,,,,,,,,,,,
,PSN02755,,,,,,,,,DHARMA,CC0,PSN02755,,,,,,,,,,,,,,,,,,,,,
,PSN02756,,,,,,,,,DHARMA,CC0,PSN02756,,,,,,,,,,,,,,,,,,,,,
,PSN02757,,,,,,,,,DHARMA,CC0,PSN02757,,,,,,,,,,,,,,,,,,,,,
,PSN02758,,,,,,,,,DHARMA,CC0,PSN02758,,,,,,,,,,,,,,,,,,,,,
,PSN02759,,,,,,,,,DHARMA,CC0,PSN02759,,,,,,,,,,,,,,,,,,,,,
,PSN02760,,,,,,,,,DHARMA,CC0,PSN02760,,,,,,,,,,,,,,,,,,,,,
,PSN02761,,,,,,,,,DHARMA,CC0,PSN02761,,,,,,,,,,,,,,,,,,,,,
,PSN02762,,,,,,,,,DHARMA,CC0,PSN02762,,,,,,,,,,,,,,,,,,,,,
,PSN02763,,,,,,,,,DHARMA,CC0,PSN02763,,,,,,,,,,,,,,,,,,,,,
,PSN02764,,,,,,,,,DHARMA,CC0,PSN02764,,,,,,,,,,,,,,,,,,,,,
,PSN02765,,,,,,,,,DHARMA,CC0,PSN02765,,,,,,,,,,,,,,,,,,,,,
,PSN02766,,,,,,,,,DHARMA,CC0,PSN02766,,,,,,,,,,,,,,,,,,,,,
,PSN02767,,,,,,,,,DHARMA,CC0,PSN02767,,,,,,,,,,,,,,,,,,,,,
,PSN02768,,,,,,,,,DHARMA,CC0,PSN02768,,,,,,,,,,,,,,,,,,,,,
,PSN02769,,,,,,,,,DHARMA,CC0,PSN02769,,,,,,,,,,,,,,,,,,,,,
,PSN02770,,,,,,,,,DHARMA,CC0,PSN02770,,,,,,,,,,,,,,,,,,,,,
,PSN02771,,,,,,,,,DHARMA,CC0,PSN02771,,,,,,,,,,,,,,,,,,,,,
,PSN02772,,,,,,,,,DHARMA,CC0,PSN02772,,,,,,,,,,,,,,,,,,,,,
,PSN02773,,,,,,,,,DHARMA,CC0,PSN02773,,,,,,,,,,,,,,,,,,,,,
,PSN02774,,,,,,,,,DHARMA,CC0,PSN02774,,,,,,,,,,,,,,,,,,,,,
,PSN02775,,,,,,,,,DHARMA,CC0,PSN02775,,,,,,,,,,,,,,,,,,,,,
,PSN02776,,,,,,,,,DHARMA,CC0,PSN02776,,,,,,,,,,,,,,,,,,,,,
,PSN02777,,,,,,,,,DHARMA,CC0,PSN02777,,,,,,,,,,,,,,,,,,,,,
,PSN02778,,,,,,,,,DHARMA,CC0,PSN02778,,,,,,,,,,,,,,,,,,,,,
,PSN02779,,,,,,,,,DHARMA,CC0,PSN02779,,,,,,,,,,,,,,,,,,,,,
,PSN02780,,,,,,,,,DHARMA,CC0,PSN02780,,,,,,,,,,,,,,,,,,,,,
,PSN02781,,,,,,,,,DHARMA,CC0,PSN02781,,,,,,,,,,,,,,,,,,,,,
,PSN02782,,,,,,,,,DHARMA,CC0,PSN02782,,,,,,,,,,,,,,,,,,,,,
,PSN02783,,,,,,,,,DHARMA,CC0,PSN02783,,,,,,,,,,,,,,,,,,,,,
,PSN02784,,,,,,,,,DHARMA,CC0,PSN02784,,,,,,,,,,,,,,,,,,,,,
,PSN02785,,,,,,,,,DHARMA,CC0,PSN02785,,,,,,,,,,,,,,,,,,,,,
,PSN02786,,,,,,,,,DHARMA,CC0,PSN02786,,,,,,,,,,,,,,,,,,,,,
,PSN02787,,,,,,,,,DHARMA,CC0,PSN02787,,,,,,,,,,,,,,,,,,,,,
,PSN02788,,,,,,,,,DHARMA,CC0,PSN02788,,,,,,,,,,,,,,,,,,,,,
,PSN02789,,,,,,,,,DHARMA,CC0,PSN02789,,,,,,,,,,,,,,,,,,,,,
,PSN02790,,,,,,,,,DHARMA,CC0,PSN02790,,,,,,,,,,,,,,,,,,,,,
,PSN02791,,,,,,,,,DHARMA,CC0,PSN02791,,,,,,,,,,,,,,,,,,,,,
,PSN02792,,,,,,,,,DHARMA,CC0,PSN02792,,,,,,,,,,,,,,,,,,,,,
,PSN02793,,,,,,,,,DHARMA,CC0,PSN02793,,,,,,,,,,,,,,,,,,,,,
,PSN02794,,,,,,,,,DHARMA,CC0,PSN02794,,,,,,,,,,,,,,,,,,,,,
,PSN02795,,,,,,,,,DHARMA,CC0,PSN02795,,,,,,,,,,,,,,,,,,,,,
,PSN02796,,,,,,,,,DHARMA,CC0,PSN02796,,,,,,,,,,,,,,,,,,,,,
,PSN02797,,,,,,,,,DHARMA,CC0,PSN02797,,,,,,,,,,,,,,,,,,,,,
,PSN02798,,,,,,,,,DHARMA,CC0,PSN02798,,,,,,,,,,,,,,,,,,,,,
,PSN02799,,,,,,,,,DHARMA,CC0,PSN02799,,,,,,,,,,,,,,,,,,,,,
,PSN02800,,,,,,,,,DHARMA,CC0,PSN02800,,,,,,,,,,,,,,,,,,,,,
,PSN02801,,,,,,,,,DHARMA,CC0,PSN02801,,,,,,,,,,,,,,,,,,,,,
,PSN02802,,,,,,,,,DHARMA,CC0,PSN02802,,,,,,,,,,,,,,,,,,,,,
,PSN02803,,,,,,,,,DHARMA,CC0,PSN02803,,,,,,,,,,,,,,,,,,,,,
,PSN02804,,,,,,,,,DHARMA,CC0,PSN02804,,,,,,,,,,,,,,,,,,,,,
,PSN02805,,,,,,,,,DHARMA,CC0,PSN02805,,,,,,,,,,,,,,,,,,,,,
,PSN02806,,,,,,,,,DHARMA,CC0,PSN02806,,,,,,,,,,,,,,,,,,,,,
,PSN02807,,,,,,,,,DHARMA,CC0,PSN02807,,,,,,,,,,,,,,,,,,,,,
,PSN02808,,,,,,,,,DHARMA,CC0,PSN02808,,,,,,,,,,,,,,,,,,,,,
,PSN02809,,,,,,,,,DHARMA,CC0,PSN02809,,,,,,,,,,,,,,,,,,,,,
,PSN02810,,,,,,,,,DHARMA,CC0,PSN02810,,,,,,,,,,,,,,,,,,,,,
,PSN02811,,,,,,,,,DHARMA,CC0,PSN02811,,,,,,,,,,,,,,,,,,,,,
,PSN02812,,,,,,,,,DHARMA,CC0,PSN02812,,,,,,,,,,,,,,,,,,,,,
,PSN02813,,,,,,,,,DHARMA,CC0,PSN02813,,,,,,,,,,,,,,,,,,,,,
,PSN02814,,,,,,,,,DHARMA,CC0,PSN02814,,,,,,,,,,,,,,,,,,,,,
,PSN02815,,,,,,,,,DHARMA,CC0,PSN02815,,,,,,,,,,,,,,,,,,,,,
,PSN02816,,,,,,,,,DHARMA,CC0,PSN02816,,,,,,,,,,,,,,,,,,,,,
,PSN02817,,,,,,,,,DHARMA,CC0,PSN02817,,,,,,,,,,,,,,,,,,,,,
,PSN02818,,,,,,,,,DHARMA,CC0,PSN02818,,,,,,,,,,,,,,,,,,,,,
,PSN02819,,,,,,,,,DHARMA,CC0,PSN02819,,,,,,,,,,,,,,,,,,,,,
,PSN02820,,,,,,,,,DHARMA,CC0,PSN02820,,,,,,,,,,,,,,,,,,,,,
,PSN02821,,,,,,,,,DHARMA,CC0,PSN02821,,,,,,,,,,,,,,,,,,,,,
,PSN02822,,,,,,,,,DHARMA,CC0,PSN02822,,,,,,,,,,,,,,,,,,,,,
,PSN02823,,,,,,,,,DHARMA,CC0,PSN02823,,,,,,,,,,,,,,,,,,,,,
,PSN02824,,,,,,,,,DHARMA,CC0,PSN02824,,,,,,,,,,,,,,,,,,,,,
,PSN02825,,,,,,,,,DHARMA,CC0,PSN02825,,,,,,,,,,,,,,,,,,,,,
,PSN02826,,,,,,,,,DHARMA,CC0,PSN02826,,,,,,,,,,,,,,,,,,,,,
,PSN02827,,,,,,,,,DHARMA,CC0,PSN02827,,,,,,,,,,,,,,,,,,,,,
,PSN02828,,,,,,,,,DHARMA,CC0,PSN02828,,,,,,,,,,,,,,,,,,,,,
,PSN02829,,,,,,,,,DHARMA,CC0,PSN02829,,,,,,,,,,,,,,,,,,,,,
,PSN02830,,,,,,,,,DHARMA,CC0,PSN02830,,,,,,,,,,,,,,,,,,,,,
,PSN02831,,,,,,,,,DHARMA,CC0,PSN02831,,,,,,,,,,,,,,,,,,,,,
,PSN02832,,,,,,,,,DHARMA,CC0,PSN02832,,,,,,,,,,,,,,,,,,,,,
,PSN02833,,,,,,,,,DHARMA,CC0,PSN02833,,,,,,,,,,,,,,,,,,,,,
,PSN02834,,,,,,,,,DHARMA,CC0,PSN02834,,,,,,,,,,,,,,,,,,,,,
,PSN02835,,,,,,,,,DHARMA,CC0,PSN02835,,,,,,,,,,,,,,,,,,,,,
,PSN02836,,,,,,,,,DHARMA,CC0,PSN02836,,,,,,,,,,,,,,,,,,,,,
,PSN02837,,,,,,,,,DHARMA,CC0,PSN02837,,,,,,,,,,,,,,,,,,,,,
,PSN02838,,,,,,,,,DHARMA,CC0,PSN02838,,,,,,,,,,,,,,,,,,,,,
,PSN02839,,,,,,,,,DHARMA,CC0,PSN02839,,,,,,,,,,,,,,,,,,,,,
,PSN02840,,,,,,,,,DHARMA,CC0,PSN02840,,,,,,,,,,,,,,,,,,,,,
,PSN02841,,,,,,,,,DHARMA,CC0,PSN02841,,,,,,,,,,,,,,,,,,,,,
,PSN02842,,,,,,,,,DHARMA,CC0,PSN02842,,,,,,,,,,,,,,,,,,,,,
,PSN02843,,,,,,,,,DHARMA,CC0,PSN02843,,,,,,,,,,,,,,,,,,,,,
,PSN02844,,,,,,,,,DHARMA,CC0,PSN02844,,,,,,,,,,,,,,,,,,,,,
,PSN02845,,,,,,,,,DHARMA,CC0,PSN02845,,,,,,,,,,,,,,,,,,,,,
,PSN02846,,,,,,,,,DHARMA,CC0,PSN02846,,,,,,,,,,,,,,,,,,,,,
,PSN02847,,,,,,,,,DHARMA,CC0,PSN02847,,,,,,,,,,,,,,,,,,,,,
,PSN02848,,,,,,,,,DHARMA,CC0,PSN02848,,,,,,,,,,,,,,,,,,,,,
,PSN02849,,,,,,,,,DHARMA,CC0,PSN02849,,,,,,,,,,,,,,,,,,,,,
,PSN02850,,,,,,,,,DHARMA,CC0,PSN02850,,,,,,,,,,,,,,,,,,,,,
,PSN02851,,,,,,,,,DHARMA,CC0,PSN02851,,,,,,,,,,,,,,,,,,,,,
,PSN02852,,,,,,,,,DHARMA,CC0,PSN02852,,,,,,,,,,,,,,,,,,,,,
,PSN02853,,,,,,,,,DHARMA,CC0,PSN02853,,,,,,,,,,,,,,,,,,,,,
,PSN02854,,,,,,,,,DHARMA,CC0,PSN02854,,,,,,,,,,,,,,,,,,,,,
,PSN02855,,,,,,,,,DHARMA,CC0,PSN02855,,,,,,,,,,,,,,,,,,,,,
,PSN02856,,,,,,,,,DHARMA,CC0,PSN02856,,,,,,,,,,,,,,,,,,,,,
,PSN02857,,,,,,,,,DHARMA,CC0,PSN02857,,,,,,,,,,,,,,,,,,,,,
,PSN02858,,,,,,,,,DHARMA,CC0,PSN02858,,,,,,,,,,,,,,,,,,,,,
,PSN02859,,,,,,,,,DHARMA,CC0,PSN02859,,,,,,,,,,,,,,,,,,,,,
,PSN02860,,,,,,,,,DHARMA,CC0,PSN02860,,,,,,,,,,,,,,,,,,,,,
,PSN02861,,,,,,,,,DHARMA,CC0,PSN02861,,,,,,,,,,,,,,,,,,,,,
,PSN02862,,,,,,,,,DHARMA,CC0,PSN02862,,,,,,,,,,,,,,,,,,,,,
,PSN02863,,,,,,,,,DHARMA,CC0,PSN02863,,,,,,,,,,,,,,,,,,,,,
,PSN02864,,,,,,,,,DHARMA,CC0,PSN02864,,,,,,,,,,,,,,,,,,,,,
,PSN02865,,,,,,,,,DHARMA,CC0,PSN02865,,,,,,,,,,,,,,,,,,,,,
,PSN02866,,,,,,,,,DHARMA,CC0,PSN02866,,,,,,,,,,,,,,,,,,,,,
,PSN02867,,,,,,,,,DHARMA,CC0,PSN02867,,,,,,,,,,,,,,,,,,,,,
,PSN02868,,,,,,,,,DHARMA,CC0,PSN02868,,,,,,,,,,,,,,,,,,,,,
,PSN02869,,,,,,,,,DHARMA,CC0,PSN02869,,,,,,,,,,,,,,,,,,,,,
,PSN02870,,,,,,,,,DHARMA,CC0,PSN02870,,,,,,,,,,,,,,,,,,,,,
,PSN02871,,,,,,,,,DHARMA,CC0,PSN02871,,,,,,,,,,,,,,,,,,,,,
,PSN02872,,,,,,,,,DHARMA,CC0,PSN02872,,,,,,,,,,,,,,,,,,,,,
,PSN02873,,,,,,,,,DHARMA,CC0,PSN02873,,,,,,,,,,,,,,,,,,,,,
,PSN02874,,,,,,,,,DHARMA,CC0,PSN02874,,,,,,,,,,,,,,,,,,,,,
,PSN02875,,,,,,,,,DHARMA,CC0,PSN02875,,,,,,,,,,,,,,,,,,,,,
,PSN02876,,,,,,,,,DHARMA,CC0,PSN02876,,,,,,,,,,,,,,,,,,,,,
,PSN02877,,,,,,,,,DHARMA,CC0,PSN02877,,,,,,,,,,,,,,,,,,,,,
,PSN02878,,,,,,,,,DHARMA,CC0,PSN02878,,,,,,,,,,,,,,,,,,,,,
,PSN02879,,,,,,,,,DHARMA,CC0,PSN02879,,,,,,,,,,,,,,,,,,,,,
,PSN02880,,,,,,,,,DHARMA,CC0,PSN02880,,,,,,,,,,,,,,,,,,,,,
,PSN02881,,,,,,,,,DHARMA,CC0,PSN02881,,,,,,,,,,,,,,,,,,,,,
,PSN02882,,,,,,,,,DHARMA,CC0,PSN02882,,,,,,,,,,,,,,,,,,,,,
,PSN02883,,,,,,,,,DHARMA,CC0,PSN02883,,,,,,,,,,,,,,,,,,,,,
,PSN02884,,,,,,,,,DHARMA,CC0,PSN02884,,,,,,,,,,,,,,,,,,,,,
,PSN02885,,,,,,,,,DHARMA,CC0,PSN02885,,,,,,,,,,,,,,,,,,,,,
,PSN02886,,,,,,,,,DHARMA,CC0,PSN02886,,,,,,,,,,,,,,,,,,,,,
,PSN02887,,,,,,,,,DHARMA,CC0,PSN02887,,,,,,,,,,,,,,,,,,,,,
,PSN02888,,,,,,,,,DHARMA,CC0,PSN02888,,,,,,,,,,,,,,,,,,,,,
,PSN02889,,,,,,,,,DHARMA,CC0,PSN02889,,,,,,,,,,,,,,,,,,,,,
,PSN02890,,,,,,,,,DHARMA,CC0,PSN02890,,,,,,,,,,,,,,,,,,,,,
,PSN02891,,,,,,,,,DHARMA,CC0,PSN02891,,,,,,,,,,,,,,,,,,,,,
,PSN02892,,,,,,,,,DHARMA,CC0,PSN02892,,,,,,,,,,,,,,,,,,,,,
,PSN02893,,,,,,,,,DHARMA,CC0,PSN02893,,,,,,,,,,,,,,,,,,,,,
,PSN02894,,,,,,,,,DHARMA,CC0,PSN02894,,,,,,,,,,,,,,,,,,,,,
,PSN02895,,,,,,,,,DHARMA,CC0,PSN02895,,,,,,,,,,,,,,,,,,,,,
,PSN02896,,,,,,,,,DHARMA,CC0,PSN02896,,,,,,,,,,,,,,,,,,,,,
,PSN02897,,,,,,,,,DHARMA,CC0,PSN02897,,,,,,,,,,,,,,,,,,,,,
,PSN02898,,,,,,,,,DHARMA,CC0,PSN02898,,,,,,,,,,,,,,,,,,,,,
,PSN02899,,,,,,,,,DHARMA,CC0,PSN02899,,,,,,,,,,,,,,,,,,,,,
,PSN02900,,,,,,,,,DHARMA,CC0,PSN02900,,,,,,,,,,,,,,,,,,,,,
,PSN02901,,,,,,,,,DHARMA,CC0,PSN02901,,,,,,,,,,,,,,,,,,,,,
,PSN02902,,,,,,,,,DHARMA,CC0,PSN02902,,,,,,,,,,,,,,,,,,,,,
,PSN02903,,,,,,,,,DHARMA,CC0,PSN02903,,,,,,,,,,,,,,,,,,,,,
,PSN02904,,,,,,,,,DHARMA,CC0,PSN02904,,,,,,,,,,,,,,,,,,,,,
,PSN02905,,,,,,,,,DHARMA,CC0,PSN02905,,,,,,,,,,,,,,,,,,,,,
,PSN02906,,,,,,,,,DHARMA,CC0,PSN02906,,,,,,,,,,,,,,,,,,,,,
,PSN02907,,,,,,,,,DHARMA,CC0,PSN02907,,,,,,,,,,,,,,,,,,,,,
,PSN02908,,,,,,,,,DHARMA,CC0,PSN02908,,,,,,,,,,,,,,,,,,,,,
,PSN02909,,,,,,,,,DHARMA,CC0,PSN02909,,,,,,,,,,,,,,,,,,,,,
,PSN02910,,,,,,,,,DHARMA,CC0,PSN02910,,,,,,,,,,,,,,,,,,,,,
,PSN02911,,,,,,,,,DHARMA,CC0,PSN02911,,,,,,,,,,,,,,,,,,,,,
,PSN02912,,,,,,,,,DHARMA,CC0,PSN02912,,,,,,,,,,,,,,,,,,,,,
,PSN02913,,,,,,,,,DHARMA,CC0,PSN02913,,,,,,,,,,,,,,,,,,,,,
,PSN02914,,,,,,,,,DHARMA,CC0,PSN02914,,,,,,,,,,,,,,,,,,,,,
,PSN02915,,,,,,,,,DHARMA,CC0,PSN02915,,,,,,,,,,,,,,,,,,,,,
,PSN02916,,,,,,,,,DHARMA,CC0,PSN02916,,,,,,,,,,,,,,,,,,,,,
,PSN02917,,,,,,,,,DHARMA,CC0,PSN02917,,,,,,,,,,,,,,,,,,,,,
,PSN02918,,,,,,,,,DHARMA,CC0,PSN02918,,,,,,,,,,,,,,,,,,,,,
,PSN02919,,,,,,,,,DHARMA,CC0,PSN02919,,,,,,,,,,,,,,,,,,,,,
,PSN02920,,,,,,,,,DHARMA,CC0,PSN02920,,,,,,,,,,,,,,,,,,,,,
,PSN02921,,,,,,,,,DHARMA,CC0,PSN02921,,,,,,,,,,,,,,,,,,,,,
,PSN02922,,,,,,,,,DHARMA,CC0,PSN02922,,,,,,,,,,,,,,,,,,,,,
,PSN02923,,,,,,,,,DHARMA,CC0,PSN02923,,,,,,,,,,,,,,,,,,,,,
,PSN02924,,,,,,,,,DHARMA,CC0,PSN02924,,,,,,,,,,,,,,,,,,,,,
,PSN02925,,,,,,,,,DHARMA,CC0,PSN02925,,,,,,,,,,,,,,,,,,,,,
,PSN02926,,,,,,,,,DHARMA,CC0,PSN02926,,,,,,,,,,,,,,,,,,,,,
,PSN02927,,,,,,,,,DHARMA,CC0,PSN02927,,,,,,,,,,,,,,,,,,,,,
,PSN02928,,,,,,,,,DHARMA,CC0,PSN02928,,,,,,,,,,,,,,,,,,,,,
,PSN02929,,,,,,,,,DHARMA,CC0,PSN02929,,,,,,,,,,,,,,,,,,,,,
,PSN02930,,,,,,,,,DHARMA,CC0,PSN02930,,,,,,,,,,,,,,,,,,,,,
,PSN02931,,,,,,,,,DHARMA,CC0,PSN02931,,,,,,,,,,,,,,,,,,,,,
,PSN02932,,,,,,,,,DHARMA,CC0,PSN02932,,,,,,,,,,,,,,,,,,,,,
,PSN02933,,,,,,,,,DHARMA,CC0,PSN02933,,,,,,,,,,,,,,,,,,,,,
,PSN02934,,,,,,,,,DHARMA,CC0,PSN02934,,,,,,,,,,,,,,,,,,,,,
,PSN02935,,,,,,,,,DHARMA,CC0,PSN02935,,,,,,,,,,,,,,,,,,,,,
,PSN02936,,,,,,,,,DHARMA,CC0,PSN02936,,,,,,,,,,,,,,,,,,,,,
,PSN02937,,,,,,,,,DHARMA,CC0,PSN02937,,,,,,,,,,,,,,,,,,,,,
,PSN02938,,,,,,,,,DHARMA,CC0,PSN02938,,,,,,,,,,,,,,,,,,,,,
,PSN02939,,,,,,,,,DHARMA,CC0,PSN02939,,,,,,,,,,,,,,,,,,,,,
,PSN02940,,,,,,,,,DHARMA,CC0,PSN02940,,,,,,,,,,,,,,,,,,,,,
,PSN02941,,,,,,,,,DHARMA,CC0,PSN02941,,,,,,,,,,,,,,,,,,,,,
,PSN02942,,,,,,,,,DHARMA,CC0,PSN02942,,,,,,,,,,,,,,,,,,,,,
,PSN02943,,,,,,,,,DHARMA,CC0,PSN02943,,,,,,,,,,,,,,,,,,,,,
,PSN02944,,,,,,,,,DHARMA,CC0,PSN02944,,,,,,,,,,,,,,,,,,,,,
,PSN02945,,,,,,,,,DHARMA,CC0,PSN02945,,,,,,,,,,,,,,,,,,,,,
,PSN02946,,,,,,,,,DHARMA,CC0,PSN02946,,,,,,,,,,,,,,,,,,,,,
,PSN02947,,,,,,,,,DHARMA,CC0,PSN02947,,,,,,,,,,,,,,,,,,,,,
,PSN02948,,,,,,,,,DHARMA,CC0,PSN02948,,,,,,,,,,,,,,,,,,,,,
,PSN02949,,,,,,,,,DHARMA,CC0,PSN02949,,,,,,,,,,,,,,,,,,,,,
,PSN02950,,,,,,,,,DHARMA,CC0,PSN02950,,,,,,,,,,,,,,,,,,,,,
,PSN02951,,,,,,,,,DHARMA,CC0,PSN02951,,,,,,,,,,,,,,,,,,,,,
,PSN02952,,,,,,,,,DHARMA,CC0,PSN02952,,,,,,,,,,,,,,,,,,,,,
,PSN02953,,,,,,,,,DHARMA,CC0,PSN02953,,,,,,,,,,,,,,,,,,,,,
,PSN02954,,,,,,,,,DHARMA,CC0,PSN02954,,,,,,,,,,,,,,,,,,,,,
,PSN02955,,,,,,,,,DHARMA,CC0,PSN02955,,,,,,,,,,,,,,,,,,,,,
,PSN02956,,,,,,,,,DHARMA,CC0,PSN02956,,,,,,,,,,,,,,,,,,,,,
,PSN02957,,,,,,,,,DHARMA,CC0,PSN02957,,,,,,,,,,,,,,,,,,,,,
,PSN02958,,,,,,,,,DHARMA,CC0,PSN02958,,,,,,,,,,,,,,,,,,,,,
,PSN02959,,,,,,,,,DHARMA,CC0,PSN02959,,,,,,,,,,,,,,,,,,,,,
,PSN02960,,,,,,,,,DHARMA,CC0,PSN02960,,,,,,,,,,,,,,,,,,,,,
,PSN02961,,,,,,,,,DHARMA,CC0,PSN02961,,,,,,,,,,,,,,,,,,,,,
,PSN02962,,,,,,,,,DHARMA,CC0,PSN02962,,,,,,,,,,,,,,,,,,,,,
,PSN02963,,,,,,,,,DHARMA,CC0,PSN02963,,,,,,,,,,,,,,,,,,,,,
,PSN02964,,,,,,,,,DHARMA,CC0,PSN02964,,,,,,,,,,,,,,,,,,,,,
,PSN02965,,,,,,,,,DHARMA,CC0,PSN02965,,,,,,,,,,,,,,,,,,,,,
,PSN02966,,,,,,,,,DHARMA,CC0,PSN02966,,,,,,,,,,,,,,,,,,,,,
,PSN02967,,,,,,,,,DHARMA,CC0,PSN02967,,,,,,,,,,,,,,,,,,,,,
,PSN02968,,,,,,,,,DHARMA,CC0,PSN02968,,,,,,,,,,,,,,,,,,,,,
,PSN02969,,,,,,,,,DHARMA,CC0,PSN02969,,,,,,,,,,,,,,,,,,,,,
,PSN02970,,,,,,,,,DHARMA,CC0,PSN02970,,,,,,,,,,,,,,,,,,,,,
,PSN02971,,,,,,,,,DHARMA,CC0,PSN02971,,,,,,,,,,,,,,,,,,,,,
,PSN02972,,,,,,,,,DHARMA,CC0,PSN02972,,,,,,,,,,,,,,,,,,,,,
,PSN02973,,,,,,,,,DHARMA,CC0,PSN02973,,,,,,,,,,,,,,,,,,,,,
,PSN02974,,,,,,,,,DHARMA,CC0,PSN02974,,,,,,,,,,,,,,,,,,,,,
,PSN02975,,,,,,,,,DHARMA,CC0,PSN02975,,,,,,,,,,,,,,,,,,,,,
,PSN02976,,,,,,,,,DHARMA,CC0,PSN02976,,,,,,,,,,,,,,,,,,,,,
,PSN02977,,,,,,,,,DHARMA,CC0,PSN02977,,,,,,,,,,,,,,,,,,,,,
,PSN02978,,,,,,,,,DHARMA,CC0,PSN02978,,,,,,,,,,,,,,,,,,,,,
,PSN02979,,,,,,,,,DHARMA,CC0,PSN02979,,,,,,,,,,,,,,,,,,,,,
,PSN02980,,,,,,,,,DHARMA,CC0,PSN02980,,,,,,,,,,,,,,,,,,,,,
,PSN02981,,,,,,,,,DHARMA,CC0,PSN02981,,,,,,,,,,,,,,,,,,,,,
,PSN02982,,,,,,,,,DHARMA,CC0,PSN02982,,,,,,,,,,,,,,,,,,,,,
,PSN02983,,,,,,,,,DHARMA,CC0,PSN02983,,,,,,,,,,,,,,,,,,,,,
,PSN02984,,,,,,,,,DHARMA,CC0,PSN02984,,,,,,,,,,,,,,,,,,,,,
,PSN02985,,,,,,,,,DHARMA,CC0,PSN02985,,,,,,,,,,,,,,,,,,,,,
,PSN02986,,,,,,,,,DHARMA,CC0,PSN02986,,,,,,,,,,,,,,,,,,,,,
,PSN02987,,,,,,,,,DHARMA,CC0,PSN02987,,,,,,,,,,,,,,,,,,,,,
,PSN02988,,,,,,,,,DHARMA,CC0,PSN02988,,,,,,,,,,,,,,,,,,,,,
,PSN02989,,,,,,,,,DHARMA,CC0,PSN02989,,,,,,,,,,,,,,,,,,,,,
,PSN02990,,,,,,,,,DHARMA,CC0,PSN02990,,,,,,,,,,,,,,,,,,,,,
,PSN02991,,,,,,,,,DHARMA,CC0,PSN02991,,,,,,,,,,,,,,,,,,,,,
,PSN02992,,,,,,,,,DHARMA,CC0,PSN02992,,,,,,,,,,,,,,,,,,,,,
,PSN02993,,,,,,,,,DHARMA,CC0,PSN02993,,,,,,,,,,,,,,,,,,,,,
,PSN02994,,,,,,,,,DHARMA,CC0,PSN02994,,,,,,,,,,,,,,,,,,,,,
,PSN02995,,,,,,,,,DHARMA,CC0,PSN02995,,,,,,,,,,,,,,,,,,,,,
,PSN02996,,,,,,,,,DHARMA,CC0,PSN02996,,,,,,,,,,,,,,,,,,,,,
,PSN02997,,,,,,,,,DHARMA,CC0,PSN02997,,,,,,,,,,,,,,,,,,,,,
,PSN02998,,,,,,,,,DHARMA,CC0,PSN02998,,,,,,,,,,,,,,,,,,,,,
,PSN02999,,,,,,,,,DHARMA,CC0,PSN02999,,,,,,,,,,,,,,,,,,,,,