,PSN01000,,,amwb,2022-05-19,,,,,DHARMA,CC0,PSN01000,Śivaguptadeva,sanskrit,Somavaṁśin king,,,,,,,,,,,,,,,,,,
,PSN01001,,,amwb,2022-05-19,,,,,DHARMA,CC0,PSN01001,Mahābhavagupta I Janamejaya,sanskrit,Somavaṁśin king,,,,,,,,,,,,,,,,,,
,PSN01002,,,amwb,2022-07-20,,,,,DHARMA,CC0,PSN01002,Mahābhavagupta IV Uddyotakesarin,sanskrit,Somavaṁśin king,,,,,,,,,,,,,,,,,,
,PSN01003,,,amwb,2022-07-20,,,,,DHARMA,CC0,PSN01003,Mahāśivagupta III Yayāti Caṇḍīhara,sanskrit,Somavaṁśin king,,,,,,,,,,,,,,,,,,
,PSN01004,,,,,,,,,DHARMA,CC0,PSN01004,,,,,,,,,,,,,,,,,,,,,
,PSN01005,,,,,,,,,DHARMA,CC0,PSN01005,,,,,,,,,,,,,,,,,,,,,
,PSN01006,,,,,,,,,DHARMA,CC0,PSN01006,,,,,,,,,,,,,,,,,,,,,
,PSN01007,,,,,,,,,DHARMA,CC0,PSN01007,,,,,,,,,,,,,,,,,,,,,
,PSN01008,,,,,,,,,DHARMA,CC0,PSN01008,,,,,,,,,,,,,,,,,,,,,
,PSN01009,,,,,,,,,DHARMA,CC0,PSN01009,,,,,,,,,,,,,,,,,,,,,
,PSN01010,,,,,,,,,DHARMA,CC0,PSN01010,,,,,,,,,,,,,,,,,,,,,
,PSN01011,,,,,,,,,DHARMA,CC0,PSN01011,,,,,,,,,,,,,,,,,,,,,
,PSN01012,,,,,,,,,DHARMA,CC0,PSN01012,,,,,,,,,,,,,,,,,,,,,
,PSN01013,,,,,,,,,DHARMA,CC0,PSN01013,,,,,,,,,,,,,,,,,,,,,
,PSN01014,,,,,,,,,DHARMA,CC0,PSN01014,,,,,,,,,,,,,,,,,,,,,
,PSN01015,,,,,,,,,DHARMA,CC0,PSN01015,,,,,,,,,,,,,,,,,,,,,
,PSN01016,,,,,,,,,DHARMA,CC0,PSN01016,,,,,,,,,,,,,,,,,,,,,
,PSN01017,,,,,,,,,DHARMA,CC0,PSN01017,,,,,,,,,,,,,,,,,,,,,
,PSN01018,,,,,,,,,DHARMA,CC0,PSN01018,,,,,,,,,,,,,,,,,,,,,
,PSN01019,,,,,,,,,DHARMA,CC0,PSN01019,,,,,,,,,,,,,,,,,,,,,
,PSN01020,,,,,,,,,DHARMA,CC0,PSN01020,,,,,,,,,,,,,,,,,,,,,
,PSN01021,,,,,,,,,DHARMA,CC0,PSN01021,,,,,,,,,,,,,,,,,,,,,
,PSN01022,,,,,,,,,DHARMA,CC0,PSN01022,,,,,,,,,,,,,,,,,,,,,
,PSN01023,,,,,,,,,DHARMA,CC0,PSN01023,,,,,,,,,,,,,,,,,,,,,
,PSN01024,,,,,,,,,DHARMA,CC0,PSN01024,,,,,,,,,,,,,,,,,,,,,
,PSN01025,,,,,,,,,DHARMA,CC0,PSN01025,,,,,,,,,,,,,,,,,,,,,
,PSN01026,,,,,,,,,DHARMA,CC0,PSN01026,,,,,,,,,,,,,,,,,,,,,
,PSN01027,,,,,,,,,DHARMA,CC0,PSN01027,,,,,,,,,,,,,,,,,,,,,
,PSN01028,,,,,,,,,DHARMA,CC0,PSN01028,,,,,,,,,,,,,,,,,,,,,
,PSN01029,,,,,,,,,DHARMA,CC0,PSN01029,,,,,,,,,,,,,,,,,,,,,
,PSN01030,,,,,,,,,DHARMA,CC0,PSN01030,,,,,,,,,,,,,,,,,,,,,
,PSN01031,,,,,,,,,DHARMA,CC0,PSN01031,,,,,,,,,,,,,,,,,,,,,
,PSN01032,,,,,,,,,DHARMA,CC0,PSN01032,,,,,,,,,,,,,,,,,,,,,
,PSN01033,,,,,,,,,DHARMA,CC0,PSN01033,,,,,,,,,,,,,,,,,,,,,
,PSN01034,,,,,,,,,DHARMA,CC0,PSN01034,,,,,,,,,,,,,,,,,,,,,
,PSN01035,,,,,,,,,DHARMA,CC0,PSN01035,,,,,,,,,,,,,,,,,,,,,
,PSN01036,,,,,,,,,DHARMA,CC0,PSN01036,,,,,,,,,,,,,,,,,,,,,
,PSN01037,,,,,,,,,DHARMA,CC0,PSN01037,,,,,,,,,,,,,,,,,,,,,
,PSN01038,,,,,,,,,DHARMA,CC0,PSN01038,,,,,,,,,,,,,,,,,,,,,
,PSN01039,,,,,,,,,DHARMA,CC0,PSN01039,,,,,,,,,,,,,,,,,,,,,
,PSN01040,,,,,,,,,DHARMA,CC0,PSN01040,,,,,,,,,,,,,,,,,,,,,
,PSN01041,,,,,,,,,DHARMA,CC0,PSN01041,,,,,,,,,,,,,,,,,,,,,
,PSN01042,,,,,,,,,DHARMA,CC0,PSN01042,,,,,,,,,,,,,,,,,,,,,
,PSN01043,,,,,,,,,DHARMA,CC0,PSN01043,,,,,,,,,,,,,,,,,,,,,
,PSN01044,,,,,,,,,DHARMA,CC0,PSN01044,,,,,,,,,,,,,,,,,,,,,
,PSN01045,,,,,,,,,DHARMA,CC0,PSN01045,,,,,,,,,,,,,,,,,,,,,
,PSN01046,,,,,,,,,DHARMA,CC0,PSN01046,,,,,,,,,,,,,,,,,,,,,
,PSN01047,,,,,,,,,DHARMA,CC0,PSN01047,,,,,,,,,,,,,,,,,,,,,
,PSN01048,,,,,,,,,DHARMA,CC0,PSN01048,,,,,,,,,,,,,,,,,,,,,
,PSN01049,,,,,,,,,DHARMA,CC0,PSN01049,,,,,,,,,,,,,,,,,,,,,
,PSN01050,,,,,,,,,DHARMA,CC0,PSN01050,,,,,,,,,,,,,,,,,,,,,
,PSN01051,,,,,,,,,DHARMA,CC0,PSN01051,,,,,,,,,,,,,,,,,,,,,
,PSN01052,,,,,,,,,DHARMA,CC0,PSN01052,,,,,,,,,,,,,,,,,,,,,
,PSN01053,,,,,,,,,DHARMA,CC0,PSN01053,,,,,,,,,,,,,,,,,,,,,
,PSN01054,,,,,,,,,DHARMA,CC0,PSN01054,,,,,,,,,,,,,,,,,,,,,
,PSN01055,,,,,,,,,DHARMA,CC0,PSN01055,,,,,,,,,,,,,,,,,,,,,
,PSN01056,,,,,,,,,DHARMA,CC0,PSN01056,,,,,,,,,,,,,,,,,,,,,
,PSN01057,,,,,,,,,DHARMA,CC0,PSN01057,,,,,,,,,,,,,,,,,,,,,
,PSN01058,,,,,,,,,DHARMA,CC0,PSN01058,,,,,,,,,,,,,,,,,,,,,
,PSN01059,,,,,,,,,DHARMA,CC0,PSN01059,,,,,,,,,,,,,,,,,,,,,
,PSN01060,,,,,,,,,DHARMA,CC0,PSN01060,,,,,,,,,,,,,,,,,,,,,
,PSN01061,,,,,,,,,DHARMA,CC0,PSN01061,,,,,,,,,,,,,,,,,,,,,
,PSN01062,,,,,,,,,DHARMA,CC0,PSN01062,,,,,,,,,,,,,,,,,,,,,
,PSN01063,,,,,,,,,DHARMA,CC0,PSN01063,,,,,,,,,,,,,,,,,,,,,
,PSN01064,,,,,,,,,DHARMA,CC0,PSN01064,,,,,,,,,,,,,,,,,,,,,
,PSN01065,,,,,,,,,DHARMA,CC0,PSN01065,,,,,,,,,,,,,,,,,,,,,
,PSN01066,,,,,,,,,DHARMA,CC0,PSN01066,,,,,,,,,,,,,,,,,,,,,
,PSN01067,,,,,,,,,DHARMA,CC0,PSN01067,,,,,,,,,,,,,,,,,,,,,
,PSN01068,,,,,,,,,DHARMA,CC0,PSN01068,,,,,,,,,,,,,,,,,,,,,
,PSN01069,,,,,,,,,DHARMA,CC0,PSN01069,,,,,,,,,,,,,,,,,,,,,
,PSN01070,,,,,,,,,DHARMA,CC0,PSN01070,,,,,,,,,,,,,,,,,,,,,
,PSN01071,,,,,,,,,DHARMA,CC0,PSN01071,,,,,,,,,,,,,,,,,,,,,
,PSN01072,,,,,,,,,DHARMA,CC0,PSN01072,,,,,,,,,,,,,,,,,,,,,
,PSN01073,,,,,,,,,DHARMA,CC0,PSN01073,,,,,,,,,,,,,,,,,,,,,
,PSN01074,,,,,,,,,DHARMA,CC0,PSN01074,,,,,,,,,,,,,,,,,,,,,
,PSN01075,,,,,,,,,DHARMA,CC0,PSN01075,,,,,,,,,,,,,,,,,,,,,
,PSN01076,,,,,,,,,DHARMA,CC0,PSN01076,,,,,,,,,,,,,,,,,,,,,
,PSN01077,,,,,,,,,DHARMA,CC0,PSN01077,,,,,,,,,,,,,,,,,,,,,
,PSN01078,,,,,,,,,DHARMA,CC0,PSN01078,,,,,,,,,,,,,,,,,,,,,
,PSN01079,,,,,,,,,DHARMA,CC0,PSN01079,,,,,,,,,,,,,,,,,,,,,
,PSN01080,,,,,,,,,DHARMA,CC0,PSN01080,,,,,,,,,,,,,,,,,,,,,
,PSN01081,,,,,,,,,DHARMA,CC0,PSN01081,,,,,,,,,,,,,,,,,,,,,
,PSN01082,,,,,,,,,DHARMA,CC0,PSN01082,,,,,,,,,,,,,,,,,,,,,
,PSN01083,,,,,,,,,DHARMA,CC0,PSN01083,,,,,,,,,,,,,,,,,,,,,
,PSN01084,,,,,,,,,DHARMA,CC0,PSN01084,,,,,,,,,,,,,,,,,,,,,
,PSN01085,,,,,,,,,DHARMA,CC0,PSN01085,,,,,,,,,,,,,,,,,,,,,
,PSN01086,,,,,,,,,DHARMA,CC0,PSN01086,,,,,,,,,,,,,,,,,,,,,
,PSN01087,,,,,,,,,DHARMA,CC0,PSN01087,,,,,,,,,,,,,,,,,,,,,
,PSN01088,,,,,,,,,DHARMA,CC0,PSN01088,,,,,,,,,,,,,,,,,,,,,
,PSN01089,,,,,,,,,DHARMA,CC0,PSN01089,,,,,,,,,,,,,,,,,,,,,
,PSN01090,,,,,,,,,DHARMA,CC0,PSN01090,,,,,,,,,,,,,,,,,,,,,
,PSN01091,,,,,,,,,DHARMA,CC0,PSN01091,,,,,,,,,,,,,,,,,,,,,
,PSN01092,,,,,,,,,DHARMA,CC0,PSN01092,,,,,,,,,,,,,,,,,,,,,
,PSN01093,,,,,,,,,DHARMA,CC0,PSN01093,,,,,,,,,,,,,,,,,,,,,
,PSN01094,,,,,,,,,DHARMA,CC0,PSN01094,,,,,,,,,,,,,,,,,,,,,
,PSN01095,,,,,,,,,DHARMA,CC0,PSN01095,,,,,,,,,,,,,,,,,,,,,
,PSN01096,,,,,,,,,DHARMA,CC0,PSN01096,,,,,,,,,,,,,,,,,,,,,
,PSN01097,,,,,,,,,DHARMA,CC0,PSN01097,,,,,,,,,,,,,,,,,,,,,
,PSN01098,,,,,,,,,DHARMA,CC0,PSN01098,,,,,,,,,,,,,,,,,,,,,
,PSN01099,,,,,,,,,DHARMA,CC0,PSN01099,,,,,,,,,,,,,,,,,,,,,
,PSN01100,,,,,,,,,DHARMA,CC0,PSN01100,,,,,,,,,,,,,,,,,,,,,
,PSN01101,,,,,,,,,DHARMA,CC0,PSN01101,,,,,,,,,,,,,,,,,,,,,
,PSN01102,,,,,,,,,DHARMA,CC0,PSN01102,,,,,,,,,,,,,,,,,,,,,
,PSN01103,,,,,,,,,DHARMA,CC0,PSN01103,,,,,,,,,,,,,,,,,,,,,
,PSN01104,,,,,,,,,DHARMA,CC0,PSN01104,,,,,,,,,,,,,,,,,,,,,
,PSN01105,,,,,,,,,DHARMA,CC0,PSN01105,,,,,,,,,,,,,,,,,,,,,
,PSN01106,,,,,,,,,DHARMA,CC0,PSN01106,,,,,,,,,,,,,,,,,,,,,
,PSN01107,,,,,,,,,DHARMA,CC0,PSN01107,,,,,,,,,,,,,,,,,,,,,
,PSN01108,,,,,,,,,DHARMA,CC0,PSN01108,,,,,,,,,,,,,,,,,,,,,
,PSN01109,,,,,,,,,DHARMA,CC0,PSN01109,,,,,,,,,,,,,,,,,,,,,
,PSN01110,,,,,,,,,DHARMA,CC0,PSN01110,,,,,,,,,,,,,,,,,,,,,
,PSN01111,,,,,,,,,DHARMA,CC0,PSN01111,,,,,,,,,,,,,,,,,,,,,
,PSN01112,,,,,,,,,DHARMA,CC0,PSN01112,,,,,,,,,,,,,,,,,,,,,
,PSN01113,,,,,,,,,DHARMA,CC0,PSN01113,,,,,,,,,,,,,,,,,,,,,
,PSN01114,,,,,,,,,DHARMA,CC0,PSN01114,,,,,,,,,,,,,,,,,,,,,
,PSN01115,,,,,,,,,DHARMA,CC0,PSN01115,,,,,,,,,,,,,,,,,,,,,
,PSN01116,,,,,,,,,DHARMA,CC0,PSN01116,,,,,,,,,,,,,,,,,,,,,
,PSN01117,,,,,,,,,DHARMA,CC0,PSN01117,,,,,,,,,,,,,,,,,,,,,
,PSN01118,,,,,,,,,DHARMA,CC0,PSN01118,,,,,,,,,,,,,,,,,,,,,
,PSN01119,,,,,,,,,DHARMA,CC0,PSN01119,,,,,,,,,,,,,,,,,,,,,
,PSN01120,,,,,,,,,DHARMA,CC0,PSN01120,,,,,,,,,,,,,,,,,,,,,
,PSN01121,,,,,,,,,DHARMA,CC0,PSN01121,,,,,,,,,,,,,,,,,,,,,
,PSN01122,,,,,,,,,DHARMA,CC0,PSN01122,,,,,,,,,,,,,,,,,,,,,
,PSN01123,,,,,,,,,DHARMA,CC0,PSN01123,,,,,,,,,,,,,,,,,,,,,
,PSN01124,,,,,,,,,DHARMA,CC0,PSN01124,,,,,,,,,,,,,,,,,,,,,
,PSN01125,,,,,,,,,DHARMA,CC0,PSN01125,,,,,,,,,,,,,,,,,,,,,
,PSN01126,,,,,,,,,DHARMA,CC0,PSN01126,,,,,,,,,,,,,,,,,,,,,
,PSN01127,,,,,,,,,DHARMA,CC0,PSN01127,,,,,,,,,,,,,,,,,,,,,
,PSN01128,,,,,,,,,DHARMA,CC0,PSN01128,,,,,,,,,,,,,,,,,,,,,
,PSN01129,,,,,,,,,DHARMA,CC0,PSN01129,,,,,,,,,,,,,,,,,,,,,
,PSN01130,,,,,,,,,DHARMA,CC0,PSN01130,,,,,,,,,,,,,,,,,,,,,
,PSN01131,,,,,,,,,DHARMA,CC0,PSN01131,,,,,,,,,,,,,,,,,,,,,
,PSN01132,,,,,,,,,DHARMA,CC0,PSN01132,,,,,,,,,,,,,,,,,,,,,
,PSN01133,,,,,,,,,DHARMA,CC0,PSN01133,,,,,,,,,,,,,,,,,,,,,
,PSN01134,,,,,,,,,DHARMA,CC0,PSN01134,,,,,,,,,,,,,,,,,,,,,
,PSN01135,,,,,,,,,DHARMA,CC0,PSN01135,,,,,,,,,,,,,,,,,,,,,
,PSN01136,,,,,,,,,DHARMA,CC0,PSN01136,,,,,,,,,,,,,,,,,,,,,
,PSN01137,,,,,,,,,DHARMA,CC0,PSN01137,,,,,,,,,,,,,,,,,,,,,
,PSN01138,,,,,,,,,DHARMA,CC0,PSN01138,,,,,,,,,,,,,,,,,,,,,
,PSN01139,,,,,,,,,DHARMA,CC0,PSN01139,,,,,,,,,,,,,,,,,,,,,
,PSN01140,,,,,,,,,DHARMA,CC0,PSN01140,,,,,,,,,,,,,,,,,,,,,
,PSN01141,,,,,,,,,DHARMA,CC0,PSN01141,,,,,,,,,,,,,,,,,,,,,
,PSN01142,,,,,,,,,DHARMA,CC0,PSN01142,,,,,,,,,,,,,,,,,,,,,
,PSN01143,,,,,,,,,DHARMA,CC0,PSN01143,,,,,,,,,,,,,,,,,,,,,
,PSN01144,,,,,,,,,DHARMA,CC0,PSN01144,,,,,,,,,,,,,,,,,,,,,
,PSN01145,,,,,,,,,DHARMA,CC0,PSN01145,,,,,,,,,,,,,,,,,,,,,
,PSN01146,,,,,,,,,DHARMA,CC0,PSN01146,,,,,,,,,,,,,,,,,,,,,
,PSN01147,,,,,,,,,DHARMA,CC0,PSN01147,,,,,,,,,,,,,,,,,,,,,
,PSN01148,,,,,,,,,DHARMA,CC0,PSN01148,,,,,,,,,,,,,,,,,,,,,
,PSN01149,,,,,,,,,DHARMA,CC0,PSN01149,,,,,,,,,,,,,,,,,,,,,
,PSN01150,,,,,,,,,DHARMA,CC0,PSN01150,,,,,,,,,,,,,,,,,,,,,
,PSN01151,,,,,,,,,DHARMA,CC0,PSN01151,,,,,,,,,,,,,,,,,,,,,
,PSN01152,,,,,,,,,DHARMA,CC0,PSN01152,,,,,,,,,,,,,,,,,,,,,
,PSN01153,,,,,,,,,DHARMA,CC0,PSN01153,,,,,,,,,,,,,,,,,,,,,
,PSN01154,,,,,,,,,DHARMA,CC0,PSN01154,,,,,,,,,,,,,,,,,,,,,
,PSN01155,,,,,,,,,DHARMA,CC0,PSN01155,,,,,,,,,,,,,,,,,,,,,
,PSN01156,,,,,,,,,DHARMA,CC0,PSN01156,,,,,,,,,,,,,,,,,,,,,
,PSN01157,,,,,,,,,DHARMA,CC0,PSN01157,,,,,,,,,,,,,,,,,,,,,
,PSN01158,,,,,,,,,DHARMA,CC0,PSN01158,,,,,,,,,,,,,,,,,,,,,
,PSN01159,,,,,,,,,DHARMA,CC0,PSN01159,,,,,,,,,,,,,,,,,,,,,
,PSN01160,,,,,,,,,DHARMA,CC0,PSN01160,,,,,,,,,,,,,,,,,,,,,
,PSN01161,,,,,,,,,DHARMA,CC0,PSN01161,,,,,,,,,,,,,,,,,,,,,
,PSN01162,,,,,,,,,DHARMA,CC0,PSN01162,,,,,,,,,,,,,,,,,,,,,
,PSN01163,,,,,,,,,DHARMA,CC0,PSN01163,,,,,,,,,,,,,,,,,,,,,
,PSN01164,,,,,,,,,DHARMA,CC0,PSN01164,,,,,,,,,,,,,,,,,,,,,
,PSN01165,,,,,,,,,DHARMA,CC0,PSN01165,,,,,,,,,,,,,,,,,,,,,
,PSN01166,,,,,,,,,DHARMA,CC0,PSN01166,,,,,,,,,,,,,,,,,,,,,
,PSN01167,,,,,,,,,DHARMA,CC0,PSN01167,,,,,,,,,,,,,,,,,,,,,
,PSN01168,,,,,,,,,DHARMA,CC0,PSN01168,,,,,,,,,,,,,,,,,,,,,
,PSN01169,,,,,,,,,DHARMA,CC0,PSN01169,,,,,,,,,,,,,,,,,,,,,
,PSN01170,,,,,,,,,DHARMA,CC0,PSN01170,,,,,,,,,,,,,,,,,,,,,
,PSN01171,,,,,,,,,DHARMA,CC0,PSN01171,,,,,,,,,,,,,,,,,,,,,
,PSN01172,,,,,,,,,DHARMA,CC0,PSN01172,,,,,,,,,,,,,,,,,,,,,
,PSN01173,,,,,,,,,DHARMA,CC0,PSN01173,,,,,,,,,,,,,,,,,,,,,
,PSN01174,,,,,,,,,DHARMA,CC0,PSN01174,,,,,,,,,,,,,,,,,,,,,
,PSN01175,,,,,,,,,DHARMA,CC0,PSN01175,,,,,,,,,,,,,,,,,,,,,
,PSN01176,,,,,,,,,DHARMA,CC0,PSN01176,,,,,,,,,,,,,,,,,,,,,
,PSN01177,,,,,,,,,DHARMA,CC0,PSN01177,,,,,,,,,,,,,,,,,,,,,
,PSN01178,,,,,,,,,DHARMA,CC0,PSN01178,,,,,,,,,,,,,,,,,,,,,
,PSN01179,,,,,,,,,DHARMA,CC0,PSN01179,,,,,,,,,,,,,,,,,,,,,
,PSN01180,,,,,,,,,DHARMA,CC0,PSN01180,,,,,,,,,,,,,,,,,,,,,
,PSN01181,,,,,,,,,DHARMA,CC0,PSN01181,,,,,,,,,,,,,,,,,,,,,
,PSN01182,,,,,,,,,DHARMA,CC0,PSN01182,,,,,,,,,,,,,,,,,,,,,
,PSN01183,,,,,,,,,DHARMA,CC0,PSN01183,,,,,,,,,,,,,,,,,,,,,
,PSN01184,,,,,,,,,DHARMA,CC0,PSN01184,,,,,,,,,,,,,,,,,,,,,
,PSN01185,,,,,,,,,DHARMA,CC0,PSN01185,,,,,,,,,,,,,,,,,,,,,
,PSN01186,,,,,,,,,DHARMA,CC0,PSN01186,,,,,,,,,,,,,,,,,,,,,
,PSN01187,,,,,,,,,DHARMA,CC0,PSN01187,,,,,,,,,,,,,,,,,,,,,
,PSN01188,,,,,,,,,DHARMA,CC0,PSN01188,,,,,,,,,,,,,,,,,,,,,
,PSN01189,,,,,,,,,DHARMA,CC0,PSN01189,,,,,,,,,,,,,,,,,,,,,
,PSN01190,,,,,,,,,DHARMA,CC0,PSN01190,,,,,,,,,,,,,,,,,,,,,
,PSN01191,,,,,,,,,DHARMA,CC0,PSN01191,,,,,,,,,,,,,,,,,,,,,
,PSN01192,,,,,,,,,DHARMA,CC0,PSN01192,,,,,,,,,,,,,,,,,,,,,
,PSN01193,,,,,,,,,DHARMA,CC0,PSN01193,,,,,,,,,,,,,,,,,,,,,
,PSN01194,,,,,,,,,DHARMA,CC0,PSN01194,,,,,,,,,,,,,,,,,,,,,
,PSN01195,,,,,,,,,DHARMA,CC0,PSN01195,,,,,,,,,,,,,,,,,,,,,
,PSN01196,,,,,,,,,DHARMA,CC0,PSN01196,,,,,,,,,,,,,,,,,,,,,
,PSN01197,,,,,,,,,DHARMA,CC0,PSN01197,,,,,,,,,,,,,,,,,,,,,
,PSN01198,,,,,,,,,DHARMA,CC0,PSN01198,,,,,,,,,,,,,,,,,,,,,
,PSN01199,,,,,,,,,DHARMA,CC0,PSN01199,,,,,,,,,,,,,,,,,,,,,
,PSN01200,,,,,,,,,DHARMA,CC0,PSN01200,,,,,,,,,,,,,,,,,,,,,
,PSN01201,,,,,,,,,DHARMA,CC0,PSN01201,,,,,,,,,,,,,,,,,,,,,
,PSN01202,,,,,,,,,DHARMA,CC0,PSN01202,,,,,,,,,,,,,,,,,,,,,
,PSN01203,,,,,,,,,DHARMA,CC0,PSN01203,,,,,,,,,,,,,,,,,,,,,
,PSN01204,,,,,,,,,DHARMA,CC0,PSN01204,,,,,,,,,,,,,,,,,,,,,
,PSN01205,,,,,,,,,DHARMA,CC0,PSN01205,,,,,,,,,,,,,,,,,,,,,
,PSN01206,,,,,,,,,DHARMA,CC0,PSN01206,,,,,,,,,,,,,,,,,,,,,
,PSN01207,,,,,,,,,DHARMA,CC0,PSN01207,,,,,,,,,,,,,,,,,,,,,
,PSN01208,,,,,,,,,DHARMA,CC0,PSN01208,,,,,,,,,,,,,,,,,,,,,
,PSN01209,,,,,,,,,DHARMA,CC0,PSN01209,,,,,,,,,,,,,,,,,,,,,
,PSN01210,,,,,,,,,DHARMA,CC0,PSN01210,,,,,,,,,,,,,,,,,,,,,
,PSN01211,,,,,,,,,DHARMA,CC0,PSN01211,,,,,,,,,,,,,,,,,,,,,
,PSN01212,,,,,,,,,DHARMA,CC0,PSN01212,,,,,,,,,,,,,,,,,,,,,
,PSN01213,,,,,,,,,DHARMA,CC0,PSN01213,,,,,,,,,,,,,,,,,,,,,
,PSN01214,,,,,,,,,DHARMA,CC0,PSN01214,,,,,,,,,,,,,,,,,,,,,
,PSN01215,,,,,,,,,DHARMA,CC0,PSN01215,,,,,,,,,,,,,,,,,,,,,
,PSN01216,,,,,,,,,DHARMA,CC0,PSN01216,,,,,,,,,,,,,,,,,,,,,
,PSN01217,,,,,,,,,DHARMA,CC0,PSN01217,,,,,,,,,,,,,,,,,,,,,
,PSN01218,,,,,,,,,DHARMA,CC0,PSN01218,,,,,,,,,,,,,,,,,,,,,
,PSN01219,,,,,,,,,DHARMA,CC0,PSN01219,,,,,,,,,,,,,,,,,,,,,
,PSN01220,,,,,,,,,DHARMA,CC0,PSN01220,,,,,,,,,,,,,,,,,,,,,
,PSN01221,,,,,,,,,DHARMA,CC0,PSN01221,,,,,,,,,,,,,,,,,,,,,
,PSN01222,,,,,,,,,DHARMA,CC0,PSN01222,,,,,,,,,,,,,,,,,,,,,
,PSN01223,,,,,,,,,DHARMA,CC0,PSN01223,,,,,,,,,,,,,,,,,,,,,
,PSN01224,,,,,,,,,DHARMA,CC0,PSN01224,,,,,,,,,,,,,,,,,,,,,
,PSN01225,,,,,,,,,DHARMA,CC0,PSN01225,,,,,,,,,,,,,,,,,,,,,
,PSN01226,,,,,,,,,DHARMA,CC0,PSN01226,,,,,,,,,,,,,,,,,,,,,
,PSN01227,,,,,,,,,DHARMA,CC0,PSN01227,,,,,,,,,,,,,,,,,,,,,
,PSN01228,,,,,,,,,DHARMA,CC0,PSN01228,,,,,,,,,,,,,,,,,,,,,
,PSN01229,,,,,,,,,DHARMA,CC0,PSN01229,,,,,,,,,,,,,,,,,,,,,
,PSN01230,,,,,,,,,DHARMA,CC0,PSN01230,,,,,,,,,,,,,,,,,,,,,
,PSN01231,,,,,,,,,DHARMA,CC0,PSN01231,,,,,,,,,,,,,,,,,,,,,
,PSN01232,,,,,,,,,DHARMA,CC0,PSN01232,,,,,,,,,,,,,,,,,,,,,
,PSN01233,,,,,,,,,DHARMA,CC0,PSN01233,,,,,,,,,,,,,,,,,,,,,
,PSN01234,,,,,,,,,DHARMA,CC0,PSN01234,,,,,,,,,,,,,,,,,,,,,
,PSN01235,,,,,,,,,DHARMA,CC0,PSN01235,,,,,,,,,,,,,,,,,,,,,
,PSN01236,,,,,,,,,DHARMA,CC0,PSN01236,,,,,,,,,,,,,,,,,,,,,
,PSN01237,,,,,,,,,DHARMA,CC0,PSN01237,,,,,,,,,,,,,,,,,,,,,
,PSN01238,,,,,,,,,DHARMA,CC0,PSN01238,,,,,,,,,,,,,,,,,,,,,
,PSN01239,,,,,,,,,DHARMA,CC0,PSN01239,,,,,,,,,,,,,,,,,,,,,
,PSN01240,,,,,,,,,DHARMA,CC0,PSN01240,,,,,,,,,,,,,,,,,,,,,
,PSN01241,,,,,,,,,DHARMA,CC0,PSN01241,,,,,,,,,,,,,,,,,,,,,
,PSN01242,,,,,,,,,DHARMA,CC0,PSN01242,,,,,,,,,,,,,,,,,,,,,
,PSN01243,,,,,,,,,DHARMA,CC0,PSN01243,,,,,,,,,,,,,,,,,,,,,
,PSN01244,,,,,,,,,DHARMA,CC0,PSN01244,,,,,,,,,,,,,,,,,,,,,
,PSN01245,,,,,,,,,DHARMA,CC0,PSN01245,,,,,,,,,,,,,,,,,,,,,
,PSN01246,,,,,,,,,DHARMA,CC0,PSN01246,,,,,,,,,,,,,,,,,,,,,
,PSN01247,,,,,,,,,DHARMA,CC0,PSN01247,,,,,,,,,,,,,,,,,,,,,
,PSN01248,,,,,,,,,DHARMA,CC0,PSN01248,,,,,,,,,,,,,,,,,,,,,
,PSN01249,,,,,,,,,DHARMA,CC0,PSN01249,,,,,,,,,,,,,,,,,,,,,
,PSN01250,,,,,,,,,DHARMA,CC0,PSN01250,,,,,,,,,,,,,,,,,,,,,
,PSN01251,,,,,,,,,DHARMA,CC0,PSN01251,,,,,,,,,,,,,,,,,,,,,
,PSN01252,,,,,,,,,DHARMA,CC0,PSN01252,,,,,,,,,,,,,,,,,,,,,
,PSN01253,,,,,,,,,DHARMA,CC0,PSN01253,,,,,,,,,,,,,,,,,,,,,
,PSN01254,,,,,,,,,DHARMA,CC0,PSN01254,,,,,,,,,,,,,,,,,,,,,
,PSN01255,,,,,,,,,DHARMA,CC0,PSN01255,,,,,,,,,,,,,,,,,,,,,
,PSN01256,,,,,,,,,DHARMA,CC0,PSN01256,,,,,,,,,,,,,,,,,,,,,
,PSN01257,,,,,,,,,DHARMA,CC0,PSN01257,,,,,,,,,,,,,,,,,,,,,
,PSN01258,,,,,,,,,DHARMA,CC0,PSN01258,,,,,,,,,,,,,,,,,,,,,
,PSN01259,,,,,,,,,DHARMA,CC0,PSN01259,,,,,,,,,,,,,,,,,,,,,
,PSN01260,,,,,,,,,DHARMA,CC0,PSN01260,,,,,,,,,,,,,,,,,,,,,
,PSN01261,,,,,,,,,DHARMA,CC0,PSN01261,,,,,,,,,,,,,,,,,,,,,
,PSN01262,,,,,,,,,DHARMA,CC0,PSN01262,,,,,,,,,,,,,,,,,,,,,
,PSN01263,,,,,,,,,DHARMA,CC0,PSN01263,,,,,,,,,,,,,,,,,,,,,
,PSN01264,,,,,,,,,DHARMA,CC0,PSN01264,,,,,,,,,,,,,,,,,,,,,
,PSN01265,,,,,,,,,DHARMA,CC0,PSN01265,,,,,,,,,,,,,,,,,,,,,
,PSN01266,,,,,,,,,DHARMA,CC0,PSN01266,,,,,,,,,,,,,,,,,,,,,
,PSN01267,,,,,,,,,DHARMA,CC0,PSN01267,,,,,,,,,,,,,,,,,,,,,
,PSN01268,,,,,,,,,DHARMA,CC0,PSN01268,,,,,,,,,,,,,,,,,,,,,
,PSN01269,,,,,,,,,DHARMA,CC0,PSN01269,,,,,,,,,,,,,,,,,,,,,
,PSN01270,,,,,,,,,DHARMA,CC0,PSN01270,,,,,,,,,,,,,,,,,,,,,
,PSN01271,,,,,,,,,DHARMA,CC0,PSN01271,,,,,,,,,,,,,,,,,,,,,
,PSN01272,,,,,,,,,DHARMA,CC0,PSN01272,,,,,,,,,,,,,,,,,,,,,
,PSN01273,,,,,,,,,DHARMA,CC0,PSN01273,,,,,,,,,,,,,,,,,,,,,
,PSN01274,,,,,,,,,DHARMA,CC0,PSN01274,,,,,,,,,,,,,,,,,,,,,
,PSN01275,,,,,,,,,DHARMA,CC0,PSN01275,,,,,,,,,,,,,,,,,,,,,
,PSN01276,,,,,,,,,DHARMA,CC0,PSN01276,,,,,,,,,,,,,,,,,,,,,
,PSN01277,,,,,,,,,DHARMA,CC0,PSN01277,,,,,,,,,,,,,,,,,,,,,
,PSN01278,,,,,,,,,DHARMA,CC0,PSN01278,,,,,,,,,,,,,,,,,,,,,
,PSN01279,,,,,,,,,DHARMA,CC0,PSN01279,,,,,,,,,,,,,,,,,,,,,
,PSN01280,,,,,,,,,DHARMA,CC0,PSN01280,,,,,,,,,,,,,,,,,,,,,
,PSN01281,,,,,,,,,DHARMA,CC0,PSN01281,,,,,,,,,,,,,,,,,,,,,
,PSN01282,,,,,,,,,DHARMA,CC0,PSN01282,,,,,,,,,,,,,,,,,,,,,
,PSN01283,,,,,,,,,DHARMA,CC0,PSN01283,,,,,,,,,,,,,,,,,,,,,
,PSN01284,,,,,,,,,DHARMA,CC0,PSN01284,,,,,,,,,,,,,,,,,,,,,
,PSN01285,,,,,,,,,DHARMA,CC0,PSN01285,,,,,,,,,,,,,,,,,,,,,
,PSN01286,,,,,,,,,DHARMA,CC0,PSN01286,,,,,,,,,,,,,,,,,,,,,
,PSN01287,,,,,,,,,DHARMA,CC0,PSN01287,,,,,,,,,,,,,,,,,,,,,
,PSN01288,,,,,,,,,DHARMA,CC0,PSN01288,,,,,,,,,,,,,,,,,,,,,
,PSN01289,,,,,,,,,DHARMA,CC0,PSN01289,,,,,,,,,,,,,,,,,,,,,
,PSN01290,,,,,,,,,DHARMA,CC0,PSN01290,,,,,,,,,,,,,,,,,,,,,
,PSN01291,,,,,,,,,DHARMA,CC0,PSN01291,,,,,,,,,,,,,,,,,,,,,
,PSN01292,,,,,,,,,DHARMA,CC0,PSN01292,,,,,,,,,,,,,,,,,,,,,
,PSN01293,,,,,,,,,DHARMA,CC0,PSN01293,,,,,,,,,,,,,,,,,,,,,
,PSN01294,,,,,,,,,DHARMA,CC0,PSN01294,,,,,,,,,,,,,,,,,,,,,
,PSN01295,,,,,,,,,DHARMA,CC0,PSN01295,,,,,,,,,,,,,,,,,,,,,
,PSN01296,,,,,,,,,DHARMA,CC0,PSN01296,,,,,,,,,,,,,,,,,,,,,
,PSN01297,,,,,,,,,DHARMA,CC0,PSN01297,,,,,,,,,,,,,,,,,,,,,
,PSN01298,,,,,,,,,DHARMA,CC0,PSN01298,,,,,,,,,,,,,,,,,,,,,
,PSN01299,,,,,,,,,DHARMA,CC0,PSN01299,,,,,,,,,,,,,,,,,,,,,
,PSN01300,,,,,,,,,DHARMA,CC0,PSN01300,,,,,,,,,,,,,,,,,,,,,
,PSN01301,,,,,,,,,DHARMA,CC0,PSN01301,,,,,,,,,,,,,,,,,,,,,
,PSN01302,,,,,,,,,DHARMA,CC0,PSN01302,,,,,,,,,,,,,,,,,,,,,
,PSN01303,,,,,,,,,DHARMA,CC0,PSN01303,,,,,,,,,,,,,,,,,,,,,
,PSN01304,,,,,,,,,DHARMA,CC0,PSN01304,,,,,,,,,,,,,,,,,,,,,
,PSN01305,,,,,,,,,DHARMA,CC0,PSN01305,,,,,,,,,,,,,,,,,,,,,
,PSN01306,,,,,,,,,DHARMA,CC0,PSN01306,,,,,,,,,,,,,,,,,,,,,
,PSN01307,,,,,,,,,DHARMA,CC0,PSN01307,,,,,,,,,,,,,,,,,,,,,
,PSN01308,,,,,,,,,DHARMA,CC0,PSN01308,,,,,,,,,,,,,,,,,,,,,
,PSN01309,,,,,,,,,DHARMA,CC0,PSN01309,,,,,,,,,,,,,,,,,,,,,
,PSN01310,,,,,,,,,DHARMA,CC0,PSN01310,,,,,,,,,,,,,,,,,,,,,
,PSN01311,,,,,,,,,DHARMA,CC0,PSN01311,,,,,,,,,,,,,,,,,,,,,
,PSN01312,,,,,,,,,DHARMA,CC0,PSN01312,,,,,,,,,,,,,,,,,,,,,
,PSN01313,,,,,,,,,DHARMA,CC0,PSN01313,,,,,,,,,,,,,,,,,,,,,
,PSN01314,,,,,,,,,DHARMA,CC0,PSN01314,,,,,,,,,,,,,,,,,,,,,
,PSN01315,,,,,,,,,DHARMA,CC0,PSN01315,,,,,,,,,,,,,,,,,,,,,
,PSN01316,,,,,,,,,DHARMA,CC0,PSN01316,,,,,,,,,,,,,,,,,,,,,
,PSN01317,,,,,,,,,DHARMA,CC0,PSN01317,,,,,,,,,,,,,,,,,,,,,
,PSN01318,,,,,,,,,DHARMA,CC0,PSN01318,,,,,,,,,,,,,,,,,,,,,
,PSN01319,,,,,,,,,DHARMA,CC0,PSN01319,,,,,,,,,,,,,,,,,,,,,
,PSN01320,,,,,,,,,DHARMA,CC0,PSN01320,,,,,,,,,,,,,,,,,,,,,
,PSN01321,,,,,,,,,DHARMA,CC0,PSN01321,,,,,,,,,,,,,,,,,,,,,
,PSN01322,,,,,,,,,DHARMA,CC0,PSN01322,,,,,,,,,,,,,,,,,,,,,
,PSN01323,,,,,,,,,DHARMA,CC0,PSN01323,,,,,,,,,,,,,,,,,,,,,
,PSN01324,,,,,,,,,DHARMA,CC0,PSN01324,,,,,,,,,,,,,,,,,,,,,
,PSN01325,,,,,,,,,DHARMA,CC0,PSN01325,,,,,,,,,,,,,,,,,,,,,
,PSN01326,,,,,,,,,DHARMA,CC0,PSN01326,,,,,,,,,,,,,,,,,,,,,
,PSN01327,,,,,,,,,DHARMA,CC0,PSN01327,,,,,,,,,,,,,,,,,,,,,
,PSN01328,,,,,,,,,DHARMA,CC0,PSN01328,,,,,,,,,,,,,,,,,,,,,
,PSN01329,,,,,,,,,DHARMA,CC0,PSN01329,,,,,,,,,,,,,,,,,,,,,
,PSN01330,,,,,,,,,DHARMA,CC0,PSN01330,,,,,,,,,,,,,,,,,,,,,
,PSN01331,,,,,,,,,DHARMA,CC0,PSN01331,,,,,,,,,,,,,,,,,,,,,
,PSN01332,,,,,,,,,DHARMA,CC0,PSN01332,,,,,,,,,,,,,,,,,,,,,
,PSN01333,,,,,,,,,DHARMA,CC0,PSN01333,,,,,,,,,,,,,,,,,,,,,
,PSN01334,,,,,,,,,DHARMA,CC0,PSN01334,,,,,,,,,,,,,,,,,,,,,
,PSN01335,,,,,,,,,DHARMA,CC0,PSN01335,,,,,,,,,,,,,,,,,,,,,
,PSN01336,,,,,,,,,DHARMA,CC0,PSN01336,,,,,,,,,,,,,,,,,,,,,
,PSN01337,,,,,,,,,DHARMA,CC0,PSN01337,,,,,,,,,,,,,,,,,,,,,
,PSN01338,,,,,,,,,DHARMA,CC0,PSN01338,,,,,,,,,,,,,,,,,,,,,
,PSN01339,,,,,,,,,DHARMA,CC0,PSN01339,,,,,,,,,,,,,,,,,,,,,
,PSN01340,,,,,,,,,DHARMA,CC0,PSN01340,,,,,,,,,,,,,,,,,,,,,
,PSN01341,,,,,,,,,DHARMA,CC0,PSN01341,,,,,,,,,,,,,,,,,,,,,
,PSN01342,,,,,,,,,DHARMA,CC0,PSN01342,,,,,,,,,,,,,,,,,,,,,
,PSN01343,,,,,,,,,DHARMA,CC0,PSN01343,,,,,,,,,,,,,,,,,,,,,
,PSN01344,,,,,,,,,DHARMA,CC0,PSN01344,,,,,,,,,,,,,,,,,,,,,
,PSN01345,,,,,,,,,DHARMA,CC0,PSN01345,,,,,,,,,,,,,,,,,,,,,
,PSN01346,,,,,,,,,DHARMA,CC0,PSN01346,,,,,,,,,,,,,,,,,,,,,
,PSN01347,,,,,,,,,DHARMA,CC0,PSN01347,,,,,,,,,,,,,,,,,,,,,
,PSN01348,,,,,,,,,DHARMA,CC0,PSN01348,,,,,,,,,,,,,,,,,,,,,
,PSN01349,,,,,,,,,DHARMA,CC0,PSN01349,,,,,,,,,,,,,,,,,,,,,
,PSN01350,,,,,,,,,DHARMA,CC0,PSN01350,,,,,,,,,,,,,,,,,,,,,
,PSN01351,,,,,,,,,DHARMA,CC0,PSN01351,,,,,,,,,,,,,,,,,,,,,
,PSN01352,,,,,,,,,DHARMA,CC0,PSN01352,,,,,,,,,,,,,,,,,,,,,
,PSN01353,,,,,,,,,DHARMA,CC0,PSN01353,,,,,,,,,,,,,,,,,,,,,
,PSN01354,,,,,,,,,DHARMA,CC0,PSN01354,,,,,,,,,,,,,,,,,,,,,
,PSN01355,,,,,,,,,DHARMA,CC0,PSN01355,,,,,,,,,,,,,,,,,,,,,
,PSN01356,,,,,,,,,DHARMA,CC0,PSN01356,,,,,,,,,,,,,,,,,,,,,
,PSN01357,,,,,,,,,DHARMA,CC0,PSN01357,,,,,,,,,,,,,,,,,,,,,
,PSN01358,,,,,,,,,DHARMA,CC0,PSN01358,,,,,,,,,,,,,,,,,,,,,
,PSN01359,,,,,,,,,DHARMA,CC0,PSN01359,,,,,,,,,,,,,,,,,,,,,
,PSN01360,,,,,,,,,DHARMA,CC0,PSN01360,,,,,,,,,,,,,,,,,,,,,
,PSN01361,,,,,,,,,DHARMA,CC0,PSN01361,,,,,,,,,,,,,,,,,,,,,
,PSN01362,,,,,,,,,DHARMA,CC0,PSN01362,,,,,,,,,,,,,,,,,,,,,
,PSN01363,,,,,,,,,DHARMA,CC0,PSN01363,,,,,,,,,,,,,,,,,,,,,
,PSN01364,,,,,,,,,DHARMA,CC0,PSN01364,,,,,,,,,,,,,,,,,,,,,
,PSN01365,,,,,,,,,DHARMA,CC0,PSN01365,,,,,,,,,,,,,,,,,,,,,
,PSN01366,,,,,,,,,DHARMA,CC0,PSN01366,,,,,,,,,,,,,,,,,,,,,
,PSN01367,,,,,,,,,DHARMA,CC0,PSN01367,,,,,,,,,,,,,,,,,,,,,
,PSN01368,,,,,,,,,DHARMA,CC0,PSN01368,,,,,,,,,,,,,,,,,,,,,
,PSN01369,,,,,,,,,DHARMA,CC0,PSN01369,,,,,,,,,,,,,,,,,,,,,
,PSN01370,,,,,,,,,DHARMA,CC0,PSN01370,,,,,,,,,,,,,,,,,,,,,
,PSN01371,,,,,,,,,DHARMA,CC0,PSN01371,,,,,,,,,,,,,,,,,,,,,
,PSN01372,,,,,,,,,DHARMA,CC0,PSN01372,,,,,,,,,,,,,,,,,,,,,
,PSN01373,,,,,,,,,DHARMA,CC0,PSN01373,,,,,,,,,,,,,,,,,,,,,
,PSN01374,,,,,,,,,DHARMA,CC0,PSN01374,,,,,,,,,,,,,,,,,,,,,
,PSN01375,,,,,,,,,DHARMA,CC0,PSN01375,,,,,,,,,,,,,,,,,,,,,
,PSN01376,,,,,,,,,DHARMA,CC0,PSN01376,,,,,,,,,,,,,,,,,,,,,
,PSN01377,,,,,,,,,DHARMA,CC0,PSN01377,,,,,,,,,,,,,,,,,,,,,
,PSN01378,,,,,,,,,DHARMA,CC0,PSN01378,,,,,,,,,,,,,,,,,,,,,
,PSN01379,,,,,,,,,DHARMA,CC0,PSN01379,,,,,,,,,,,,,,,,,,,,,
,PSN01380,,,,,,,,,DHARMA,CC0,PSN01380,,,,,,,,,,,,,,,,,,,,,
,PSN01381,,,,,,,,,DHARMA,CC0,PSN01381,,,,,,,,,,,,,,,,,,,,,
,PSN01382,,,,,,,,,DHARMA,CC0,PSN01382,,,,,,,,,,,,,,,,,,,,,
,PSN01383,,,,,,,,,DHARMA,CC0,PSN01383,,,,,,,,,,,,,,,,,,,,,
,PSN01384,,,,,,,,,DHARMA,CC0,PSN01384,,,,,,,,,,,,,,,,,,,,,
,PSN01385,,,,,,,,,DHARMA,CC0,PSN01385,,,,,,,,,,,,,,,,,,,,,
,PSN01386,,,,,,,,,DHARMA,CC0,PSN01386,,,,,,,,,,,,,,,,,,,,,
,PSN01387,,,,,,,,,DHARMA,CC0,PSN01387,,,,,,,,,,,,,,,,,,,,,
,PSN01388,,,,,,,,,DHARMA,CC0,PSN01388,,,,,,,,,,,,,,,,,,,,,
,PSN01389,,,,,,,,,DHARMA,CC0,PSN01389,,,,,,,,,,,,,,,,,,,,,
,PSN01390,,,,,,,,,DHARMA,CC0,PSN01390,,,,,,,,,,,,,,,,,,,,,
,PSN01391,,,,,,,,,DHARMA,CC0,PSN01391,,,,,,,,,,,,,,,,,,,,,
,PSN01392,,,,,,,,,DHARMA,CC0,PSN01392,,,,,,,,,,,,,,,,,,,,,
,PSN01393,,,,,,,,,DHARMA,CC0,PSN01393,,,,,,,,,,,,,,,,,,,,,
,PSN01394,,,,,,,,,DHARMA,CC0,PSN01394,,,,,,,,,,,,,,,,,,,,,
,PSN01395,,,,,,,,,DHARMA,CC0,PSN01395,,,,,,,,,,,,,,,,,,,,,
,PSN01396,,,,,,,,,DHARMA,CC0,PSN01396,,,,,,,,,,,,,,,,,,,,,
,PSN01397,,,,,,,,,DHARMA,CC0,PSN01397,,,,,,,,,,,,,,,,,,,,,
,PSN01398,,,,,,,,,DHARMA,CC0,PSN01398,,,,,,,,,,,,,,,,,,,,,
,PSN01399,,,,,,,,,DHARMA,CC0,PSN01399,,,,,,,,,,,,,,,,,,,,,
,PSN01400,,,,,,,,,DHARMA,CC0,PSN01400,,,,,,,,,,,,,,,,,,,,,
,PSN01401,,,,,,,,,DHARMA,CC0,PSN01401,,,,,,,,,,,,,,,,,,,,,
,PSN01402,,,,,,,,,DHARMA,CC0,PSN01402,,,,,,,,,,,,,,,,,,,,,
,PSN01403,,,,,,,,,DHARMA,CC0,PSN01403,,,,,,,,,,,,,,,,,,,,,
,PSN01404,,,,,,,,,DHARMA,CC0,PSN01404,,,,,,,,,,,,,,,,,,,,,
,PSN01405,,,,,,,,,DHARMA,CC0,PSN01405,,,,,,,,,,,,,,,,,,,,,
,PSN01406,,,,,,,,,DHARMA,CC0,PSN01406,,,,,,,,,,,,,,,,,,,,,
,PSN01407,,,,,,,,,DHARMA,CC0,PSN01407,,,,,,,,,,,,,,,,,,,,,
,PSN01408,,,,,,,,,DHARMA,CC0,PSN01408,,,,,,,,,,,,,,,,,,,,,
,PSN01409,,,,,,,,,DHARMA,CC0,PSN01409,,,,,,,,,,,,,,,,,,,,,
,PSN01410,,,,,,,,,DHARMA,CC0,PSN01410,,,,,,,,,,,,,,,,,,,,,
,PSN01411,,,,,,,,,DHARMA,CC0,PSN01411,,,,,,,,,,,,,,,,,,,,,
,PSN01412,,,,,,,,,DHARMA,CC0,PSN01412,,,,,,,,,,,,,,,,,,,,,
,PSN01413,,,,,,,,,DHARMA,CC0,PSN01413,,,,,,,,,,,,,,,,,,,,,
,PSN01414,,,,,,,,,DHARMA,CC0,PSN01414,,,,,,,,,,,,,,,,,,,,,
,PSN01415,,,,,,,,,DHARMA,CC0,PSN01415,,,,,,,,,,,,,,,,,,,,,
,PSN01416,,,,,,,,,DHARMA,CC0,PSN01416,,,,,,,,,,,,,,,,,,,,,
,PSN01417,,,,,,,,,DHARMA,CC0,PSN01417,,,,,,,,,,,,,,,,,,,,,
,PSN01418,,,,,,,,,DHARMA,CC0,PSN01418,,,,,,,,,,,,,,,,,,,,,
,PSN01419,,,,,,,,,DHARMA,CC0,PSN01419,,,,,,,,,,,,,,,,,,,,,
,PSN01420,,,,,,,,,DHARMA,CC0,PSN01420,,,,,,,,,,,,,,,,,,,,,
,PSN01421,,,,,,,,,DHARMA,CC0,PSN01421,,,,,,,,,,,,,,,,,,,,,
,PSN01422,,,,,,,,,DHARMA,CC0,PSN01422,,,,,,,,,,,,,,,,,,,,,
,PSN01423,,,,,,,,,DHARMA,CC0,PSN01423,,,,,,,,,,,,,,,,,,,,,
,PSN01424,,,,,,,,,DHARMA,CC0,PSN01424,,,,,,,,,,,,,,,,,,,,,
,PSN01425,,,,,,,,,DHARMA,CC0,PSN01425,,,,,,,,,,,,,,,,,,,,,
,PSN01426,,,,,,,,,DHARMA,CC0,PSN01426,,,,,,,,,,,,,,,,,,,,,
,PSN01427,,,,,,,,,DHARMA,CC0,PSN01427,,,,,,,,,,,,,,,,,,,,,
,PSN01428,,,,,,,,,DHARMA,CC0,PSN01428,,,,,,,,,,,,,,,,,,,,,
,PSN01429,,,,,,,,,DHARMA,CC0,PSN01429,,,,,,,,,,,,,,,,,,,,,
,PSN01430,,,,,,,,,DHARMA,CC0,PSN01430,,,,,,,,,,,,,,,,,,,,,
,PSN01431,,,,,,,,,DHARMA,CC0,PSN01431,,,,,,,,,,,,,,,,,,,,,
,PSN01432,,,,,,,,,DHARMA,CC0,PSN01432,,,,,,,,,,,,,,,,,,,,,
,PSN01433,,,,,,,,,DHARMA,CC0,PSN01433,,,,,,,,,,,,,,,,,,,,,
,PSN01434,,,,,,,,,DHARMA,CC0,PSN01434,,,,,,,,,,,,,,,,,,,,,
,PSN01435,,,,,,,,,DHARMA,CC0,PSN01435,,,,,,,,,,,,,,,,,,,,,
,PSN01436,,,,,,,,,DHARMA,CC0,PSN01436,,,,,,,,,,,,,,,,,,,,,
,PSN01437,,,,,,,,,DHARMA,CC0,PSN01437,,,,,,,,,,,,,,,,,,,,,
,PSN01438,,,,,,,,,DHARMA,CC0,PSN01438,,,,,,,,,,,,,,,,,,,,,
,PSN01439,,,,,,,,,DHARMA,CC0,PSN01439,,,,,,,,,,,,,,,,,,,,,
,PSN01440,,,,,,,,,DHARMA,CC0,PSN01440,,,,,,,,,,,,,,,,,,,,,
,PSN01441,,,,,,,,,DHARMA,CC0,PSN01441,,,,,,,,,,,,,,,,,,,,,
,PSN01442,,,,,,,,,DHARMA,CC0,PSN01442,,,,,,,,,,,,,,,,,,,,,
,PSN01443,,,,,,,,,DHARMA,CC0,PSN01443,,,,,,,,,,,,,,,,,,,,,
,PSN01444,,,,,,,,,DHARMA,CC0,PSN01444,,,,,,,,,,,,,,,,,,,,,
,PSN01445,,,,,,,,,DHARMA,CC0,PSN01445,,,,,,,,,,,,,,,,,,,,,
,PSN01446,,,,,,,,,DHARMA,CC0,PSN01446,,,,,,,,,,,,,,,,,,,,,
,PSN01447,,,,,,,,,DHARMA,CC0,PSN01447,,,,,,,,,,,,,,,,,,,,,
,PSN01448,,,,,,,,,DHARMA,CC0,PSN01448,,,,,,,,,,,,,,,,,,,,,
,PSN01449,,,,,,,,,DHARMA,CC0,PSN01449,,,,,,,,,,,,,,,,,,,,,
,PSN01450,,,,,,,,,DHARMA,CC0,PSN01450,,,,,,,,,,,,,,,,,,,,,
,PSN01451,,,,,,,,,DHARMA,CC0,PSN01451,,,,,,,,,,,,,,,,,,,,,
,PSN01452,,,,,,,,,DHARMA,CC0,PSN01452,,,,,,,,,,,,,,,,,,,,,
,PSN01453,,,,,,,,,DHARMA,CC0,PSN01453,,,,,,,,,,,,,,,,,,,,,
,PSN01454,,,,,,,,,DHARMA,CC0,PSN01454,,,,,,,,,,,,,,,,,,,,,
,PSN01455,,,,,,,,,DHARMA,CC0,PSN01455,,,,,,,,,,,,,,,,,,,,,
,PSN01456,,,,,,,,,DHARMA,CC0,PSN01456,,,,,,,,,,,,,,,,,,,,,
,PSN01457,,,,,,,,,DHARMA,CC0,PSN01457,,,,,,,,,,,,,,,,,,,,,
,PSN01458,,,,,,,,,DHARMA,CC0,PSN01458,,,,,,,,,,,,,,,,,,,,,
,PSN01459,,,,,,,,,DHARMA,CC0,PSN01459,,,,,,,,,,,,,,,,,,,,,
,PSN01460,,,,,,,,,DHARMA,CC0,PSN01460,,,,,,,,,,,,,,,,,,,,,
,PSN01461,,,,,,,,,DHARMA,CC0,PSN01461,,,,,,,,,,,,,,,,,,,,,
,PSN01462,,,,,,,,,DHARMA,CC0,PSN01462,,,,,,,,,,,,,,,,,,,,,
,PSN01463,,,,,,,,,DHARMA,CC0,PSN01463,,,,,,,,,,,,,,,,,,,,,
,PSN01464,,,,,,,,,DHARMA,CC0,PSN01464,,,,,,,,,,,,,,,,,,,,,
,PSN01465,,,,,,,,,DHARMA,CC0,PSN01465,,,,,,,,,,,,,,,,,,,,,
,PSN01466,,,,,,,,,DHARMA,CC0,PSN01466,,,,,,,,,,,,,,,,,,,,,
,PSN01467,,,,,,,,,DHARMA,CC0,PSN01467,,,,,,,,,,,,,,,,,,,,,
,PSN01468,,,,,,,,,DHARMA,CC0,PSN01468,,,,,,,,,,,,,,,,,,,,,
,PSN01469,,,,,,,,,DHARMA,CC0,PSN01469,,,,,,,,,,,,,,,,,,,,,
,PSN01470,,,,,,,,,DHARMA,CC0,PSN01470,,,,,,,,,,,,,,,,,,,,,
,PSN01471,,,,,,,,,DHARMA,CC0,PSN01471,,,,,,,,,,,,,,,,,,,,,
,PSN01472,,,,,,,,,DHARMA,CC0,PSN01472,,,,,,,,,,,,,,,,,,,,,
,PSN01473,,,,,,,,,DHARMA,CC0,PSN01473,,,,,,,,,,,,,,,,,,,,,
,PSN01474,,,,,,,,,DHARMA,CC0,PSN01474,,,,,,,,,,,,,,,,,,,,,
,PSN01475,,,,,,,,,DHARMA,CC0,PSN01475,,,,,,,,,,,,,,,,,,,,,
,PSN01476,,,,,,,,,DHARMA,CC0,PSN01476,,,,,,,,,,,,,,,,,,,,,
,PSN01477,,,,,,,,,DHARMA,CC0,PSN01477,,,,,,,,,,,,,,,,,,,,,
,PSN01478,,,,,,,,,DHARMA,CC0,PSN01478,,,,,,,,,,,,,,,,,,,,,
,PSN01479,,,,,,,,,DHARMA,CC0,PSN01479,,,,,,,,,,,,,,,,,,,,,
,PSN01480,,,,,,,,,DHARMA,CC0,PSN01480,,,,,,,,,,,,,,,,,,,,,
,PSN01481,,,,,,,,,DHARMA,CC0,PSN01481,,,,,,,,,,,,,,,,,,,,,
,PSN01482,,,,,,,,,DHARMA,CC0,PSN01482,,,,,,,,,,,,,,,,,,,,,
,PSN01483,,,,,,,,,DHARMA,CC0,PSN01483,,,,,,,,,,,,,,,,,,,,,
,PSN01484,,,,,,,,,DHARMA,CC0,PSN01484,,,,,,,,,,,,,,,,,,,,,
,PSN01485,,,,,,,,,DHARMA,CC0,PSN01485,,,,,,,,,,,,,,,,,,,,,
,PSN01486,,,,,,,,,DHARMA,CC0,PSN01486,,,,,,,,,,,,,,,,,,,,,
,PSN01487,,,,,,,,,DHARMA,CC0,PSN01487,,,,,,,,,,,,,,,,,,,,,
,PSN01488,,,,,,,,,DHARMA,CC0,PSN01488,,,,,,,,,,,,,,,,,,,,,
,PSN01489,,,,,,,,,DHARMA,CC0,PSN01489,,,,,,,,,,,,,,,,,,,,,
,PSN01490,,,,,,,,,DHARMA,CC0,PSN01490,,,,,,,,,,,,,,,,,,,,,
,PSN01491,,,,,,,,,DHARMA,CC0,PSN01491,,,,,,,,,,,,,,,,,,,,,
,PSN01492,,,,,,,,,DHARMA,CC0,PSN01492,,,,,,,,,,,,,,,,,,,,,
,PSN01493,,,,,,,,,DHARMA,CC0,PSN01493,,,,,,,,,,,,,,,,,,,,,
,PSN01494,,,,,,,,,DHARMA,CC0,PSN01494,,,,,,,,,,,,,,,,,,,,,
,PSN01495,,,,,,,,,DHARMA,CC0,PSN01495,,,,,,,,,,,,,,,,,,,,,
,PSN01496,,,,,,,,,DHARMA,CC0,PSN01496,,,,,,,,,,,,,,,,,,,,,
,PSN01497,,,,,,,,,DHARMA,CC0,PSN01497,,,,,,,,,,,,,,,,,,,,,
,PSN01498,,,,,,,,,DHARMA,CC0,PSN01498,,,,,,,,,,,,,,,,,,,,,
,PSN01499,,,,,,,,,DHARMA,CC0,PSN01499,,,,,,,,,,,,,,,,,,,,,
,PSN01500,,,,,,,,,DHARMA,CC0,PSN01500,,,,,,,,,,,,,,,,,,,,,
,PSN01501,,,,,,,,,DHARMA,CC0,PSN01501,,,,,,,,,,,,,,,,,,,,,
,PSN01502,,,,,,,,,DHARMA,CC0,PSN01502,,,,,,,,,,,,,,,,,,,,,
,PSN01503,,,,,,,,,DHARMA,CC0,PSN01503,,,,,,,,,,,,,,,,,,,,,
,PSN01504,,,,,,,,,DHARMA,CC0,PSN01504,,,,,,,,,,,,,,,,,,,,,
,PSN01505,,,,,,,,,DHARMA,CC0,PSN01505,,,,,,,,,,,,,,,,,,,,,
,PSN01506,,,,,,,,,DHARMA,CC0,PSN01506,,,,,,,,,,,,,,,,,,,,,
,PSN01507,,,,,,,,,DHARMA,CC0,PSN01507,,,,,,,,,,,,,,,,,,,,,
,PSN01508,,,,,,,,,DHARMA,CC0,PSN01508,,,,,,,,,,,,,,,,,,,,,
,PSN01509,,,,,,,,,DHARMA,CC0,PSN01509,,,,,,,,,,,,,,,,,,,,,
,PSN01510,,,,,,,,,DHARMA,CC0,PSN01510,,,,,,,,,,,,,,,,,,,,,
,PSN01511,,,,,,,,,DHARMA,CC0,PSN01511,,,,,,,,,,,,,,,,,,,,,
,PSN01512,,,,,,,,,DHARMA,CC0,PSN01512,,,,,,,,,,,,,,,,,,,,,
,PSN01513,,,,,,,,,DHARMA,CC0,PSN01513,,,,,,,,,,,,,,,,,,,,,
,PSN01514,,,,,,,,,DHARMA,CC0,PSN01514,,,,,,,,,,,,,,,,,,,,,
,PSN01515,,,,,,,,,DHARMA,CC0,PSN01515,,,,,,,,,,,,,,,,,,,,,
,PSN01516,,,,,,,,,DHARMA,CC0,PSN01516,,,,,,,,,,,,,,,,,,,,,
,PSN01517,,,,,,,,,DHARMA,CC0,PSN01517,,,,,,,,,,,,,,,,,,,,,
,PSN01518,,,,,,,,,DHARMA,CC0,PSN01518,,,,,,,,,,,,,,,,,,,,,
,PSN01519,,,,,,,,,DHARMA,CC0,PSN01519,,,,,,,,,,,,,,,,,,,,,
,PSN01520,,,,,,,,,DHARMA,CC0,PSN01520,,,,,,,,,,,,,,,,,,,,,
,PSN01521,,,,,,,,,DHARMA,CC0,PSN01521,,,,,,,,,,,,,,,,,,,,,
,PSN01522,,,,,,,,,DHARMA,CC0,PSN01522,,,,,,,,,,,,,,,,,,,,,
,PSN01523,,,,,,,,,DHARMA,CC0,PSN01523,,,,,,,,,,,,,,,,,,,,,
,PSN01524,,,,,,,,,DHARMA,CC0,PSN01524,,,,,,,,,,,,,,,,,,,,,
,PSN01525,,,,,,,,,DHARMA,CC0,PSN01525,,,,,,,,,,,,,,,,,,,,,
,PSN01526,,,,,,,,,DHARMA,CC0,PSN01526,,,,,,,,,,,,,,,,,,,,,
,PSN01527,,,,,,,,,DHARMA,CC0,PSN01527,,,,,,,,,,,,,,,,,,,,,
,PSN01528,,,,,,,,,DHARMA,CC0,PSN01528,,,,,,,,,,,,,,,,,,,,,
,PSN01529,,,,,,,,,DHARMA,CC0,PSN01529,,,,,,,,,,,,,,,,,,,,,
,PSN01530,,,,,,,,,DHARMA,CC0,PSN01530,,,,,,,,,,,,,,,,,,,,,
,PSN01531,,,,,,,,,DHARMA,CC0,PSN01531,,,,,,,,,,,,,,,,,,,,,
,PSN01532,,,,,,,,,DHARMA,CC0,PSN01532,,,,,,,,,,,,,,,,,,,,,
,PSN01533,,,,,,,,,DHARMA,CC0,PSN01533,,,,,,,,,,,,,,,,,,,,,
,PSN01534,,,,,,,,,DHARMA,CC0,PSN01534,,,,,,,,,,,,,,,,,,,,,
,PSN01535,,,,,,,,,DHARMA,CC0,PSN01535,,,,,,,,,,,,,,,,,,,,,
,PSN01536,,,,,,,,,DHARMA,CC0,PSN01536,,,,,,,,,,,,,,,,,,,,,
,PSN01537,,,,,,,,,DHARMA,CC0,PSN01537,,,,,,,,,,,,,,,,,,,,,
,PSN01538,,,,,,,,,DHARMA,CC0,PSN01538,,,,,,,,,,,,,,,,,,,,,
,PSN01539,,,,,,,,,DHARMA,CC0,PSN01539,,,,,,,,,,,,,,,,,,,,,
,PSN01540,,,,,,,,,DHARMA,CC0,PSN01540,,,,,,,,,,,,,,,,,,,,,
,PSN01541,,,,,,,,,DHARMA,CC0,PSN01541,,,,,,,,,,,,,,,,,,,,,
,PSN01542,,,,,,,,,DHARMA,CC0,PSN01542,,,,,,,,,,,,,,,,,,,,,
,PSN01543,,,,,,,,,DHARMA,CC0,PSN01543,,,,,,,,,,,,,,,,,,,,,
,PSN01544,,,,,,,,,DHARMA,CC0,PSN01544,,,,,,,,,,,,,,,,,,,,,
,PSN01545,,,,,,,,,DHARMA,CC0,PSN01545,,,,,,,,,,,,,,,,,,,,,
,PSN01546,,,,,,,,,DHARMA,CC0,PSN01546,,,,,,,,,,,,,,,,,,,,,
,PSN01547,,,,,,,,,DHARMA,CC0,PSN01547,,,,,,,,,,,,,,,,,,,,,
,PSN01548,,,,,,,,,DHARMA,CC0,PSN01548,,,,,,,,,,,,,,,,,,,,,
,PSN01549,,,,,,,,,DHARMA,CC0,PSN01549,,,,,,,,,,,,,,,,,,,,,
,PSN01550,,,,,,,,,DHARMA,CC0,PSN01550,,,,,,,,,,,,,,,,,,,,,
,PSN01551,,,,,,,,,DHARMA,CC0,PSN01551,,,,,,,,,,,,,,,,,,,,,
,PSN01552,,,,,,,,,DHARMA,CC0,PSN01552,,,,,,,,,,,,,,,,,,,,,
,PSN01553,,,,,,,,,DHARMA,CC0,PSN01553,,,,,,,,,,,,,,,,,,,,,
,PSN01554,,,,,,,,,DHARMA,CC0,PSN01554,,,,,,,,,,,,,,,,,,,,,
,PSN01555,,,,,,,,,DHARMA,CC0,PSN01555,,,,,,,,,,,,,,,,,,,,,
,PSN01556,,,,,,,,,DHARMA,CC0,PSN01556,,,,,,,,,,,,,,,,,,,,,
,PSN01557,,,,,,,,,DHARMA,CC0,PSN01557,,,,,,,,,,,,,,,,,,,,,
,PSN01558,,,,,,,,,DHARMA,CC0,PSN01558,,,,,,,,,,,,,,,,,,,,,
,PSN01559,,,,,,,,,DHARMA,CC0,PSN01559,,,,,,,,,,,,,,,,,,,,,
,PSN01560,,,,,,,,,DHARMA,CC0,PSN01560,,,,,,,,,,,,,,,,,,,,,
,PSN01561,,,,,,,,,DHARMA,CC0,PSN01561,,,,,,,,,,,,,,,,,,,,,
,PSN01562,,,,,,,,,DHARMA,CC0,PSN01562,,,,,,,,,,,,,,,,,,,,,
,PSN01563,,,,,,,,,DHARMA,CC0,PSN01563,,,,,,,,,,,,,,,,,,,,,
,PSN01564,,,,,,,,,DHARMA,CC0,PSN01564,,,,,,,,,,,,,,,,,,,,,
,PSN01565,,,,,,,,,DHARMA,CC0,PSN01565,,,,,,,,,,,,,,,,,,,,,
,PSN01566,,,,,,,,,DHARMA,CC0,PSN01566,,,,,,,,,,,,,,,,,,,,,
,PSN01567,,,,,,,,,DHARMA,CC0,PSN01567,,,,,,,,,,,,,,,,,,,,,
,PSN01568,,,,,,,,,DHARMA,CC0,PSN01568,,,,,,,,,,,,,,,,,,,,,
,PSN01569,,,,,,,,,DHARMA,CC0,PSN01569,,,,,,,,,,,,,,,,,,,,,
,PSN01570,,,,,,,,,DHARMA,CC0,PSN01570,,,,,,,,,,,,,,,,,,,,,
,PSN01571,,,,,,,,,DHARMA,CC0,PSN01571,,,,,,,,,,,,,,,,,,,,,
,PSN01572,,,,,,,,,DHARMA,CC0,PSN01572,,,,,,,,,,,,,,,,,,,,,
,PSN01573,,,,,,,,,DHARMA,CC0,PSN01573,,,,,,,,,,,,,,,,,,,,,
,PSN01574,,,,,,,,,DHARMA,CC0,PSN01574,,,,,,,,,,,,,,,,,,,,,
,PSN01575,,,,,,,,,DHARMA,CC0,PSN01575,,,,,,,,,,,,,,,,,,,,,
,PSN01576,,,,,,,,,DHARMA,CC0,PSN01576,,,,,,,,,,,,,,,,,,,,,
,PSN01577,,,,,,,,,DHARMA,CC0,PSN01577,,,,,,,,,,,,,,,,,,,,,
,PSN01578,,,,,,,,,DHARMA,CC0,PSN01578,,,,,,,,,,,,,,,,,,,,,
,PSN01579,,,,,,,,,DHARMA,CC0,PSN01579,,,,,,,,,,,,,,,,,,,,,
,PSN01580,,,,,,,,,DHARMA,CC0,PSN01580,,,,,,,,,,,,,,,,,,,,,
,PSN01581,,,,,,,,,DHARMA,CC0,PSN01581,,,,,,,,,,,,,,,,,,,,,
,PSN01582,,,,,,,,,DHARMA,CC0,PSN01582,,,,,,,,,,,,,,,,,,,,,
,PSN01583,,,,,,,,,DHARMA,CC0,PSN01583,,,,,,,,,,,,,,,,,,,,,
,PSN01584,,,,,,,,,DHARMA,CC0,PSN01584,,,,,,,,,,,,,,,,,,,,,
,PSN01585,,,,,,,,,DHARMA,CC0,PSN01585,,,,,,,,,,,,,,,,,,,,,
,PSN01586,,,,,,,,,DHARMA,CC0,PSN01586,,,,,,,,,,,,,,,,,,,,,
,PSN01587,,,,,,,,,DHARMA,CC0,PSN01587,,,,,,,,,,,,,,,,,,,,,
,PSN01588,,,,,,,,,DHARMA,CC0,PSN01588,,,,,,,,,,,,,,,,,,,,,
,PSN01589,,,,,,,,,DHARMA,CC0,PSN01589,,,,,,,,,,,,,,,,,,,,,
,PSN01590,,,,,,,,,DHARMA,CC0,PSN01590,,,,,,,,,,,,,,,,,,,,,
,PSN01591,,,,,,,,,DHARMA,CC0,PSN01591,,,,,,,,,,,,,,,,,,,,,
,PSN01592,,,,,,,,,DHARMA,CC0,PSN01592,,,,,,,,,,,,,,,,,,,,,
,PSN01593,,,,,,,,,DHARMA,CC0,PSN01593,,,,,,,,,,,,,,,,,,,,,
,PSN01594,,,,,,,,,DHARMA,CC0,PSN01594,,,,,,,,,,,,,,,,,,,,,
,PSN01595,,,,,,,,,DHARMA,CC0,PSN01595,,,,,,,,,,,,,,,,,,,,,
,PSN01596,,,,,,,,,DHARMA,CC0,PSN01596,,,,,,,,,,,,,,,,,,,,,
,PSN01597,,,,,,,,,DHARMA,CC0,PSN01597,,,,,,,,,,,,,,,,,,,,,
,PSN01598,,,,,,,,,DHARMA,CC0,PSN01598,,,,,,,,,,,,,,,,,,,,,
,PSN01599,,,,,,,,,DHARMA,CC0,PSN01599,,,,,,,,,,,,,,,,,,,,,
,PSN01600,,,,,,,,,DHARMA,CC0,PSN01600,,,,,,,,,,,,,,,,,,,,,
,PSN01601,,,,,,,,,DHARMA,CC0,PSN01601,,,,,,,,,,,,,,,,,,,,,
,PSN01602,,,,,,,,,DHARMA,CC0,PSN01602,,,,,,,,,,,,,,,,,,,,,
,PSN01603,,,,,,,,,DHARMA,CC0,PSN01603,,,,,,,,,,,,,,,,,,,,,
,PSN01604,,,,,,,,,DHARMA,CC0,PSN01604,,,,,,,,,,,,,,,,,,,,,
,PSN01605,,,,,,,,,DHARMA,CC0,PSN01605,,,,,,,,,,,,,,,,,,,,,
,PSN01606,,,,,,,,,DHARMA,CC0,PSN01606,,,,,,,,,,,,,,,,,,,,,
,PSN01607,,,,,,,,,DHARMA,CC0,PSN01607,,,,,,,,,,,,,,,,,,,,,
,PSN01608,,,,,,,,,DHARMA,CC0,PSN01608,,,,,,,,,,,,,,,,,,,,,
,PSN01609,,,,,,,,,DHARMA,CC0,PSN01609,,,,,,,,,,,,,,,,,,,,,
,PSN01610,,,,,,,,,DHARMA,CC0,PSN01610,,,,,,,,,,,,,,,,,,,,,
,PSN01611,,,,,,,,,DHARMA,CC0,PSN01611,,,,,,,,,,,,,,,,,,,,,
,PSN01612,,,,,,,,,DHARMA,CC0,PSN01612,,,,,,,,,,,,,,,,,,,,,
,PSN01613,,,,,,,,,DHARMA,CC0,PSN01613,,,,,,,,,,,,,,,,,,,,,
,PSN01614,,,,,,,,,DHARMA,CC0,PSN01614,,,,,,,,,,,,,,,,,,,,,
,PSN01615,,,,,,,,,DHARMA,CC0,PSN01615,,,,,,,,,,,,,,,,,,,,,
,PSN01616,,,,,,,,,DHARMA,CC0,PSN01616,,,,,,,,,,,,,,,,,,,,,
,PSN01617,,,,,,,,,DHARMA,CC0,PSN01617,,,,,,,,,,,,,,,,,,,,,
,PSN01618,,,,,,,,,DHARMA,CC0,PSN01618,,,,,,,,,,,,,,,,,,,,,
,PSN01619,,,,,,,,,DHARMA,CC0,PSN01619,,,,,,,,,,,,,,,,,,,,,
,PSN01620,,,,,,,,,DHARMA,CC0,PSN01620,,,,,,,,,,,,,,,,,,,,,
,PSN01621,,,,,,,,,DHARMA,CC0,PSN01621,,,,,,,,,,,,,,,,,,,,,
,PSN01622,,,,,,,,,DHARMA,CC0,PSN01622,,,,,,,,,,,,,,,,,,,,,
,PSN01623,,,,,,,,,DHARMA,CC0,PSN01623,,,,,,,,,,,,,,,,,,,,,
,PSN01624,,,,,,,,,DHARMA,CC0,PSN01624,,,,,,,,,,,,,,,,,,,,,
,PSN01625,,,,,,,,,DHARMA,CC0,PSN01625,,,,,,,,,,,,,,,,,,,,,
,PSN01626,,,,,,,,,DHARMA,CC0,PSN01626,,,,,,,,,,,,,,,,,,,,,
,PSN01627,,,,,,,,,DHARMA,CC0,PSN01627,,,,,,,,,,,,,,,,,,,,,
,PSN01628,,,,,,,,,DHARMA,CC0,PSN01628,,,,,,,,,,,,,,,,,,,,,
,PSN01629,,,,,,,,,DHARMA,CC0,PSN01629,,,,,,,,,,,,,,,,,,,,,
,PSN01630,,,,,,,,,DHARMA,CC0,PSN01630,,,,,,,,,,,,,,,,,,,,,
,PSN01631,,,,,,,,,DHARMA,CC0,PSN01631,,,,,,,,,,,,,,,,,,,,,
,PSN01632,,,,,,,,,DHARMA,CC0,PSN01632,,,,,,,,,,,,,,,,,,,,,
,PSN01633,,,,,,,,,DHARMA,CC0,PSN01633,,,,,,,,,,,,,,,,,,,,,
,PSN01634,,,,,,,,,DHARMA,CC0,PSN01634,,,,,,,,,,,,,,,,,,,,,
,PSN01635,,,,,,,,,DHARMA,CC0,PSN01635,,,,,,,,,,,,,,,,,,,,,
,PSN01636,,,,,,,,,DHARMA,CC0,PSN01636,,,,,,,,,,,,,,,,,,,,,
,PSN01637,,,,,,,,,DHARMA,CC0,PSN01637,,,,,,,,,,,,,,,,,,,,,
,PSN01638,,,,,,,,,DHARMA,CC0,PSN01638,,,,,,,,,,,,,,,,,,,,,
,PSN01639,,,,,,,,,DHARMA,CC0,PSN01639,,,,,,,,,,,,,,,,,,,,,
,PSN01640,,,,,,,,,DHARMA,CC0,PSN01640,,,,,,,,,,,,,,,,,,,,,
,PSN01641,,,,,,,,,DHARMA,CC0,PSN01641,,,,,,,,,,,,,,,,,,,,,
,PSN01642,,,,,,,,,DHARMA,CC0,PSN01642,,,,,,,,,,,,,,,,,,,,,
,PSN01643,,,,,,,,,DHARMA,CC0,PSN01643,,,,,,,,,,,,,,,,,,,,,
,PSN01644,,,,,,,,,DHARMA,CC0,PSN01644,,,,,,,,,,,,,,,,,,,,,
,PSN01645,,,,,,,,,DHARMA,CC0,PSN01645,,,,,,,,,,,,,,,,,,,,,
,PSN01646,,,,,,,,,DHARMA,CC0,PSN01646,,,,,,,,,,,,,,,,,,,,,
,PSN01647,,,,,,,,,DHARMA,CC0,PSN01647,,,,,,,,,,,,,,,,,,,,,
,PSN01648,,,,,,,,,DHARMA,CC0,PSN01648,,,,,,,,,,,,,,,,,,,,,
,PSN01649,,,,,,,,,DHARMA,CC0,PSN01649,,,,,,,,,,,,,,,,,,,,,
,PSN01650,,,,,,,,,DHARMA,CC0,PSN01650,,,,,,,,,,,,,,,,,,,,,
,PSN01651,,,,,,,,,DHARMA,CC0,PSN01651,,,,,,,,,,,,,,,,,,,,,
,PSN01652,,,,,,,,,DHARMA,CC0,PSN01652,,,,,,,,,,,,,,,,,,,,,
,PSN01653,,,,,,,,,DHARMA,CC0,PSN01653,,,,,,,,,,,,,,,,,,,,,
,PSN01654,,,,,,,,,DHARMA,CC0,PSN01654,,,,,,,,,,,,,,,,,,,,,
,PSN01655,,,,,,,,,DHARMA,CC0,PSN01655,,,,,,,,,,,,,,,,,,,,,
,PSN01656,,,,,,,,,DHARMA,CC0,PSN01656,,,,,,,,,,,,,,,,,,,,,
,PSN01657,,,,,,,,,DHARMA,CC0,PSN01657,,,,,,,,,,,,,,,,,,,,,
,PSN01658,,,,,,,,,DHARMA,CC0,PSN01658,,,,,,,,,,,,,,,,,,,,,
,PSN01659,,,,,,,,,DHARMA,CC0,PSN01659,,,,,,,,,,,,,,,,,,,,,
,PSN01660,,,,,,,,,DHARMA,CC0,PSN01660,,,,,,,,,,,,,,,,,,,,,
,PSN01661,,,,,,,,,DHARMA,CC0,PSN01661,,,,,,,,,,,,,,,,,,,,,
,PSN01662,,,,,,,,,DHARMA,CC0,PSN01662,,,,,,,,,,,,,,,,,,,,,
,PSN01663,,,,,,,,,DHARMA,CC0,PSN01663,,,,,,,,,,,,,,,,,,,,,
,PSN01664,,,,,,,,,DHARMA,CC0,PSN01664,,,,,,,,,,,,,,,,,,,,,
,PSN01665,,,,,,,,,DHARMA,CC0,PSN01665,,,,,,,,,,,,,,,,,,,,,
,PSN01666,,,,,,,,,DHARMA,CC0,PSN01666,,,,,,,,,,,,,,,,,,,,,
,PSN01667,,,,,,,,,DHARMA,CC0,PSN01667,,,,,,,,,,,,,,,,,,,,,
,PSN01668,,,,,,,,,DHARMA,CC0,PSN01668,,,,,,,,,,,,,,,,,,,,,
,PSN01669,,,,,,,,,DHARMA,CC0,PSN01669,,,,,,,,,,,,,,,,,,,,,
,PSN01670,,,,,,,,,DHARMA,CC0,PSN01670,,,,,,,,,,,,,,,,,,,,,
,PSN01671,,,,,,,,,DHARMA,CC0,PSN01671,,,,,,,,,,,,,,,,,,,,,
,PSN01672,,,,,,,,,DHARMA,CC0,PSN01672,,,,,,,,,,,,,,,,,,,,,
,PSN01673,,,,,,,,,DHARMA,CC0,PSN01673,,,,,,,,,,,,,,,,,,,,,
,PSN01674,,,,,,,,,DHARMA,CC0,PSN01674,,,,,,,,,,,,,,,,,,,,,
,PSN01675,,,,,,,,,DHARMA,CC0,PSN01675,,,,,,,,,,,,,,,,,,,,,
,PSN01676,,,,,,,,,DHARMA,CC0,PSN01676,,,,,,,,,,,,,,,,,,,,,
,PSN01677,,,,,,,,,DHARMA,CC0,PSN01677,,,,,,,,,,,,,,,,,,,,,
,PSN01678,,,,,,,,,DHARMA,CC0,PSN01678,,,,,,,,,,,,,,,,,,,,,
,PSN01679,,,,,,,,,DHARMA,CC0,PSN01679,,,,,,,,,,,,,,,,,,,,,
,PSN01680,,,,,,,,,DHARMA,CC0,PSN01680,,,,,,,,,,,,,,,,,,,,,
,PSN01681,,,,,,,,,DHARMA,CC0,PSN01681,,,,,,,,,,,,,,,,,,,,,
,PSN01682,,,,,,,,,DHARMA,CC0,PSN01682,,,,,,,,,,,,,,,,,,,,,
,PSN01683,,,,,,,,,DHARMA,CC0,PSN01683,,,,,,,,,,,,,,,,,,,,,
,PSN01684,,,,,,,,,DHARMA,CC0,PSN01684,,,,,,,,,,,,,,,,,,,,,
,PSN01685,,,,,,,,,DHARMA,CC0,PSN01685,,,,,,,,,,,,,,,,,,,,,
,PSN01686,,,,,,,,,DHARMA,CC0,PSN01686,,,,,,,,,,,,,,,,,,,,,
,PSN01687,,,,,,,,,DHARMA,CC0,PSN01687,,,,,,,,,,,,,,,,,,,,,
,PSN01688,,,,,,,,,DHARMA,CC0,PSN01688,,,,,,,,,,,,,,,,,,,,,
,PSN01689,,,,,,,,,DHARMA,CC0,PSN01689,,,,,,,,,,,,,,,,,,,,,
,PSN01690,,,,,,,,,DHARMA,CC0,PSN01690,,,,,,,,,,,,,,,,,,,,,
,PSN01691,,,,,,,,,DHARMA,CC0,PSN01691,,,,,,,,,,,,,,,,,,,,,
,PSN01692,,,,,,,,,DHARMA,CC0,PSN01692,,,,,,,,,,,,,,,,,,,,,
,PSN01693,,,,,,,,,DHARMA,CC0,PSN01693,,,,,,,,,,,,,,,,,,,,,
,PSN01694,,,,,,,,,DHARMA,CC0,PSN01694,,,,,,,,,,,,,,,,,,,,,
,PSN01695,,,,,,,,,DHARMA,CC0,PSN01695,,,,,,,,,,,,,,,,,,,,,
,PSN01696,,,,,,,,,DHARMA,CC0,PSN01696,,,,,,,,,,,,,,,,,,,,,
,PSN01697,,,,,,,,,DHARMA,CC0,PSN01697,,,,,,,,,,,,,,,,,,,,,
,PSN01698,,,,,,,,,DHARMA,CC0,PSN01698,,,,,,,,,,,,,,,,,,,,,
,PSN01699,,,,,,,,,DHARMA,CC0,PSN01699,,,,,,,,,,,,,,,,,,,,,
,PSN01700,,,,,,,,,DHARMA,CC0,PSN01700,,,,,,,,,,,,,,,,,,,,,
,PSN01701,,,,,,,,,DHARMA,CC0,PSN01701,,,,,,,,,,,,,,,,,,,,,
,PSN01702,,,,,,,,,DHARMA,CC0,PSN01702,,,,,,,,,,,,,,,,,,,,,
,PSN01703,,,,,,,,,DHARMA,CC0,PSN01703,,,,,,,,,,,,,,,,,,,,,
,PSN01704,,,,,,,,,DHARMA,CC0,PSN01704,,,,,,,,,,,,,,,,,,,,,
,PSN01705,,,,,,,,,DHARMA,CC0,PSN01705,,,,,,,,,,,,,,,,,,,,,
,PSN01706,,,,,,,,,DHARMA,CC0,PSN01706,,,,,,,,,,,,,,,,,,,,,
,PSN01707,,,,,,,,,DHARMA,CC0,PSN01707,,,,,,,,,,,,,,,,,,,,,
,PSN01708,,,,,,,,,DHARMA,CC0,PSN01708,,,,,,,,,,,,,,,,,,,,,
,PSN01709,,,,,,,,,DHARMA,CC0,PSN01709,,,,,,,,,,,,,,,,,,,,,
,PSN01710,,,,,,,,,DHARMA,CC0,PSN01710,,,,,,,,,,,,,,,,,,,,,
,PSN01711,,,,,,,,,DHARMA,CC0,PSN01711,,,,,,,,,,,,,,,,,,,,,
,PSN01712,,,,,,,,,DHARMA,CC0,PSN01712,,,,,,,,,,,,,,,,,,,,,
,PSN01713,,,,,,,,,DHARMA,CC0,PSN01713,,,,,,,,,,,,,,,,,,,,,
,PSN01714,,,,,,,,,DHARMA,CC0,PSN01714,,,,,,,,,,,,,,,,,,,,,
,PSN01715,,,,,,,,,DHARMA,CC0,PSN01715,,,,,,,,,,,,,,,,,,,,,
,PSN01716,,,,,,,,,DHARMA,CC0,PSN01716,,,,,,,,,,,,,,,,,,,,,
,PSN01717,,,,,,,,,DHARMA,CC0,PSN01717,,,,,,,,,,,,,,,,,,,,,
,PSN01718,,,,,,,,,DHARMA,CC0,PSN01718,,,,,,,,,,,,,,,,,,,,,
,PSN01719,,,,,,,,,DHARMA,CC0,PSN01719,,,,,,,,,,,,,,,,,,,,,
,PSN01720,,,,,,,,,DHARMA,CC0,PSN01720,,,,,,,,,,,,,,,,,,,,,
,PSN01721,,,,,,,,,DHARMA,CC0,PSN01721,,,,,,,,,,,,,,,,,,,,,
,PSN01722,,,,,,,,,DHARMA,CC0,PSN01722,,,,,,,,,,,,,,,,,,,,,
,PSN01723,,,,,,,,,DHARMA,CC0,PSN01723,,,,,,,,,,,,,,,,,,,,,
,PSN01724,,,,,,,,,DHARMA,CC0,PSN01724,,,,,,,,,,,,,,,,,,,,,
,PSN01725,,,,,,,,,DHARMA,CC0,PSN01725,,,,,,,,,,,,,,,,,,,,,
,PSN01726,,,,,,,,,DHARMA,CC0,PSN01726,,,,,,,,,,,,,,,,,,,,,
,PSN01727,,,,,,,,,DHARMA,CC0,PSN01727,,,,,,,,,,,,,,,,,,,,,
,PSN01728,,,,,,,,,DHARMA,CC0,PSN01728,,,,,,,,,,,,,,,,,,,,,
,PSN01729,,,,,,,,,DHARMA,CC0,PSN01729,,,,,,,,,,,,,,,,,,,,,
,PSN01730,,,,,,,,,DHARMA,CC0,PSN01730,,,,,,,,,,,,,,,,,,,,,
,PSN01731,,,,,,,,,DHARMA,CC0,PSN01731,,,,,,,,,,,,,,,,,,,,,
,PSN01732,,,,,,,,,DHARMA,CC0,PSN01732,,,,,,,,,,,,,,,,,,,,,
,PSN01733,,,,,,,,,DHARMA,CC0,PSN01733,,,,,,,,,,,,,,,,,,,,,
,PSN01734,,,,,,,,,DHARMA,CC0,PSN01734,,,,,,,,,,,,,,,,,,,,,
,PSN01735,,,,,,,,,DHARMA,CC0,PSN01735,,,,,,,,,,,,,,,,,,,,,
,PSN01736,,,,,,,,,DHARMA,CC0,PSN01736,,,,,,,,,,,,,,,,,,,,,
,PSN01737,,,,,,,,,DHARMA,CC0,PSN01737,,,,,,,,,,,,,,,,,,,,,
,PSN01738,,,,,,,,,DHARMA,CC0,PSN01738,,,,,,,,,,,,,,,,,,,,,
,PSN01739,,,,,,,,,DHARMA,CC0,PSN01739,,,,,,,,,,,,,,,,,,,,,
,PSN01740,,,,,,,,,DHARMA,CC0,PSN01740,,,,,,,,,,,,,,,,,,,,,
,PSN01741,,,,,,,,,DHARMA,CC0,PSN01741,,,,,,,,,,,,,,,,,,,,,
,PSN01742,,,,,,,,,DHARMA,CC0,PSN01742,,,,,,,,,,,,,,,,,,,,,
,PSN01743,,,,,,,,,DHARMA,CC0,PSN01743,,,,,,,,,,,,,,,,,,,,,
,PSN01744,,,,,,,,,DHARMA,CC0,PSN01744,,,,,,,,,,,,,,,,,,,,,
,PSN01745,,,,,,,,,DHARMA,CC0,PSN01745,,,,,,,,,,,,,,,,,,,,,
,PSN01746,,,,,,,,,DHARMA,CC0,PSN01746,,,,,,,,,,,,,,,,,,,,,
,PSN01747,,,,,,,,,DHARMA,CC0,PSN01747,,,,,,,,,,,,,,,,,,,,,
,PSN01748,,,,,,,,,DHARMA,CC0,PSN01748,,,,,,,,,,,,,,,,,,,,,
,PSN01749,,,,,,,,,DHARMA,CC0,PSN01749,,,,,,,,,,,,,,,,,,,,,
,PSN01750,,,,,,,,,DHARMA,CC0,PSN01750,,,,,,,,,,,,,,,,,,,,,
,PSN01751,,,,,,,,,DHARMA,CC0,PSN01751,,,,,,,,,,,,,,,,,,,,,
,PSN01752,,,,,,,,,DHARMA,CC0,PSN01752,,,,,,,,,,,,,,,,,,,,,
,PSN01753,,,,,,,,,DHARMA,CC0,PSN01753,,,,,,,,,,,,,,,,,,,,,
,PSN01754,,,,,,,,,DHARMA,CC0,PSN01754,,,,,,,,,,,,,,,,,,,,,
,PSN01755,,,,,,,,,DHARMA,CC0,PSN01755,,,,,,,,,,,,,,,,,,,,,
,PSN01756,,,,,,,,,DHARMA,CC0,PSN01756,,,,,,,,,,,,,,,,,,,,,
,PSN01757,,,,,,,,,DHARMA,CC0,PSN01757,,,,,,,,,,,,,,,,,,,,,
,PSN01758,,,,,,,,,DHARMA,CC0,PSN01758,,,,,,,,,,,,,,,,,,,,,
,PSN01759,,,,,,,,,DHARMA,CC0,PSN01759,,,,,,,,,,,,,,,,,,,,,
,PSN01760,,,,,,,,,DHARMA,CC0,PSN01760,,,,,,,,,,,,,,,,,,,,,
,PSN01761,,,,,,,,,DHARMA,CC0,PSN01761,,,,,,,,,,,,,,,,,,,,,
,PSN01762,,,,,,,,,DHARMA,CC0,PSN01762,,,,,,,,,,,,,,,,,,,,,
,PSN01763,,,,,,,,,DHARMA,CC0,PSN01763,,,,,,,,,,,,,,,,,,,,,
,PSN01764,,,,,,,,,DHARMA,CC0,PSN01764,,,,,,,,,,,,,,,,,,,,,
,PSN01765,,,,,,,,,DHARMA,CC0,PSN01765,,,,,,,,,,,,,,,,,,,,,
,PSN01766,,,,,,,,,DHARMA,CC0,PSN01766,,,,,,,,,,,,,,,,,,,,,
,PSN01767,,,,,,,,,DHARMA,CC0,PSN01767,,,,,,,,,,,,,,,,,,,,,
,PSN01768,,,,,,,,,DHARMA,CC0,PSN01768,,,,,,,,,,,,,,,,,,,,,
,PSN01769,,,,,,,,,DHARMA,CC0,PSN01769,,,,,,,,,,,,,,,,,,,,,
,PSN01770,,,,,,,,,DHARMA,CC0,PSN01770,,,,,,,,,,,,,,,,,,,,,
,PSN01771,,,,,,,,,DHARMA,CC0,PSN01771,,,,,,,,,,,,,,,,,,,,,
,PSN01772,,,,,,,,,DHARMA,CC0,PSN01772,,,,,,,,,,,,,,,,,,,,,
,PSN01773,,,,,,,,,DHARMA,CC0,PSN01773,,,,,,,,,,,,,,,,,,,,,
,PSN01774,,,,,,,,,DHARMA,CC0,PSN01774,,,,,,,,,,,,,,,,,,,,,
,PSN01775,,,,,,,,,DHARMA,CC0,PSN01775,,,,,,,,,,,,,,,,,,,,,
,PSN01776,,,,,,,,,DHARMA,CC0,PSN01776,,,,,,,,,,,,,,,,,,,,,
,PSN01777,,,,,,,,,DHARMA,CC0,PSN01777,,,,,,,,,,,,,,,,,,,,,
,PSN01778,,,,,,,,,DHARMA,CC0,PSN01778,,,,,,,,,,,,,,,,,,,,,
,PSN01779,,,,,,,,,DHARMA,CC0,PSN01779,,,,,,,,,,,,,,,,,,,,,
,PSN01780,,,,,,,,,DHARMA,CC0,PSN01780,,,,,,,,,,,,,,,,,,,,,
,PSN01781,,,,,,,,,DHARMA,CC0,PSN01781,,,,,,,,,,,,,,,,,,,,,
,PSN01782,,,,,,,,,DHARMA,CC0,PSN01782,,,,,,,,,,,,,,,,,,,,,
,PSN01783,,,,,,,,,DHARMA,CC0,PSN01783,,,,,,,,,,,,,,,,,,,,,
,PSN01784,,,,,,,,,DHARMA,CC0,PSN01784,,,,,,,,,,,,,,,,,,,,,
,PSN01785,,,,,,,,,DHARMA,CC0,PSN01785,,,,,,,,,,,,,,,,,,,,,
,PSN01786,,,,,,,,,DHARMA,CC0,PSN01786,,,,,,,,,,,,,,,,,,,,,
,PSN01787,,,,,,,,,DHARMA,CC0,PSN01787,,,,,,,,,,,,,,,,,,,,,
,PSN01788,,,,,,,,,DHARMA,CC0,PSN01788,,,,,,,,,,,,,,,,,,,,,
,PSN01789,,,,,,,,,DHARMA,CC0,PSN01789,,,,,,,,,,,,,,,,,,,,,
,PSN01790,,,,,,,,,DHARMA,CC0,PSN01790,,,,,,,,,,,,,,,,,,,,,
,PSN01791,,,,,,,,,DHARMA,CC0,PSN01791,,,,,,,,,,,,,,,,,,,,,
,PSN01792,,,,,,,,,DHARMA,CC0,PSN01792,,,,,,,,,,,,,,,,,,,,,
,PSN01793,,,,,,,,,DHARMA,CC0,PSN01793,,,,,,,,,,,,,,,,,,,,,
,PSN01794,,,,,,,,,DHARMA,CC0,PSN01794,,,,,,,,,,,,,,,,,,,,,
,PSN01795,,,,,,,,,DHARMA,CC0,PSN01795,,,,,,,,,,,,,,,,,,,,,
,PSN01796,,,,,,,,,DHARMA,CC0,PSN01796,,,,,,,,,,,,,,,,,,,,,
,PSN01797,,,,,,,,,DHARMA,CC0,PSN01797,,,,,,,,,,,,,,,,,,,,,
,PSN01798,,,,,,,,,DHARMA,CC0,PSN01798,,,,,,,,,,,,,,,,,,,,,
,PSN01799,,,,,,,,,DHARMA,CC0,PSN01799,,,,,,,,,,,,,,,,,,,,,
,PSN01800,,,,,,,,,DHARMA,CC0,PSN01800,,,,,,,,,,,,,,,,,,,,,
,PSN01801,,,,,,,,,DHARMA,CC0,PSN01801,,,,,,,,,,,,,,,,,,,,,
,PSN01802,,,,,,,,,DHARMA,CC0,PSN01802,,,,,,,,,,,,,,,,,,,,,
,PSN01803,,,,,,,,,DHARMA,CC0,PSN01803,,,,,,,,,,,,,,,,,,,,,
,PSN01804,,,,,,,,,DHARMA,CC0,PSN01804,,,,,,,,,,,,,,,,,,,,,
,PSN01805,,,,,,,,,DHARMA,CC0,PSN01805,,,,,,,,,,,,,,,,,,,,,
,PSN01806,,,,,,,,,DHARMA,CC0,PSN01806,,,,,,,,,,,,,,,,,,,,,
,PSN01807,,,,,,,,,DHARMA,CC0,PSN01807,,,,,,,,,,,,,,,,,,,,,
,PSN01808,,,,,,,,,DHARMA,CC0,PSN01808,,,,,,,,,,,,,,,,,,,,,
,PSN01809,,,,,,,,,DHARMA,CC0,PSN01809,,,,,,,,,,,,,,,,,,,,,
,PSN01810,,,,,,,,,DHARMA,CC0,PSN01810,,,,,,,,,,,,,,,,,,,,,
,PSN01811,,,,,,,,,DHARMA,CC0,PSN01811,,,,,,,,,,,,,,,,,,,,,
,PSN01812,,,,,,,,,DHARMA,CC0,PSN01812,,,,,,,,,,,,,,,,,,,,,
,PSN01813,,,,,,,,,DHARMA,CC0,PSN01813,,,,,,,,,,,,,,,,,,,,,
,PSN01814,,,,,,,,,DHARMA,CC0,PSN01814,,,,,,,,,,,,,,,,,,,,,
,PSN01815,,,,,,,,,DHARMA,CC0,PSN01815,,,,,,,,,,,,,,,,,,,,,
,PSN01816,,,,,,,,,DHARMA,CC0,PSN01816,,,,,,,,,,,,,,,,,,,,,
,PSN01817,,,,,,,,,DHARMA,CC0,PSN01817,,,,,,,,,,,,,,,,,,,,,
,PSN01818,,,,,,,,,DHARMA,CC0,PSN01818,,,,,,,,,,,,,,,,,,,,,
,PSN01819,,,,,,,,,DHARMA,CC0,PSN01819,,,,,,,,,,,,,,,,,,,,,
,PSN01820,,,,,,,,,DHARMA,CC0,PSN01820,,,,,,,,,,,,,,,,,,,,,
,PSN01821,,,,,,,,,DHARMA,CC0,PSN01821,,,,,,,,,,,,,,,,,,,,,
,PSN01822,,,,,,,,,DHARMA,CC0,PSN01822,,,,,,,,,,,,,,,,,,,,,
,PSN01823,,,,,,,,,DHARMA,CC0,PSN01823,,,,,,,,,,,,,,,,,,,,,
,PSN01824,,,,,,,,,DHARMA,CC0,PSN01824,,,,,,,,,,,,,,,,,,,,,
,PSN01825,,,,,,,,,DHARMA,CC0,PSN01825,,,,,,,,,,,,,,,,,,,,,
,PSN01826,,,,,,,,,DHARMA,CC0,PSN01826,,,,,,,,,,,,,,,,,,,,,
,PSN01827,,,,,,,,,DHARMA,CC0,PSN01827,,,,,,,,,,,,,,,,,,,,,
,PSN01828,,,,,,,,,DHARMA,CC0,PSN01828,,,,,,,,,,,,,,,,,,,,,
,PSN01829,,,,,,,,,DHARMA,CC0,PSN01829,,,,,,,,,,,,,,,,,,,,,
,PSN01830,,,,,,,,,DHARMA,CC0,PSN01830,,,,,,,,,,,,,,,,,,,,,
,PSN01831,,,,,,,,,DHARMA,CC0,PSN01831,,,,,,,,,,,,,,,,,,,,,
,PSN01832,,,,,,,,,DHARMA,CC0,PSN01832,,,,,,,,,,,,,,,,,,,,,
,PSN01833,,,,,,,,,DHARMA,CC0,PSN01833,,,,,,,,,,,,,,,,,,,,,
,PSN01834,,,,,,,,,DHARMA,CC0,PSN01834,,,,,,,,,,,,,,,,,,,,,
,PSN01835,,,,,,,,,DHARMA,CC0,PSN01835,,,,,,,,,,,,,,,,,,,,,
,PSN01836,,,,,,,,,DHARMA,CC0,PSN01836,,,,,,,,,,,,,,,,,,,,,
,PSN01837,,,,,,,,,DHARMA,CC0,PSN01837,,,,,,,,,,,,,,,,,,,,,
,PSN01838,,,,,,,,,DHARMA,CC0,PSN01838,,,,,,,,,,,,,,,,,,,,,
,PSN01839,,,,,,,,,DHARMA,CC0,PSN01839,,,,,,,,,,,,,,,,,,,,,
,PSN01840,,,,,,,,,DHARMA,CC0,PSN01840,,,,,,,,,,,,,,,,,,,,,
,PSN01841,,,,,,,,,DHARMA,CC0,PSN01841,,,,,,,,,,,,,,,,,,,,,
,PSN01842,,,,,,,,,DHARMA,CC0,PSN01842,,,,,,,,,,,,,,,,,,,,,
,PSN01843,,,,,,,,,DHARMA,CC0,PSN01843,,,,,,,,,,,,,,,,,,,,,
,PSN01844,,,,,,,,,DHARMA,CC0,PSN01844,,,,,,,,,,,,,,,,,,,,,
,PSN01845,,,,,,,,,DHARMA,CC0,PSN01845,,,,,,,,,,,,,,,,,,,,,
,PSN01846,,,,,,,,,DHARMA,CC0,PSN01846,,,,,,,,,,,,,,,,,,,,,
,PSN01847,,,,,,,,,DHARMA,CC0,PSN01847,,,,,,,,,,,,,,,,,,,,,
,PSN01848,,,,,,,,,DHARMA,CC0,PSN01848,,,,,,,,,,,,,,,,,,,,,
,PSN01849,,,,,,,,,DHARMA,CC0,PSN01849,,,,,,,,,,,,,,,,,,,,,
,PSN01850,,,,,,,,,DHARMA,CC0,PSN01850,,,,,,,,,,,,,,,,,,,,,
,PSN01851,,,,,,,,,DHARMA,CC0,PSN01851,,,,,,,,,,,,,,,,,,,,,
,PSN01852,,,,,,,,,DHARMA,CC0,PSN01852,,,,,,,,,,,,,,,,,,,,,
,PSN01853,,,,,,,,,DHARMA,CC0,PSN01853,,,,,,,,,,,,,,,,,,,,,
,PSN01854,,,,,,,,,DHARMA,CC0,PSN01854,,,,,,,,,,,,,,,,,,,,,
,PSN01855,,,,,,,,,DHARMA,CC0,PSN01855,,,,,,,,,,,,,,,,,,,,,
,PSN01856,,,,,,,,,DHARMA,CC0,PSN01856,,,,,,,,,,,,,,,,,,,,,
,PSN01857,,,,,,,,,DHARMA,CC0,PSN01857,,,,,,,,,,,,,,,,,,,,,
,PSN01858,,,,,,,,,DHARMA,CC0,PSN01858,,,,,,,,,,,,,,,,,,,,,
,PSN01859,,,,,,,,,DHARMA,CC0,PSN01859,,,,,,,,,,,,,,,,,,,,,
,PSN01860,,,,,,,,,DHARMA,CC0,PSN01860,,,,,,,,,,,,,,,,,,,,,
,PSN01861,,,,,,,,,DHARMA,CC0,PSN01861,,,,,,,,,,,,,,,,,,,,,
,PSN01862,,,,,,,,,DHARMA,CC0,PSN01862,,,,,,,,,,,,,,,,,,,,,
,PSN01863,,,,,,,,,DHARMA,CC0,PSN01863,,,,,,,,,,,,,,,,,,,,,
,PSN01864,,,,,,,,,DHARMA,CC0,PSN01864,,,,,,,,,,,,,,,,,,,,,
,PSN01865,,,,,,,,,DHARMA,CC0,PSN01865,,,,,,,,,,,,,,,,,,,,,
,PSN01866,,,,,,,,,DHARMA,CC0,PSN01866,,,,,,,,,,,,,,,,,,,,,
,PSN01867,,,,,,,,,DHARMA,CC0,PSN01867,,,,,,,,,,,,,,,,,,,,,
,PSN01868,,,,,,,,,DHARMA,CC0,PSN01868,,,,,,,,,,,,,,,,,,,,,
,PSN01869,,,,,,,,,DHARMA,CC0,PSN01869,,,,,,,,,,,,,,,,,,,,,
,PSN01870,,,,,,,,,DHARMA,CC0,PSN01870,,,,,,,,,,,,,,,,,,,,,
,PSN01871,,,,,,,,,DHARMA,CC0,PSN01871,,,,,,,,,,,,,,,,,,,,,
,PSN01872,,,,,,,,,DHARMA,CC0,PSN01872,,,,,,,,,,,,,,,,,,,,,
,PSN01873,,,,,,,,,DHARMA,CC0,PSN01873,,,,,,,,,,,,,,,,,,,,,
,PSN01874,,,,,,,,,DHARMA,CC0,PSN01874,,,,,,,,,,,,,,,,,,,,,
,PSN01875,,,,,,,,,DHARMA,CC0,PSN01875,,,,,,,,,,,,,,,,,,,,,
,PSN01876,,,,,,,,,DHARMA,CC0,PSN01876,,,,,,,,,,,,,,,,,,,,,
,PSN01877,,,,,,,,,DHARMA,CC0,PSN01877,,,,,,,,,,,,,,,,,,,,,
,PSN01878,,,,,,,,,DHARMA,CC0,PSN01878,,,,,,,,,,,,,,,,,,,,,
,PSN01879,,,,,,,,,DHARMA,CC0,PSN01879,,,,,,,,,,,,,,,,,,,,,
,PSN01880,,,,,,,,,DHARMA,CC0,PSN01880,,,,,,,,,,,,,,,,,,,,,
,PSN01881,,,,,,,,,DHARMA,CC0,PSN01881,,,,,,,,,,,,,,,,,,,,,
,PSN01882,,,,,,,,,DHARMA,CC0,PSN01882,,,,,,,,,,,,,,,,,,,,,
,PSN01883,,,,,,,,,DHARMA,CC0,PSN01883,,,,,,,,,,,,,,,,,,,,,
,PSN01884,,,,,,,,,DHARMA,CC0,PSN01884,,,,,,,,,,,,,,,,,,,,,
,PSN01885,,,,,,,,,DHARMA,CC0,PSN01885,,,,,,,,,,,,,,,,,,,,,
,PSN01886,,,,,,,,,DHARMA,CC0,PSN01886,,,,,,,,,,,,,,,,,,,,,
,PSN01887,,,,,,,,,DHARMA,CC0,PSN01887,,,,,,,,,,,,,,,,,,,,,
,PSN01888,,,,,,,,,DHARMA,CC0,PSN01888,,,,,,,,,,,,,,,,,,,,,
,PSN01889,,,,,,,,,DHARMA,CC0,PSN01889,,,,,,,,,,,,,,,,,,,,,
,PSN01890,,,,,,,,,DHARMA,CC0,PSN01890,,,,,,,,,,,,,,,,,,,,,
,PSN01891,,,,,,,,,DHARMA,CC0,PSN01891,,,,,,,,,,,,,,,,,,,,,
,PSN01892,,,,,,,,,DHARMA,CC0,PSN01892,,,,,,,,,,,,,,,,,,,,,
,PSN01893,,,,,,,,,DHARMA,CC0,PSN01893,,,,,,,,,,,,,,,,,,,,,
,PSN01894,,,,,,,,,DHARMA,CC0,PSN01894,,,,,,,,,,,,,,,,,,,,,
,PSN01895,,,,,,,,,DHARMA,CC0,PSN01895,,,,,,,,,,,,,,,,,,,,,
,PSN01896,,,,,,,,,DHARMA,CC0,PSN01896,,,,,,,,,,,,,,,,,,,,,
,PSN01897,,,,,,,,,DHARMA,CC0,PSN01897,,,,,,,,,,,,,,,,,,,,,
,PSN01898,,,,,,,,,DHARMA,CC0,PSN01898,,,,,,,,,,,,,,,,,,,,,
,PSN01899,,,,,,,,,DHARMA,CC0,PSN01899,,,,,,,,,,,,,,,,,,,,,
,PSN01900,,,,,,,,,DHARMA,CC0,PSN01900,,,,,,,,,,,,,,,,,,,,,
,PSN01901,,,,,,,,,DHARMA,CC0,PSN01901,,,,,,,,,,,,,,,,,,,,,
,PSN01902,,,,,,,,,DHARMA,CC0,PSN01902,,,,,,,,,,,,,,,,,,,,,
,PSN01903,,,,,,,,,DHARMA,CC0,PSN01903,,,,,,,,,,,,,,,,,,,,,
,PSN01904,,,,,,,,,DHARMA,CC0,PSN01904,,,,,,,,,,,,,,,,,,,,,
,PSN01905,,,,,,,,,DHARMA,CC0,PSN01905,,,,,,,,,,,,,,,,,,,,,
,PSN01906,,,,,,,,,DHARMA,CC0,PSN01906,,,,,,,,,,,,,,,,,,,,,
,PSN01907,,,,,,,,,DHARMA,CC0,PSN01907,,,,,,,,,,,,,,,,,,,,,
,PSN01908,,,,,,,,,DHARMA,CC0,PSN01908,,,,,,,,,,,,,,,,,,,,,
,PSN01909,,,,,,,,,DHARMA,CC0,PSN01909,,,,,,,,,,,,,,,,,,,,,
,PSN01910,,,,,,,,,DHARMA,CC0,PSN01910,,,,,,,,,,,,,,,,,,,,,
,PSN01911,,,,,,,,,DHARMA,CC0,PSN01911,,,,,,,,,,,,,,,,,,,,,
,PSN01912,,,,,,,,,DHARMA,CC0,PSN01912,,,,,,,,,,,,,,,,,,,,,
,PSN01913,,,,,,,,,DHARMA,CC0,PSN01913,,,,,,,,,,,,,,,,,,,,,
,PSN01914,,,,,,,,,DHARMA,CC0,PSN01914,,,,,,,,,,,,,,,,,,,,,
,PSN01915,,,,,,,,,DHARMA,CC0,PSN01915,,,,,,,,,,,,,,,,,,,,,
,PSN01916,,,,,,,,,DHARMA,CC0,PSN01916,,,,,,,,,,,,,,,,,,,,,
,PSN01917,,,,,,,,,DHARMA,CC0,PSN01917,,,,,,,,,,,,,,,,,,,,,
,PSN01918,,,,,,,,,DHARMA,CC0,PSN01918,,,,,,,,,,,,,,,,,,,,,
,PSN01919,,,,,,,,,DHARMA,CC0,PSN01919,,,,,,,,,,,,,,,,,,,,,
,PSN01920,,,,,,,,,DHARMA,CC0,PSN01920,,,,,,,,,,,,,,,,,,,,,
,PSN01921,,,,,,,,,DHARMA,CC0,PSN01921,,,,,,,,,,,,,,,,,,,,,
,PSN01922,,,,,,,,,DHARMA,CC0,PSN01922,,,,,,,,,,,,,,,,,,,,,
,PSN01923,,,,,,,,,DHARMA,CC0,PSN01923,,,,,,,,,,,,,,,,,,,,,
,PSN01924,,,,,,,,,DHARMA,CC0,PSN01924,,,,,,,,,,,,,,,,,,,,,
,PSN01925,,,,,,,,,DHARMA,CC0,PSN01925,,,,,,,,,,,,,,,,,,,,,
,PSN01926,,,,,,,,,DHARMA,CC0,PSN01926,,,,,,,,,,,,,,,,,,,,,
,PSN01927,,,,,,,,,DHARMA,CC0,PSN01927,,,,,,,,,,,,,,,,,,,,,
,PSN01928,,,,,,,,,DHARMA,CC0,PSN01928,,,,,,,,,,,,,,,,,,,,,
,PSN01929,,,,,,,,,DHARMA,CC0,PSN01929,,,,,,,,,,,,,,,,,,,,,
,PSN01930,,,,,,,,,DHARMA,CC0,PSN01930,,,,,,,,,,,,,,,,,,,,,
,PSN01931,,,,,,,,,DHARMA,CC0,PSN01931,,,,,,,,,,,,,,,,,,,,,
,PSN01932,,,,,,,,,DHARMA,CC0,PSN01932,,,,,,,,,,,,,,,,,,,,,
,PSN01933,,,,,,,,,DHARMA,CC0,PSN01933,,,,,,,,,,,,,,,,,,,,,
,PSN01934,,,,,,,,,DHARMA,CC0,PSN01934,,,,,,,,,,,,,,,,,,,,,
,PSN01935,,,,,,,,,DHARMA,CC0,PSN01935,,,,,,,,,,,,,,,,,,,,,
,PSN01936,,,,,,,,,DHARMA,CC0,PSN01936,,,,,,,,,,,,,,,,,,,,,
,PSN01937,,,,,,,,,DHARMA,CC0,PSN01937,,,,,,,,,,,,,,,,,,,,,
,PSN01938,,,,,,,,,DHARMA,CC0,PSN01938,,,,,,,,,,,,,,,,,,,,,
,PSN01939,,,,,,,,,DHARMA,CC0,PSN01939,,,,,,,,,,,,,,,,,,,,,
,PSN01940,,,,,,,,,DHARMA,CC0,PSN01940,,,,,,,,,,,,,,,,,,,,,
,PSN01941,,,,,,,,,DHARMA,CC0,PSN01941,,,,,,,,,,,,,,,,,,,,,
,PSN01942,,,,,,,,,DHARMA,CC0,PSN01942,,,,,,,,,,,,,,,,,,,,,
,PSN01943,,,,,,,,,DHARMA,CC0,PSN01943,,,,,,,,,,,,,,,,,,,,,
,PSN01944,,,,,,,,,DHARMA,CC0,PSN01944,,,,,,,,,,,,,,,,,,,,,
,PSN01945,,,,,,,,,DHARMA,CC0,PSN01945,,,,,,,,,,,,,,,,,,,,,
,PSN01946,,,,,,,,,DHARMA,CC0,PSN01946,,,,,,,,,,,,,,,,,,,,,
,PSN01947,,,,,,,,,DHARMA,CC0,PSN01947,,,,,,,,,,,,,,,,,,,,,
,PSN01948,,,,,,,,,DHARMA,CC0,PSN01948,,,,,,,,,,,,,,,,,,,,,
,PSN01949,,,,,,,,,DHARMA,CC0,PSN01949,,,,,,,,,,,,,,,,,,,,,
,PSN01950,,,,,,,,,DHARMA,CC0,PSN01950,,,,,,,,,,,,,,,,,,,,,
,PSN01951,,,,,,,,,DHARMA,CC0,PSN01951,,,,,,,,,,,,,,,,,,,,,
,PSN01952,,,,,,,,,DHARMA,CC0,PSN01952,,,,,,,,,,,,,,,,,,,,,
,PSN01953,,,,,,,,,DHARMA,CC0,PSN01953,,,,,,,,,,,,,,,,,,,,,
,PSN01954,,,,,,,,,DHARMA,CC0,PSN01954,,,,,,,,,,,,,,,,,,,,,
,PSN01955,,,,,,,,,DHARMA,CC0,PSN01955,,,,,,,,,,,,,,,,,,,,,
,PSN01956,,,,,,,,,DHARMA,CC0,PSN01956,,,,,,,,,,,,,,,,,,,,,
,PSN01957,,,,,,,,,DHARMA,CC0,PSN01957,,,,,,,,,,,,,,,,,,,,,
,PSN01958,,,,,,,,,DHARMA,CC0,PSN01958,,,,,,,,,,,,,,,,,,,,,
,PSN01959,,,,,,,,,DHARMA,CC0,PSN01959,,,,,,,,,,,,,,,,,,,,,
,PSN01960,,,,,,,,,DHARMA,CC0,PSN01960,,,,,,,,,,,,,,,,,,,,,
,PSN01961,,,,,,,,,DHARMA,CC0,PSN01961,,,,,,,,,,,,,,,,,,,,,
,PSN01962,,,,,,,,,DHARMA,CC0,PSN01962,,,,,,,,,,,,,,,,,,,,,
,PSN01963,,,,,,,,,DHARMA,CC0,PSN01963,,,,,,,,,,,,,,,,,,,,,
,PSN01964,,,,,,,,,DHARMA,CC0,PSN01964,,,,,,,,,,,,,,,,,,,,,
,PSN01965,,,,,,,,,DHARMA,CC0,PSN01965,,,,,,,,,,,,,,,,,,,,,
,PSN01966,,,,,,,,,DHARMA,CC0,PSN01966,,,,,,,,,,,,,,,,,,,,,
,PSN01967,,,,,,,,,DHARMA,CC0,PSN01967,,,,,,,,,,,,,,,,,,,,,
,PSN01968,,,,,,,,,DHARMA,CC0,PSN01968,,,,,,,,,,,,,,,,,,,,,
,PSN01969,,,,,,,,,DHARMA,CC0,PSN01969,,,,,,,,,,,,,,,,,,,,,
,PSN01970,,,,,,,,,DHARMA,CC0,PSN01970,,,,,,,,,,,,,,,,,,,,,
,PSN01971,,,,,,,,,DHARMA,CC0,PSN01971,,,,,,,,,,,,,,,,,,,,,
,PSN01972,,,,,,,,,DHARMA,CC0,PSN01972,,,,,,,,,,,,,,,,,,,,,
,PSN01973,,,,,,,,,DHARMA,CC0,PSN01973,,,,,,,,,,,,,,,,,,,,,
,PSN01974,,,,,,,,,DHARMA,CC0,PSN01974,,,,,,,,,,,,,,,,,,,,,
,PSN01975,,,,,,,,,DHARMA,CC0,PSN01975,,,,,,,,,,,,,,,,,,,,,
,PSN01976,,,,,,,,,DHARMA,CC0,PSN01976,,,,,,,,,,,,,,,,,,,,,
,PSN01977,,,,,,,,,DHARMA,CC0,PSN01977,,,,,,,,,,,,,,,,,,,,,
,PSN01978,,,,,,,,,DHARMA,CC0,PSN01978,,,,,,,,,,,,,,,,,,,,,
,PSN01979,,,,,,,,,DHARMA,CC0,PSN01979,,,,,,,,,,,,,,,,,,,,,
,PSN01980,,,,,,,,,DHARMA,CC0,PSN01980,,,,,,,,,,,,,,,,,,,,,
,PSN01981,,,,,,,,,DHARMA,CC0,PSN01981,,,,,,,,,,,,,,,,,,,,,
,PSN01982,,,,,,,,,DHARMA,CC0,PSN01982,,,,,,,,,,,,,,,,,,,,,
,PSN01983,,,,,,,,,DHARMA,CC0,PSN01983,,,,,,,,,,,,,,,,,,,,,
,PSN01984,,,,,,,,,DHARMA,CC0,PSN01984,,,,,,,,,,,,,,,,,,,,,
,PSN01985,,,,,,,,,DHARMA,CC0,PSN01985,,,,,,,,,,,,,,,,,,,,,
,PSN01986,,,,,,,,,DHARMA,CC0,PSN01986,,,,,,,,,,,,,,,,,,,,,
,PSN01987,,,,,,,,,DHARMA,CC0,PSN01987,,,,,,,,,,,,,,,,,,,,,
,PSN01988,,,,,,,,,DHARMA,CC0,PSN01988,,,,,,,,,,,,,,,,,,,,,
,PSN01989,,,,,,,,,DHARMA,CC0,PSN01989,,,,,,,,,,,,,,,,,,,,,
,PSN01990,,,,,,,,,DHARMA,CC0,PSN01990,,,,,,,,,,,,,,,,,,,,,
,PSN01991,,,,,,,,,DHARMA,CC0,PSN01991,,,,,,,,,,,,,,,,,,,,,
,PSN01992,,,,,,,,,DHARMA,CC0,PSN01992,,,,,,,,,,,,,,,,,,,,,
,PSN01993,,,,,,,,,DHARMA,CC0,PSN01993,,,,,,,,,,,,,,,,,,,,,
,PSN01994,,,,,,,,,DHARMA,CC0,PSN01994,,,,,,,,,,,,,,,,,,,,,
,PSN01995,,,,,,,,,DHARMA,CC0,PSN01995,,,,,,,,,,,,,,,,,,,,,
,PSN01996,,,,,,,,,DHARMA,CC0,PSN01996,,,,,,,,,,,,,,,,,,,,,
,PSN01997,,,,,,,,,DHARMA,CC0,PSN01997,,,,,,,,,,,,,,,,,,,,,
,PSN01998,,,,,,,,,DHARMA,CC0,PSN01998,,,,,,,,,,,,,,,,,,,,,
,PSN01999,,,,,,,,,DHARMA,CC0,PSN01999,,,,,,,,,,,,,,,,,,,,,
