,MON02000,,,,,,,,,DHARMA,CC0,MON02000,,,,,,,,,,,,,,,,,,,,,,,,,,,
,MON02001,,,,,,,,,DHARMA,CC0,MON02001,,,,,,,,,,,,,,,,,,,,,,,,,,,
,MON02002,,,,,,,,,DHARMA,CC0,MON02002,,,,,,,,,,,,,,,,,,,,,,,,,,,
,MON02003,,,,,,,,,DHARMA,CC0,MON02003,,,,,,,,,,,,,,,,,,,,,,,,,,,
,MON02004,,,,,,,,,DHARMA,CC0,MON02004,,,,,,,,,,,,,,,,,,,,,,,,,,,
,MON02005,,,,,,,,,DHARMA,CC0,MON02005,,,,,,,,,,,,,,,,,,,,,,,,,,,
,MON02006,,,,,,,,,DHARMA,CC0,MON02006,,,,,,,,,,,,,,,,,,,,,,,,,,,
,MON02007,,,,,,,,,DHARMA,CC0,MON02007,,,,,,,,,,,,,,,,,,,,,,,,,,,
,MON02008,,,,,,,,,DHARMA,CC0,MON02008,,,,,,,,,,,,,,,,,,,,,,,,,,,
,MON02009,,,,,,,,,DHARMA,CC0,MON02009,,,,,,,,,,,,,,,,,,,,,,,,,,,
,MON02010,,,,,,,,,DHARMA,CC0,MON02010,,,,,,,,,,,,,,,,,,,,,,,,,,,
,MON02011,,,,,,,,,DHARMA,CC0,MON02011,,,,,,,,,,,,,,,,,,,,,,,,,,,
,MON02012,,,,,,,,,DHARMA,CC0,MON02012,,,,,,,,,,,,,,,,,,,,,,,,,,,
,MON02013,,,,,,,,,DHARMA,CC0,MON02013,,,,,,,,,,,,,,,,,,,,,,,,,,,
,MON02014,,,,,,,,,DHARMA,CC0,MON02014,,,,,,,,,,,,,,,,,,,,,,,,,,,
,MON02015,,,,,,,,,DHARMA,CC0,MON02015,,,,,,,,,,,,,,,,,,,,,,,,,,,
,MON02016,,,,,,,,,DHARMA,CC0,MON02016,,,,,,,,,,,,,,,,,,,,,,,,,,,
,MON02017,,,,,,,,,DHARMA,CC0,MON02017,,,,,,,,,,,,,,,,,,,,,,,,,,,
,MON02018,,,,,,,,,DHARMA,CC0,MON02018,,,,,,,,,,,,,,,,,,,,,,,,,,,
,MON02019,,,,,,,,,DHARMA,CC0,MON02019,,,,,,,,,,,,,,,,,,,,,,,,,,,
,MON02020,,,,,,,,,DHARMA,CC0,MON02020,,,,,,,,,,,,,,,,,,,,,,,,,,,
,MON02021,,,,,,,,,DHARMA,CC0,MON02021,,,,,,,,,,,,,,,,,,,,,,,,,,,
,MON02022,,,,,,,,,DHARMA,CC0,MON02022,,,,,,,,,,,,,,,,,,,,,,,,,,,
,MON02023,,,,,,,,,DHARMA,CC0,MON02023,,,,,,,,,,,,,,,,,,,,,,,,,,,
,MON02024,,,,,,,,,DHARMA,CC0,MON02024,,,,,,,,,,,,,,,,,,,,,,,,,,,
,MON02025,,,,,,,,,DHARMA,CC0,MON02025,,,,,,,,,,,,,,,,,,,,,,,,,,,
,MON02026,,,,,,,,,DHARMA,CC0,MON02026,,,,,,,,,,,,,,,,,,,,,,,,,,,
,MON02027,,,,,,,,,DHARMA,CC0,MON02027,,,,,,,,,,,,,,,,,,,,,,,,,,,
,MON02028,,,,,,,,,DHARMA,CC0,MON02028,,,,,,,,,,,,,,,,,,,,,,,,,,,
,MON02029,,,,,,,,,DHARMA,CC0,MON02029,,,,,,,,,,,,,,,,,,,,,,,,,,,
,MON02030,,,,,,,,,DHARMA,CC0,MON02030,,,,,,,,,,,,,,,,,,,,,,,,,,,
,MON02031,,,,,,,,,DHARMA,CC0,MON02031,,,,,,,,,,,,,,,,,,,,,,,,,,,
,MON02032,,,,,,,,,DHARMA,CC0,MON02032,,,,,,,,,,,,,,,,,,,,,,,,,,,
,MON02033,,,,,,,,,DHARMA,CC0,MON02033,,,,,,,,,,,,,,,,,,,,,,,,,,,
,MON02034,,,,,,,,,DHARMA,CC0,MON02034,,,,,,,,,,,,,,,,,,,,,,,,,,,
,MON02035,,,,,,,,,DHARMA,CC0,MON02035,,,,,,,,,,,,,,,,,,,,,,,,,,,
,MON02036,,,,,,,,,DHARMA,CC0,MON02036,,,,,,,,,,,,,,,,,,,,,,,,,,,
,MON02037,,,,,,,,,DHARMA,CC0,MON02037,,,,,,,,,,,,,,,,,,,,,,,,,,,
,MON02038,,,,,,,,,DHARMA,CC0,MON02038,,,,,,,,,,,,,,,,,,,,,,,,,,,
,MON02039,,,,,,,,,DHARMA,CC0,MON02039,,,,,,,,,,,,,,,,,,,,,,,,,,,
,MON02040,,,,,,,,,DHARMA,CC0,MON02040,,,,,,,,,,,,,,,,,,,,,,,,,,,
,MON02041,,,,,,,,,DHARMA,CC0,MON02041,,,,,,,,,,,,,,,,,,,,,,,,,,,
,MON02042,,,,,,,,,DHARMA,CC0,MON02042,,,,,,,,,,,,,,,,,,,,,,,,,,,
,MON02043,,,,,,,,,DHARMA,CC0,MON02043,,,,,,,,,,,,,,,,,,,,,,,,,,,
,MON02044,,,,,,,,,DHARMA,CC0,MON02044,,,,,,,,,,,,,,,,,,,,,,,,,,,
,MON02045,,,,,,,,,DHARMA,CC0,MON02045,,,,,,,,,,,,,,,,,,,,,,,,,,,
,MON02046,,,,,,,,,DHARMA,CC0,MON02046,,,,,,,,,,,,,,,,,,,,,,,,,,,
,MON02047,,,,,,,,,DHARMA,CC0,MON02047,,,,,,,,,,,,,,,,,,,,,,,,,,,
,MON02048,,,,,,,,,DHARMA,CC0,MON02048,,,,,,,,,,,,,,,,,,,,,,,,,,,
,MON02049,,,,,,,,,DHARMA,CC0,MON02049,,,,,,,,,,,,,,,,,,,,,,,,,,,
,MON02050,,,,,,,,,DHARMA,CC0,MON02050,,,,,,,,,,,,,,,,,,,,,,,,,,,
,MON02051,,,,,,,,,DHARMA,CC0,MON02051,,,,,,,,,,,,,,,,,,,,,,,,,,,
,MON02052,,,,,,,,,DHARMA,CC0,MON02052,,,,,,,,,,,,,,,,,,,,,,,,,,,
,MON02053,,,,,,,,,DHARMA,CC0,MON02053,,,,,,,,,,,,,,,,,,,,,,,,,,,
,MON02054,,,,,,,,,DHARMA,CC0,MON02054,,,,,,,,,,,,,,,,,,,,,,,,,,,
,MON02055,,,,,,,,,DHARMA,CC0,MON02055,,,,,,,,,,,,,,,,,,,,,,,,,,,
,MON02056,,,,,,,,,DHARMA,CC0,MON02056,,,,,,,,,,,,,,,,,,,,,,,,,,,
,MON02057,,,,,,,,,DHARMA,CC0,MON02057,,,,,,,,,,,,,,,,,,,,,,,,,,,
,MON02058,,,,,,,,,DHARMA,CC0,MON02058,,,,,,,,,,,,,,,,,,,,,,,,,,,
,MON02059,,,,,,,,,DHARMA,CC0,MON02059,,,,,,,,,,,,,,,,,,,,,,,,,,,
,MON02060,,,,,,,,,DHARMA,CC0,MON02060,,,,,,,,,,,,,,,,,,,,,,,,,,,
,MON02061,,,,,,,,,DHARMA,CC0,MON02061,,,,,,,,,,,,,,,,,,,,,,,,,,,
,MON02062,,,,,,,,,DHARMA,CC0,MON02062,,,,,,,,,,,,,,,,,,,,,,,,,,,
,MON02063,,,,,,,,,DHARMA,CC0,MON02063,,,,,,,,,,,,,,,,,,,,,,,,,,,
,MON02064,,,,,,,,,DHARMA,CC0,MON02064,,,,,,,,,,,,,,,,,,,,,,,,,,,
,MON02065,,,,,,,,,DHARMA,CC0,MON02065,,,,,,,,,,,,,,,,,,,,,,,,,,,
,MON02066,,,,,,,,,DHARMA,CC0,MON02066,,,,,,,,,,,,,,,,,,,,,,,,,,,
,MON02067,,,,,,,,,DHARMA,CC0,MON02067,,,,,,,,,,,,,,,,,,,,,,,,,,,
,MON02068,,,,,,,,,DHARMA,CC0,MON02068,,,,,,,,,,,,,,,,,,,,,,,,,,,
,MON02069,,,,,,,,,DHARMA,CC0,MON02069,,,,,,,,,,,,,,,,,,,,,,,,,,,
,MON02070,,,,,,,,,DHARMA,CC0,MON02070,,,,,,,,,,,,,,,,,,,,,,,,,,,
,MON02071,,,,,,,,,DHARMA,CC0,MON02071,,,,,,,,,,,,,,,,,,,,,,,,,,,
,MON02072,,,,,,,,,DHARMA,CC0,MON02072,,,,,,,,,,,,,,,,,,,,,,,,,,,
,MON02073,,,,,,,,,DHARMA,CC0,MON02073,,,,,,,,,,,,,,,,,,,,,,,,,,,
,MON02074,,,,,,,,,DHARMA,CC0,MON02074,,,,,,,,,,,,,,,,,,,,,,,,,,,
,MON02075,,,,,,,,,DHARMA,CC0,MON02075,,,,,,,,,,,,,,,,,,,,,,,,,,,
,MON02076,,,,,,,,,DHARMA,CC0,MON02076,,,,,,,,,,,,,,,,,,,,,,,,,,,
,MON02077,,,,,,,,,DHARMA,CC0,MON02077,,,,,,,,,,,,,,,,,,,,,,,,,,,
,MON02078,,,,,,,,,DHARMA,CC0,MON02078,,,,,,,,,,,,,,,,,,,,,,,,,,,
,MON02079,,,,,,,,,DHARMA,CC0,MON02079,,,,,,,,,,,,,,,,,,,,,,,,,,,
,MON02080,,,,,,,,,DHARMA,CC0,MON02080,,,,,,,,,,,,,,,,,,,,,,,,,,,
,MON02081,,,,,,,,,DHARMA,CC0,MON02081,,,,,,,,,,,,,,,,,,,,,,,,,,,
,MON02082,,,,,,,,,DHARMA,CC0,MON02082,,,,,,,,,,,,,,,,,,,,,,,,,,,
,MON02083,,,,,,,,,DHARMA,CC0,MON02083,,,,,,,,,,,,,,,,,,,,,,,,,,,
,MON02084,,,,,,,,,DHARMA,CC0,MON02084,,,,,,,,,,,,,,,,,,,,,,,,,,,
,MON02085,,,,,,,,,DHARMA,CC0,MON02085,,,,,,,,,,,,,,,,,,,,,,,,,,,
,MON02086,,,,,,,,,DHARMA,CC0,MON02086,,,,,,,,,,,,,,,,,,,,,,,,,,,
,MON02087,,,,,,,,,DHARMA,CC0,MON02087,,,,,,,,,,,,,,,,,,,,,,,,,,,
,MON02088,,,,,,,,,DHARMA,CC0,MON02088,,,,,,,,,,,,,,,,,,,,,,,,,,,
,MON02089,,,,,,,,,DHARMA,CC0,MON02089,,,,,,,,,,,,,,,,,,,,,,,,,,,
,MON02090,,,,,,,,,DHARMA,CC0,MON02090,,,,,,,,,,,,,,,,,,,,,,,,,,,
,MON02091,,,,,,,,,DHARMA,CC0,MON02091,,,,,,,,,,,,,,,,,,,,,,,,,,,
,MON02092,,,,,,,,,DHARMA,CC0,MON02092,,,,,,,,,,,,,,,,,,,,,,,,,,,
,MON02093,,,,,,,,,DHARMA,CC0,MON02093,,,,,,,,,,,,,,,,,,,,,,,,,,,
,MON02094,,,,,,,,,DHARMA,CC0,MON02094,,,,,,,,,,,,,,,,,,,,,,,,,,,
,MON02095,,,,,,,,,DHARMA,CC0,MON02095,,,,,,,,,,,,,,,,,,,,,,,,,,,
,MON02096,,,,,,,,,DHARMA,CC0,MON02096,,,,,,,,,,,,,,,,,,,,,,,,,,,
,MON02097,,,,,,,,,DHARMA,CC0,MON02097,,,,,,,,,,,,,,,,,,,,,,,,,,,
,MON02098,,,,,,,,,DHARMA,CC0,MON02098,,,,,,,,,,,,,,,,,,,,,,,,,,,
,MON02099,,,,,,,,,DHARMA,CC0,MON02099,,,,,,,,,,,,,,,,,,,,,,,,,,,
,MON02100,,,,,,,,,DHARMA,CC0,MON02100,,,,,,,,,,,,,,,,,,,,,,,,,,,
,MON02101,,,,,,,,,DHARMA,CC0,MON02101,,,,,,,,,,,,,,,,,,,,,,,,,,,
,MON02102,,,,,,,,,DHARMA,CC0,MON02102,,,,,,,,,,,,,,,,,,,,,,,,,,,
,MON02103,,,,,,,,,DHARMA,CC0,MON02103,,,,,,,,,,,,,,,,,,,,,,,,,,,
,MON02104,,,,,,,,,DHARMA,CC0,MON02104,,,,,,,,,,,,,,,,,,,,,,,,,,,
,MON02105,,,,,,,,,DHARMA,CC0,MON02105,,,,,,,,,,,,,,,,,,,,,,,,,,,
,MON02106,,,,,,,,,DHARMA,CC0,MON02106,,,,,,,,,,,,,,,,,,,,,,,,,,,
,MON02107,,,,,,,,,DHARMA,CC0,MON02107,,,,,,,,,,,,,,,,,,,,,,,,,,,
,MON02108,,,,,,,,,DHARMA,CC0,MON02108,,,,,,,,,,,,,,,,,,,,,,,,,,,
,MON02109,,,,,,,,,DHARMA,CC0,MON02109,,,,,,,,,,,,,,,,,,,,,,,,,,,
,MON02110,,,,,,,,,DHARMA,CC0,MON02110,,,,,,,,,,,,,,,,,,,,,,,,,,,
,MON02111,,,,,,,,,DHARMA,CC0,MON02111,,,,,,,,,,,,,,,,,,,,,,,,,,,
,MON02112,,,,,,,,,DHARMA,CC0,MON02112,,,,,,,,,,,,,,,,,,,,,,,,,,,
,MON02113,,,,,,,,,DHARMA,CC0,MON02113,,,,,,,,,,,,,,,,,,,,,,,,,,,
,MON02114,,,,,,,,,DHARMA,CC0,MON02114,,,,,,,,,,,,,,,,,,,,,,,,,,,
,MON02115,,,,,,,,,DHARMA,CC0,MON02115,,,,,,,,,,,,,,,,,,,,,,,,,,,
,MON02116,,,,,,,,,DHARMA,CC0,MON02116,,,,,,,,,,,,,,,,,,,,,,,,,,,
,MON02117,,,,,,,,,DHARMA,CC0,MON02117,,,,,,,,,,,,,,,,,,,,,,,,,,,
,MON02118,,,,,,,,,DHARMA,CC0,MON02118,,,,,,,,,,,,,,,,,,,,,,,,,,,
,MON02119,,,,,,,,,DHARMA,CC0,MON02119,,,,,,,,,,,,,,,,,,,,,,,,,,,
,MON02120,,,,,,,,,DHARMA,CC0,MON02120,,,,,,,,,,,,,,,,,,,,,,,,,,,
,MON02121,,,,,,,,,DHARMA,CC0,MON02121,,,,,,,,,,,,,,,,,,,,,,,,,,,
,MON02122,,,,,,,,,DHARMA,CC0,MON02122,,,,,,,,,,,,,,,,,,,,,,,,,,,
,MON02123,,,,,,,,,DHARMA,CC0,MON02123,,,,,,,,,,,,,,,,,,,,,,,,,,,
,MON02124,,,,,,,,,DHARMA,CC0,MON02124,,,,,,,,,,,,,,,,,,,,,,,,,,,
,MON02125,,,,,,,,,DHARMA,CC0,MON02125,,,,,,,,,,,,,,,,,,,,,,,,,,,
,MON02126,,,,,,,,,DHARMA,CC0,MON02126,,,,,,,,,,,,,,,,,,,,,,,,,,,
,MON02127,,,,,,,,,DHARMA,CC0,MON02127,,,,,,,,,,,,,,,,,,,,,,,,,,,
,MON02128,,,,,,,,,DHARMA,CC0,MON02128,,,,,,,,,,,,,,,,,,,,,,,,,,,
,MON02129,,,,,,,,,DHARMA,CC0,MON02129,,,,,,,,,,,,,,,,,,,,,,,,,,,
,MON02130,,,,,,,,,DHARMA,CC0,MON02130,,,,,,,,,,,,,,,,,,,,,,,,,,,
,MON02131,,,,,,,,,DHARMA,CC0,MON02131,,,,,,,,,,,,,,,,,,,,,,,,,,,
,MON02132,,,,,,,,,DHARMA,CC0,MON02132,,,,,,,,,,,,,,,,,,,,,,,,,,,
,MON02133,,,,,,,,,DHARMA,CC0,MON02133,,,,,,,,,,,,,,,,,,,,,,,,,,,
,MON02134,,,,,,,,,DHARMA,CC0,MON02134,,,,,,,,,,,,,,,,,,,,,,,,,,,
,MON02135,,,,,,,,,DHARMA,CC0,MON02135,,,,,,,,,,,,,,,,,,,,,,,,,,,
,MON02136,,,,,,,,,DHARMA,CC0,MON02136,,,,,,,,,,,,,,,,,,,,,,,,,,,
,MON02137,,,,,,,,,DHARMA,CC0,MON02137,,,,,,,,,,,,,,,,,,,,,,,,,,,
,MON02138,,,,,,,,,DHARMA,CC0,MON02138,,,,,,,,,,,,,,,,,,,,,,,,,,,
,MON02139,,,,,,,,,DHARMA,CC0,MON02139,,,,,,,,,,,,,,,,,,,,,,,,,,,
,MON02140,,,,,,,,,DHARMA,CC0,MON02140,,,,,,,,,,,,,,,,,,,,,,,,,,,
,MON02141,,,,,,,,,DHARMA,CC0,MON02141,,,,,,,,,,,,,,,,,,,,,,,,,,,
,MON02142,,,,,,,,,DHARMA,CC0,MON02142,,,,,,,,,,,,,,,,,,,,,,,,,,,
,MON02143,,,,,,,,,DHARMA,CC0,MON02143,,,,,,,,,,,,,,,,,,,,,,,,,,,
,MON02144,,,,,,,,,DHARMA,CC0,MON02144,,,,,,,,,,,,,,,,,,,,,,,,,,,
,MON02145,,,,,,,,,DHARMA,CC0,MON02145,,,,,,,,,,,,,,,,,,,,,,,,,,,
,MON02146,,,,,,,,,DHARMA,CC0,MON02146,,,,,,,,,,,,,,,,,,,,,,,,,,,
,MON02147,,,,,,,,,DHARMA,CC0,MON02147,,,,,,,,,,,,,,,,,,,,,,,,,,,
,MON02148,,,,,,,,,DHARMA,CC0,MON02148,,,,,,,,,,,,,,,,,,,,,,,,,,,
,MON02149,,,,,,,,,DHARMA,CC0,MON02149,,,,,,,,,,,,,,,,,,,,,,,,,,,
,MON02150,,,,,,,,,DHARMA,CC0,MON02150,,,,,,,,,,,,,,,,,,,,,,,,,,,
,MON02151,,,,,,,,,DHARMA,CC0,MON02151,,,,,,,,,,,,,,,,,,,,,,,,,,,
,MON02152,,,,,,,,,DHARMA,CC0,MON02152,,,,,,,,,,,,,,,,,,,,,,,,,,,
,MON02153,,,,,,,,,DHARMA,CC0,MON02153,,,,,,,,,,,,,,,,,,,,,,,,,,,
,MON02154,,,,,,,,,DHARMA,CC0,MON02154,,,,,,,,,,,,,,,,,,,,,,,,,,,
,MON02155,,,,,,,,,DHARMA,CC0,MON02155,,,,,,,,,,,,,,,,,,,,,,,,,,,
,MON02156,,,,,,,,,DHARMA,CC0,MON02156,,,,,,,,,,,,,,,,,,,,,,,,,,,
,MON02157,,,,,,,,,DHARMA,CC0,MON02157,,,,,,,,,,,,,,,,,,,,,,,,,,,
,MON02158,,,,,,,,,DHARMA,CC0,MON02158,,,,,,,,,,,,,,,,,,,,,,,,,,,
,MON02159,,,,,,,,,DHARMA,CC0,MON02159,,,,,,,,,,,,,,,,,,,,,,,,,,,
,MON02160,,,,,,,,,DHARMA,CC0,MON02160,,,,,,,,,,,,,,,,,,,,,,,,,,,
,MON02161,,,,,,,,,DHARMA,CC0,MON02161,,,,,,,,,,,,,,,,,,,,,,,,,,,
,MON02162,,,,,,,,,DHARMA,CC0,MON02162,,,,,,,,,,,,,,,,,,,,,,,,,,,
,MON02163,,,,,,,,,DHARMA,CC0,MON02163,,,,,,,,,,,,,,,,,,,,,,,,,,,
,MON02164,,,,,,,,,DHARMA,CC0,MON02164,,,,,,,,,,,,,,,,,,,,,,,,,,,
,MON02165,,,,,,,,,DHARMA,CC0,MON02165,,,,,,,,,,,,,,,,,,,,,,,,,,,
,MON02166,,,,,,,,,DHARMA,CC0,MON02166,,,,,,,,,,,,,,,,,,,,,,,,,,,
,MON02167,,,,,,,,,DHARMA,CC0,MON02167,,,,,,,,,,,,,,,,,,,,,,,,,,,
,MON02168,,,,,,,,,DHARMA,CC0,MON02168,,,,,,,,,,,,,,,,,,,,,,,,,,,
,MON02169,,,,,,,,,DHARMA,CC0,MON02169,,,,,,,,,,,,,,,,,,,,,,,,,,,
,MON02170,,,,,,,,,DHARMA,CC0,MON02170,,,,,,,,,,,,,,,,,,,,,,,,,,,
,MON02171,,,,,,,,,DHARMA,CC0,MON02171,,,,,,,,,,,,,,,,,,,,,,,,,,,
,MON02172,,,,,,,,,DHARMA,CC0,MON02172,,,,,,,,,,,,,,,,,,,,,,,,,,,
,MON02173,,,,,,,,,DHARMA,CC0,MON02173,,,,,,,,,,,,,,,,,,,,,,,,,,,
,MON02174,,,,,,,,,DHARMA,CC0,MON02174,,,,,,,,,,,,,,,,,,,,,,,,,,,
,MON02175,,,,,,,,,DHARMA,CC0,MON02175,,,,,,,,,,,,,,,,,,,,,,,,,,,
,MON02176,,,,,,,,,DHARMA,CC0,MON02176,,,,,,,,,,,,,,,,,,,,,,,,,,,
,MON02177,,,,,,,,,DHARMA,CC0,MON02177,,,,,,,,,,,,,,,,,,,,,,,,,,,
,MON02178,,,,,,,,,DHARMA,CC0,MON02178,,,,,,,,,,,,,,,,,,,,,,,,,,,
,MON02179,,,,,,,,,DHARMA,CC0,MON02179,,,,,,,,,,,,,,,,,,,,,,,,,,,
,MON02180,,,,,,,,,DHARMA,CC0,MON02180,,,,,,,,,,,,,,,,,,,,,,,,,,,
,MON02181,,,,,,,,,DHARMA,CC0,MON02181,,,,,,,,,,,,,,,,,,,,,,,,,,,
,MON02182,,,,,,,,,DHARMA,CC0,MON02182,,,,,,,,,,,,,,,,,,,,,,,,,,,
,MON02183,,,,,,,,,DHARMA,CC0,MON02183,,,,,,,,,,,,,,,,,,,,,,,,,,,
,MON02184,,,,,,,,,DHARMA,CC0,MON02184,,,,,,,,,,,,,,,,,,,,,,,,,,,
,MON02185,,,,,,,,,DHARMA,CC0,MON02185,,,,,,,,,,,,,,,,,,,,,,,,,,,
,MON02186,,,,,,,,,DHARMA,CC0,MON02186,,,,,,,,,,,,,,,,,,,,,,,,,,,
,MON02187,,,,,,,,,DHARMA,CC0,MON02187,,,,,,,,,,,,,,,,,,,,,,,,,,,
,MON02188,,,,,,,,,DHARMA,CC0,MON02188,,,,,,,,,,,,,,,,,,,,,,,,,,,
,MON02189,,,,,,,,,DHARMA,CC0,MON02189,,,,,,,,,,,,,,,,,,,,,,,,,,,
,MON02190,,,,,,,,,DHARMA,CC0,MON02190,,,,,,,,,,,,,,,,,,,,,,,,,,,
,MON02191,,,,,,,,,DHARMA,CC0,MON02191,,,,,,,,,,,,,,,,,,,,,,,,,,,
,MON02192,,,,,,,,,DHARMA,CC0,MON02192,,,,,,,,,,,,,,,,,,,,,,,,,,,
,MON02193,,,,,,,,,DHARMA,CC0,MON02193,,,,,,,,,,,,,,,,,,,,,,,,,,,
,MON02194,,,,,,,,,DHARMA,CC0,MON02194,,,,,,,,,,,,,,,,,,,,,,,,,,,
,MON02195,,,,,,,,,DHARMA,CC0,MON02195,,,,,,,,,,,,,,,,,,,,,,,,,,,
,MON02196,,,,,,,,,DHARMA,CC0,MON02196,,,,,,,,,,,,,,,,,,,,,,,,,,,
,MON02197,,,,,,,,,DHARMA,CC0,MON02197,,,,,,,,,,,,,,,,,,,,,,,,,,,
,MON02198,,,,,,,,,DHARMA,CC0,MON02198,,,,,,,,,,,,,,,,,,,,,,,,,,,
,MON02199,,,,,,,,,DHARMA,CC0,MON02199,,,,,,,,,,,,,,,,,,,,,,,,,,,
,MON02200,,,,,,,,,DHARMA,CC0,MON02200,,,,,,,,,,,,,,,,,,,,,,,,,,,
,MON02201,,,,,,,,,DHARMA,CC0,MON02201,,,,,,,,,,,,,,,,,,,,,,,,,,,
,MON02202,,,,,,,,,DHARMA,CC0,MON02202,,,,,,,,,,,,,,,,,,,,,,,,,,,
,MON02203,,,,,,,,,DHARMA,CC0,MON02203,,,,,,,,,,,,,,,,,,,,,,,,,,,
,MON02204,,,,,,,,,DHARMA,CC0,MON02204,,,,,,,,,,,,,,,,,,,,,,,,,,,
,MON02205,,,,,,,,,DHARMA,CC0,MON02205,,,,,,,,,,,,,,,,,,,,,,,,,,,
,MON02206,,,,,,,,,DHARMA,CC0,MON02206,,,,,,,,,,,,,,,,,,,,,,,,,,,
,MON02207,,,,,,,,,DHARMA,CC0,MON02207,,,,,,,,,,,,,,,,,,,,,,,,,,,
,MON02208,,,,,,,,,DHARMA,CC0,MON02208,,,,,,,,,,,,,,,,,,,,,,,,,,,
,MON02209,,,,,,,,,DHARMA,CC0,MON02209,,,,,,,,,,,,,,,,,,,,,,,,,,,
,MON02210,,,,,,,,,DHARMA,CC0,MON02210,,,,,,,,,,,,,,,,,,,,,,,,,,,
,MON02211,,,,,,,,,DHARMA,CC0,MON02211,,,,,,,,,,,,,,,,,,,,,,,,,,,
,MON02212,,,,,,,,,DHARMA,CC0,MON02212,,,,,,,,,,,,,,,,,,,,,,,,,,,
,MON02213,,,,,,,,,DHARMA,CC0,MON02213,,,,,,,,,,,,,,,,,,,,,,,,,,,
,MON02214,,,,,,,,,DHARMA,CC0,MON02214,,,,,,,,,,,,,,,,,,,,,,,,,,,
,MON02215,,,,,,,,,DHARMA,CC0,MON02215,,,,,,,,,,,,,,,,,,,,,,,,,,,
,MON02216,,,,,,,,,DHARMA,CC0,MON02216,,,,,,,,,,,,,,,,,,,,,,,,,,,
,MON02217,,,,,,,,,DHARMA,CC0,MON02217,,,,,,,,,,,,,,,,,,,,,,,,,,,
,MON02218,,,,,,,,,DHARMA,CC0,MON02218,,,,,,,,,,,,,,,,,,,,,,,,,,,
,MON02219,,,,,,,,,DHARMA,CC0,MON02219,,,,,,,,,,,,,,,,,,,,,,,,,,,
,MON02220,,,,,,,,,DHARMA,CC0,MON02220,,,,,,,,,,,,,,,,,,,,,,,,,,,
,MON02221,,,,,,,,,DHARMA,CC0,MON02221,,,,,,,,,,,,,,,,,,,,,,,,,,,
,MON02222,,,,,,,,,DHARMA,CC0,MON02222,,,,,,,,,,,,,,,,,,,,,,,,,,,
,MON02223,,,,,,,,,DHARMA,CC0,MON02223,,,,,,,,,,,,,,,,,,,,,,,,,,,
,MON02224,,,,,,,,,DHARMA,CC0,MON02224,,,,,,,,,,,,,,,,,,,,,,,,,,,
,MON02225,,,,,,,,,DHARMA,CC0,MON02225,,,,,,,,,,,,,,,,,,,,,,,,,,,
,MON02226,,,,,,,,,DHARMA,CC0,MON02226,,,,,,,,,,,,,,,,,,,,,,,,,,,
,MON02227,,,,,,,,,DHARMA,CC0,MON02227,,,,,,,,,,,,,,,,,,,,,,,,,,,
,MON02228,,,,,,,,,DHARMA,CC0,MON02228,,,,,,,,,,,,,,,,,,,,,,,,,,,
,MON02229,,,,,,,,,DHARMA,CC0,MON02229,,,,,,,,,,,,,,,,,,,,,,,,,,,
,MON02230,,,,,,,,,DHARMA,CC0,MON02230,,,,,,,,,,,,,,,,,,,,,,,,,,,
,MON02231,,,,,,,,,DHARMA,CC0,MON02231,,,,,,,,,,,,,,,,,,,,,,,,,,,
,MON02232,,,,,,,,,DHARMA,CC0,MON02232,,,,,,,,,,,,,,,,,,,,,,,,,,,
,MON02233,,,,,,,,,DHARMA,CC0,MON02233,,,,,,,,,,,,,,,,,,,,,,,,,,,
,MON02234,,,,,,,,,DHARMA,CC0,MON02234,,,,,,,,,,,,,,,,,,,,,,,,,,,
,MON02235,,,,,,,,,DHARMA,CC0,MON02235,,,,,,,,,,,,,,,,,,,,,,,,,,,
,MON02236,,,,,,,,,DHARMA,CC0,MON02236,,,,,,,,,,,,,,,,,,,,,,,,,,,
,MON02237,,,,,,,,,DHARMA,CC0,MON02237,,,,,,,,,,,,,,,,,,,,,,,,,,,
,MON02238,,,,,,,,,DHARMA,CC0,MON02238,,,,,,,,,,,,,,,,,,,,,,,,,,,
,MON02239,,,,,,,,,DHARMA,CC0,MON02239,,,,,,,,,,,,,,,,,,,,,,,,,,,
,MON02240,,,,,,,,,DHARMA,CC0,MON02240,,,,,,,,,,,,,,,,,,,,,,,,,,,
,MON02241,,,,,,,,,DHARMA,CC0,MON02241,,,,,,,,,,,,,,,,,,,,,,,,,,,
,MON02242,,,,,,,,,DHARMA,CC0,MON02242,,,,,,,,,,,,,,,,,,,,,,,,,,,
,MON02243,,,,,,,,,DHARMA,CC0,MON02243,,,,,,,,,,,,,,,,,,,,,,,,,,,
,MON02244,,,,,,,,,DHARMA,CC0,MON02244,,,,,,,,,,,,,,,,,,,,,,,,,,,
,MON02245,,,,,,,,,DHARMA,CC0,MON02245,,,,,,,,,,,,,,,,,,,,,,,,,,,
,MON02246,,,,,,,,,DHARMA,CC0,MON02246,,,,,,,,,,,,,,,,,,,,,,,,,,,
,MON02247,,,,,,,,,DHARMA,CC0,MON02247,,,,,,,,,,,,,,,,,,,,,,,,,,,
,MON02248,,,,,,,,,DHARMA,CC0,MON02248,,,,,,,,,,,,,,,,,,,,,,,,,,,
,MON02249,,,,,,,,,DHARMA,CC0,MON02249,,,,,,,,,,,,,,,,,,,,,,,,,,,
,MON02250,,,,,,,,,DHARMA,CC0,MON02250,,,,,,,,,,,,,,,,,,,,,,,,,,,
,MON02251,,,,,,,,,DHARMA,CC0,MON02251,,,,,,,,,,,,,,,,,,,,,,,,,,,
,MON02252,,,,,,,,,DHARMA,CC0,MON02252,,,,,,,,,,,,,,,,,,,,,,,,,,,
,MON02253,,,,,,,,,DHARMA,CC0,MON02253,,,,,,,,,,,,,,,,,,,,,,,,,,,
,MON02254,,,,,,,,,DHARMA,CC0,MON02254,,,,,,,,,,,,,,,,,,,,,,,,,,,
,MON02255,,,,,,,,,DHARMA,CC0,MON02255,,,,,,,,,,,,,,,,,,,,,,,,,,,
,MON02256,,,,,,,,,DHARMA,CC0,MON02256,,,,,,,,,,,,,,,,,,,,,,,,,,,
,MON02257,,,,,,,,,DHARMA,CC0,MON02257,,,,,,,,,,,,,,,,,,,,,,,,,,,
,MON02258,,,,,,,,,DHARMA,CC0,MON02258,,,,,,,,,,,,,,,,,,,,,,,,,,,
,MON02259,,,,,,,,,DHARMA,CC0,MON02259,,,,,,,,,,,,,,,,,,,,,,,,,,,
,MON02260,,,,,,,,,DHARMA,CC0,MON02260,,,,,,,,,,,,,,,,,,,,,,,,,,,
,MON02261,,,,,,,,,DHARMA,CC0,MON02261,,,,,,,,,,,,,,,,,,,,,,,,,,,
,MON02262,,,,,,,,,DHARMA,CC0,MON02262,,,,,,,,,,,,,,,,,,,,,,,,,,,
,MON02263,,,,,,,,,DHARMA,CC0,MON02263,,,,,,,,,,,,,,,,,,,,,,,,,,,
,MON02264,,,,,,,,,DHARMA,CC0,MON02264,,,,,,,,,,,,,,,,,,,,,,,,,,,
,MON02265,,,,,,,,,DHARMA,CC0,MON02265,,,,,,,,,,,,,,,,,,,,,,,,,,,
,MON02266,,,,,,,,,DHARMA,CC0,MON02266,,,,,,,,,,,,,,,,,,,,,,,,,,,
,MON02267,,,,,,,,,DHARMA,CC0,MON02267,,,,,,,,,,,,,,,,,,,,,,,,,,,
,MON02268,,,,,,,,,DHARMA,CC0,MON02268,,,,,,,,,,,,,,,,,,,,,,,,,,,
,MON02269,,,,,,,,,DHARMA,CC0,MON02269,,,,,,,,,,,,,,,,,,,,,,,,,,,
,MON02270,,,,,,,,,DHARMA,CC0,MON02270,,,,,,,,,,,,,,,,,,,,,,,,,,,
,MON02271,,,,,,,,,DHARMA,CC0,MON02271,,,,,,,,,,,,,,,,,,,,,,,,,,,
,MON02272,,,,,,,,,DHARMA,CC0,MON02272,,,,,,,,,,,,,,,,,,,,,,,,,,,
,MON02273,,,,,,,,,DHARMA,CC0,MON02273,,,,,,,,,,,,,,,,,,,,,,,,,,,
,MON02274,,,,,,,,,DHARMA,CC0,MON02274,,,,,,,,,,,,,,,,,,,,,,,,,,,
,MON02275,,,,,,,,,DHARMA,CC0,MON02275,,,,,,,,,,,,,,,,,,,,,,,,,,,
,MON02276,,,,,,,,,DHARMA,CC0,MON02276,,,,,,,,,,,,,,,,,,,,,,,,,,,
,MON02277,,,,,,,,,DHARMA,CC0,MON02277,,,,,,,,,,,,,,,,,,,,,,,,,,,
,MON02278,,,,,,,,,DHARMA,CC0,MON02278,,,,,,,,,,,,,,,,,,,,,,,,,,,
,MON02279,,,,,,,,,DHARMA,CC0,MON02279,,,,,,,,,,,,,,,,,,,,,,,,,,,
,MON02280,,,,,,,,,DHARMA,CC0,MON02280,,,,,,,,,,,,,,,,,,,,,,,,,,,
,MON02281,,,,,,,,,DHARMA,CC0,MON02281,,,,,,,,,,,,,,,,,,,,,,,,,,,
,MON02282,,,,,,,,,DHARMA,CC0,MON02282,,,,,,,,,,,,,,,,,,,,,,,,,,,
,MON02283,,,,,,,,,DHARMA,CC0,MON02283,,,,,,,,,,,,,,,,,,,,,,,,,,,
,MON02284,,,,,,,,,DHARMA,CC0,MON02284,,,,,,,,,,,,,,,,,,,,,,,,,,,
,MON02285,,,,,,,,,DHARMA,CC0,MON02285,,,,,,,,,,,,,,,,,,,,,,,,,,,
,MON02286,,,,,,,,,DHARMA,CC0,MON02286,,,,,,,,,,,,,,,,,,,,,,,,,,,
,MON02287,,,,,,,,,DHARMA,CC0,MON02287,,,,,,,,,,,,,,,,,,,,,,,,,,,
,MON02288,,,,,,,,,DHARMA,CC0,MON02288,,,,,,,,,,,,,,,,,,,,,,,,,,,
,MON02289,,,,,,,,,DHARMA,CC0,MON02289,,,,,,,,,,,,,,,,,,,,,,,,,,,
,MON02290,,,,,,,,,DHARMA,CC0,MON02290,,,,,,,,,,,,,,,,,,,,,,,,,,,
,MON02291,,,,,,,,,DHARMA,CC0,MON02291,,,,,,,,,,,,,,,,,,,,,,,,,,,
,MON02292,,,,,,,,,DHARMA,CC0,MON02292,,,,,,,,,,,,,,,,,,,,,,,,,,,
,MON02293,,,,,,,,,DHARMA,CC0,MON02293,,,,,,,,,,,,,,,,,,,,,,,,,,,
,MON02294,,,,,,,,,DHARMA,CC0,MON02294,,,,,,,,,,,,,,,,,,,,,,,,,,,
,MON02295,,,,,,,,,DHARMA,CC0,MON02295,,,,,,,,,,,,,,,,,,,,,,,,,,,
,MON02296,,,,,,,,,DHARMA,CC0,MON02296,,,,,,,,,,,,,,,,,,,,,,,,,,,
,MON02297,,,,,,,,,DHARMA,CC0,MON02297,,,,,,,,,,,,,,,,,,,,,,,,,,,
,MON02298,,,,,,,,,DHARMA,CC0,MON02298,,,,,,,,,,,,,,,,,,,,,,,,,,,
,MON02299,,,,,,,,,DHARMA,CC0,MON02299,,,,,,,,,,,,,,,,,,,,,,,,,,,
,MON02300,,,,,,,,,DHARMA,CC0,MON02300,,,,,,,,,,,,,,,,,,,,,,,,,,,
,MON02301,,,,,,,,,DHARMA,CC0,MON02301,,,,,,,,,,,,,,,,,,,,,,,,,,,
,MON02302,,,,,,,,,DHARMA,CC0,MON02302,,,,,,,,,,,,,,,,,,,,,,,,,,,
,MON02303,,,,,,,,,DHARMA,CC0,MON02303,,,,,,,,,,,,,,,,,,,,,,,,,,,
,MON02304,,,,,,,,,DHARMA,CC0,MON02304,,,,,,,,,,,,,,,,,,,,,,,,,,,
,MON02305,,,,,,,,,DHARMA,CC0,MON02305,,,,,,,,,,,,,,,,,,,,,,,,,,,
,MON02306,,,,,,,,,DHARMA,CC0,MON02306,,,,,,,,,,,,,,,,,,,,,,,,,,,
,MON02307,,,,,,,,,DHARMA,CC0,MON02307,,,,,,,,,,,,,,,,,,,,,,,,,,,
,MON02308,,,,,,,,,DHARMA,CC0,MON02308,,,,,,,,,,,,,,,,,,,,,,,,,,,
,MON02309,,,,,,,,,DHARMA,CC0,MON02309,,,,,,,,,,,,,,,,,,,,,,,,,,,
,MON02310,,,,,,,,,DHARMA,CC0,MON02310,,,,,,,,,,,,,,,,,,,,,,,,,,,
,MON02311,,,,,,,,,DHARMA,CC0,MON02311,,,,,,,,,,,,,,,,,,,,,,,,,,,
,MON02312,,,,,,,,,DHARMA,CC0,MON02312,,,,,,,,,,,,,,,,,,,,,,,,,,,
,MON02313,,,,,,,,,DHARMA,CC0,MON02313,,,,,,,,,,,,,,,,,,,,,,,,,,,
,MON02314,,,,,,,,,DHARMA,CC0,MON02314,,,,,,,,,,,,,,,,,,,,,,,,,,,
,MON02315,,,,,,,,,DHARMA,CC0,MON02315,,,,,,,,,,,,,,,,,,,,,,,,,,,
,MON02316,,,,,,,,,DHARMA,CC0,MON02316,,,,,,,,,,,,,,,,,,,,,,,,,,,
,MON02317,,,,,,,,,DHARMA,CC0,MON02317,,,,,,,,,,,,,,,,,,,,,,,,,,,
,MON02318,,,,,,,,,DHARMA,CC0,MON02318,,,,,,,,,,,,,,,,,,,,,,,,,,,
,MON02319,,,,,,,,,DHARMA,CC0,MON02319,,,,,,,,,,,,,,,,,,,,,,,,,,,
,MON02320,,,,,,,,,DHARMA,CC0,MON02320,,,,,,,,,,,,,,,,,,,,,,,,,,,
,MON02321,,,,,,,,,DHARMA,CC0,MON02321,,,,,,,,,,,,,,,,,,,,,,,,,,,
,MON02322,,,,,,,,,DHARMA,CC0,MON02322,,,,,,,,,,,,,,,,,,,,,,,,,,,
,MON02323,,,,,,,,,DHARMA,CC0,MON02323,,,,,,,,,,,,,,,,,,,,,,,,,,,
,MON02324,,,,,,,,,DHARMA,CC0,MON02324,,,,,,,,,,,,,,,,,,,,,,,,,,,
,MON02325,,,,,,,,,DHARMA,CC0,MON02325,,,,,,,,,,,,,,,,,,,,,,,,,,,
,MON02326,,,,,,,,,DHARMA,CC0,MON02326,,,,,,,,,,,,,,,,,,,,,,,,,,,
,MON02327,,,,,,,,,DHARMA,CC0,MON02327,,,,,,,,,,,,,,,,,,,,,,,,,,,
,MON02328,,,,,,,,,DHARMA,CC0,MON02328,,,,,,,,,,,,,,,,,,,,,,,,,,,
,MON02329,,,,,,,,,DHARMA,CC0,MON02329,,,,,,,,,,,,,,,,,,,,,,,,,,,
,MON02330,,,,,,,,,DHARMA,CC0,MON02330,,,,,,,,,,,,,,,,,,,,,,,,,,,
,MON02331,,,,,,,,,DHARMA,CC0,MON02331,,,,,,,,,,,,,,,,,,,,,,,,,,,
,MON02332,,,,,,,,,DHARMA,CC0,MON02332,,,,,,,,,,,,,,,,,,,,,,,,,,,
,MON02333,,,,,,,,,DHARMA,CC0,MON02333,,,,,,,,,,,,,,,,,,,,,,,,,,,
,MON02334,,,,,,,,,DHARMA,CC0,MON02334,,,,,,,,,,,,,,,,,,,,,,,,,,,
,MON02335,,,,,,,,,DHARMA,CC0,MON02335,,,,,,,,,,,,,,,,,,,,,,,,,,,
,MON02336,,,,,,,,,DHARMA,CC0,MON02336,,,,,,,,,,,,,,,,,,,,,,,,,,,
,MON02337,,,,,,,,,DHARMA,CC0,MON02337,,,,,,,,,,,,,,,,,,,,,,,,,,,
,MON02338,,,,,,,,,DHARMA,CC0,MON02338,,,,,,,,,,,,,,,,,,,,,,,,,,,
,MON02339,,,,,,,,,DHARMA,CC0,MON02339,,,,,,,,,,,,,,,,,,,,,,,,,,,
,MON02340,,,,,,,,,DHARMA,CC0,MON02340,,,,,,,,,,,,,,,,,,,,,,,,,,,
,MON02341,,,,,,,,,DHARMA,CC0,MON02341,,,,,,,,,,,,,,,,,,,,,,,,,,,
,MON02342,,,,,,,,,DHARMA,CC0,MON02342,,,,,,,,,,,,,,,,,,,,,,,,,,,
,MON02343,,,,,,,,,DHARMA,CC0,MON02343,,,,,,,,,,,,,,,,,,,,,,,,,,,
,MON02344,,,,,,,,,DHARMA,CC0,MON02344,,,,,,,,,,,,,,,,,,,,,,,,,,,
,MON02345,,,,,,,,,DHARMA,CC0,MON02345,,,,,,,,,,,,,,,,,,,,,,,,,,,
,MON02346,,,,,,,,,DHARMA,CC0,MON02346,,,,,,,,,,,,,,,,,,,,,,,,,,,
,MON02347,,,,,,,,,DHARMA,CC0,MON02347,,,,,,,,,,,,,,,,,,,,,,,,,,,
,MON02348,,,,,,,,,DHARMA,CC0,MON02348,,,,,,,,,,,,,,,,,,,,,,,,,,,
,MON02349,,,,,,,,,DHARMA,CC0,MON02349,,,,,,,,,,,,,,,,,,,,,,,,,,,
,MON02350,,,,,,,,,DHARMA,CC0,MON02350,,,,,,,,,,,,,,,,,,,,,,,,,,,
,MON02351,,,,,,,,,DHARMA,CC0,MON02351,,,,,,,,,,,,,,,,,,,,,,,,,,,
,MON02352,,,,,,,,,DHARMA,CC0,MON02352,,,,,,,,,,,,,,,,,,,,,,,,,,,
,MON02353,,,,,,,,,DHARMA,CC0,MON02353,,,,,,,,,,,,,,,,,,,,,,,,,,,
,MON02354,,,,,,,,,DHARMA,CC0,MON02354,,,,,,,,,,,,,,,,,,,,,,,,,,,
,MON02355,,,,,,,,,DHARMA,CC0,MON02355,,,,,,,,,,,,,,,,,,,,,,,,,,,
,MON02356,,,,,,,,,DHARMA,CC0,MON02356,,,,,,,,,,,,,,,,,,,,,,,,,,,
,MON02357,,,,,,,,,DHARMA,CC0,MON02357,,,,,,,,,,,,,,,,,,,,,,,,,,,
,MON02358,,,,,,,,,DHARMA,CC0,MON02358,,,,,,,,,,,,,,,,,,,,,,,,,,,
,MON02359,,,,,,,,,DHARMA,CC0,MON02359,,,,,,,,,,,,,,,,,,,,,,,,,,,
,MON02360,,,,,,,,,DHARMA,CC0,MON02360,,,,,,,,,,,,,,,,,,,,,,,,,,,
,MON02361,,,,,,,,,DHARMA,CC0,MON02361,,,,,,,,,,,,,,,,,,,,,,,,,,,
,MON02362,,,,,,,,,DHARMA,CC0,MON02362,,,,,,,,,,,,,,,,,,,,,,,,,,,
,MON02363,,,,,,,,,DHARMA,CC0,MON02363,,,,,,,,,,,,,,,,,,,,,,,,,,,
,MON02364,,,,,,,,,DHARMA,CC0,MON02364,,,,,,,,,,,,,,,,,,,,,,,,,,,
,MON02365,,,,,,,,,DHARMA,CC0,MON02365,,,,,,,,,,,,,,,,,,,,,,,,,,,
,MON02366,,,,,,,,,DHARMA,CC0,MON02366,,,,,,,,,,,,,,,,,,,,,,,,,,,
,MON02367,,,,,,,,,DHARMA,CC0,MON02367,,,,,,,,,,,,,,,,,,,,,,,,,,,
,MON02368,,,,,,,,,DHARMA,CC0,MON02368,,,,,,,,,,,,,,,,,,,,,,,,,,,
,MON02369,,,,,,,,,DHARMA,CC0,MON02369,,,,,,,,,,,,,,,,,,,,,,,,,,,
,MON02370,,,,,,,,,DHARMA,CC0,MON02370,,,,,,,,,,,,,,,,,,,,,,,,,,,
,MON02371,,,,,,,,,DHARMA,CC0,MON02371,,,,,,,,,,,,,,,,,,,,,,,,,,,
,MON02372,,,,,,,,,DHARMA,CC0,MON02372,,,,,,,,,,,,,,,,,,,,,,,,,,,
,MON02373,,,,,,,,,DHARMA,CC0,MON02373,,,,,,,,,,,,,,,,,,,,,,,,,,,
,MON02374,,,,,,,,,DHARMA,CC0,MON02374,,,,,,,,,,,,,,,,,,,,,,,,,,,
,MON02375,,,,,,,,,DHARMA,CC0,MON02375,,,,,,,,,,,,,,,,,,,,,,,,,,,
,MON02376,,,,,,,,,DHARMA,CC0,MON02376,,,,,,,,,,,,,,,,,,,,,,,,,,,
,MON02377,,,,,,,,,DHARMA,CC0,MON02377,,,,,,,,,,,,,,,,,,,,,,,,,,,
,MON02378,,,,,,,,,DHARMA,CC0,MON02378,,,,,,,,,,,,,,,,,,,,,,,,,,,
,MON02379,,,,,,,,,DHARMA,CC0,MON02379,,,,,,,,,,,,,,,,,,,,,,,,,,,
,MON02380,,,,,,,,,DHARMA,CC0,MON02380,,,,,,,,,,,,,,,,,,,,,,,,,,,
,MON02381,,,,,,,,,DHARMA,CC0,MON02381,,,,,,,,,,,,,,,,,,,,,,,,,,,
,MON02382,,,,,,,,,DHARMA,CC0,MON02382,,,,,,,,,,,,,,,,,,,,,,,,,,,
,MON02383,,,,,,,,,DHARMA,CC0,MON02383,,,,,,,,,,,,,,,,,,,,,,,,,,,
,MON02384,,,,,,,,,DHARMA,CC0,MON02384,,,,,,,,,,,,,,,,,,,,,,,,,,,
,MON02385,,,,,,,,,DHARMA,CC0,MON02385,,,,,,,,,,,,,,,,,,,,,,,,,,,
,MON02386,,,,,,,,,DHARMA,CC0,MON02386,,,,,,,,,,,,,,,,,,,,,,,,,,,
,MON02387,,,,,,,,,DHARMA,CC0,MON02387,,,,,,,,,,,,,,,,,,,,,,,,,,,
,MON02388,,,,,,,,,DHARMA,CC0,MON02388,,,,,,,,,,,,,,,,,,,,,,,,,,,
,MON02389,,,,,,,,,DHARMA,CC0,MON02389,,,,,,,,,,,,,,,,,,,,,,,,,,,
,MON02390,,,,,,,,,DHARMA,CC0,MON02390,,,,,,,,,,,,,,,,,,,,,,,,,,,
,MON02391,,,,,,,,,DHARMA,CC0,MON02391,,,,,,,,,,,,,,,,,,,,,,,,,,,
,MON02392,,,,,,,,,DHARMA,CC0,MON02392,,,,,,,,,,,,,,,,,,,,,,,,,,,
,MON02393,,,,,,,,,DHARMA,CC0,MON02393,,,,,,,,,,,,,,,,,,,,,,,,,,,
,MON02394,,,,,,,,,DHARMA,CC0,MON02394,,,,,,,,,,,,,,,,,,,,,,,,,,,
,MON02395,,,,,,,,,DHARMA,CC0,MON02395,,,,,,,,,,,,,,,,,,,,,,,,,,,
,MON02396,,,,,,,,,DHARMA,CC0,MON02396,,,,,,,,,,,,,,,,,,,,,,,,,,,
,MON02397,,,,,,,,,DHARMA,CC0,MON02397,,,,,,,,,,,,,,,,,,,,,,,,,,,
,MON02398,,,,,,,,,DHARMA,CC0,MON02398,,,,,,,,,,,,,,,,,,,,,,,,,,,
,MON02399,,,,,,,,,DHARMA,CC0,MON02399,,,,,,,,,,,,,,,,,,,,,,,,,,,
,MON02400,,,,,,,,,DHARMA,CC0,MON02400,,,,,,,,,,,,,,,,,,,,,,,,,,,
,MON02401,,,,,,,,,DHARMA,CC0,MON02401,,,,,,,,,,,,,,,,,,,,,,,,,,,
,MON02402,,,,,,,,,DHARMA,CC0,MON02402,,,,,,,,,,,,,,,,,,,,,,,,,,,
,MON02403,,,,,,,,,DHARMA,CC0,MON02403,,,,,,,,,,,,,,,,,,,,,,,,,,,
,MON02404,,,,,,,,,DHARMA,CC0,MON02404,,,,,,,,,,,,,,,,,,,,,,,,,,,
,MON02405,,,,,,,,,DHARMA,CC0,MON02405,,,,,,,,,,,,,,,,,,,,,,,,,,,
,MON02406,,,,,,,,,DHARMA,CC0,MON02406,,,,,,,,,,,,,,,,,,,,,,,,,,,
,MON02407,,,,,,,,,DHARMA,CC0,MON02407,,,,,,,,,,,,,,,,,,,,,,,,,,,
,MON02408,,,,,,,,,DHARMA,CC0,MON02408,,,,,,,,,,,,,,,,,,,,,,,,,,,
,MON02409,,,,,,,,,DHARMA,CC0,MON02409,,,,,,,,,,,,,,,,,,,,,,,,,,,
,MON02410,,,,,,,,,DHARMA,CC0,MON02410,,,,,,,,,,,,,,,,,,,,,,,,,,,
,MON02411,,,,,,,,,DHARMA,CC0,MON02411,,,,,,,,,,,,,,,,,,,,,,,,,,,
,MON02412,,,,,,,,,DHARMA,CC0,MON02412,,,,,,,,,,,,,,,,,,,,,,,,,,,
,MON02413,,,,,,,,,DHARMA,CC0,MON02413,,,,,,,,,,,,,,,,,,,,,,,,,,,
,MON02414,,,,,,,,,DHARMA,CC0,MON02414,,,,,,,,,,,,,,,,,,,,,,,,,,,
,MON02415,,,,,,,,,DHARMA,CC0,MON02415,,,,,,,,,,,,,,,,,,,,,,,,,,,
,MON02416,,,,,,,,,DHARMA,CC0,MON02416,,,,,,,,,,,,,,,,,,,,,,,,,,,
,MON02417,,,,,,,,,DHARMA,CC0,MON02417,,,,,,,,,,,,,,,,,,,,,,,,,,,
,MON02418,,,,,,,,,DHARMA,CC0,MON02418,,,,,,,,,,,,,,,,,,,,,,,,,,,
,MON02419,,,,,,,,,DHARMA,CC0,MON02419,,,,,,,,,,,,,,,,,,,,,,,,,,,
,MON02420,,,,,,,,,DHARMA,CC0,MON02420,,,,,,,,,,,,,,,,,,,,,,,,,,,
,MON02421,,,,,,,,,DHARMA,CC0,MON02421,,,,,,,,,,,,,,,,,,,,,,,,,,,
,MON02422,,,,,,,,,DHARMA,CC0,MON02422,,,,,,,,,,,,,,,,,,,,,,,,,,,
,MON02423,,,,,,,,,DHARMA,CC0,MON02423,,,,,,,,,,,,,,,,,,,,,,,,,,,
,MON02424,,,,,,,,,DHARMA,CC0,MON02424,,,,,,,,,,,,,,,,,,,,,,,,,,,
,MON02425,,,,,,,,,DHARMA,CC0,MON02425,,,,,,,,,,,,,,,,,,,,,,,,,,,
,MON02426,,,,,,,,,DHARMA,CC0,MON02426,,,,,,,,,,,,,,,,,,,,,,,,,,,
,MON02427,,,,,,,,,DHARMA,CC0,MON02427,,,,,,,,,,,,,,,,,,,,,,,,,,,
,MON02428,,,,,,,,,DHARMA,CC0,MON02428,,,,,,,,,,,,,,,,,,,,,,,,,,,
,MON02429,,,,,,,,,DHARMA,CC0,MON02429,,,,,,,,,,,,,,,,,,,,,,,,,,,
,MON02430,,,,,,,,,DHARMA,CC0,MON02430,,,,,,,,,,,,,,,,,,,,,,,,,,,
,MON02431,,,,,,,,,DHARMA,CC0,MON02431,,,,,,,,,,,,,,,,,,,,,,,,,,,
,MON02432,,,,,,,,,DHARMA,CC0,MON02432,,,,,,,,,,,,,,,,,,,,,,,,,,,
,MON02433,,,,,,,,,DHARMA,CC0,MON02433,,,,,,,,,,,,,,,,,,,,,,,,,,,
,MON02434,,,,,,,,,DHARMA,CC0,MON02434,,,,,,,,,,,,,,,,,,,,,,,,,,,
,MON02435,,,,,,,,,DHARMA,CC0,MON02435,,,,,,,,,,,,,,,,,,,,,,,,,,,
,MON02436,,,,,,,,,DHARMA,CC0,MON02436,,,,,,,,,,,,,,,,,,,,,,,,,,,
,MON02437,,,,,,,,,DHARMA,CC0,MON02437,,,,,,,,,,,,,,,,,,,,,,,,,,,
,MON02438,,,,,,,,,DHARMA,CC0,MON02438,,,,,,,,,,,,,,,,,,,,,,,,,,,
,MON02439,,,,,,,,,DHARMA,CC0,MON02439,,,,,,,,,,,,,,,,,,,,,,,,,,,
,MON02440,,,,,,,,,DHARMA,CC0,MON02440,,,,,,,,,,,,,,,,,,,,,,,,,,,
,MON02441,,,,,,,,,DHARMA,CC0,MON02441,,,,,,,,,,,,,,,,,,,,,,,,,,,
,MON02442,,,,,,,,,DHARMA,CC0,MON02442,,,,,,,,,,,,,,,,,,,,,,,,,,,
,MON02443,,,,,,,,,DHARMA,CC0,MON02443,,,,,,,,,,,,,,,,,,,,,,,,,,,
,MON02444,,,,,,,,,DHARMA,CC0,MON02444,,,,,,,,,,,,,,,,,,,,,,,,,,,
,MON02445,,,,,,,,,DHARMA,CC0,MON02445,,,,,,,,,,,,,,,,,,,,,,,,,,,
,MON02446,,,,,,,,,DHARMA,CC0,MON02446,,,,,,,,,,,,,,,,,,,,,,,,,,,
,MON02447,,,,,,,,,DHARMA,CC0,MON02447,,,,,,,,,,,,,,,,,,,,,,,,,,,
,MON02448,,,,,,,,,DHARMA,CC0,MON02448,,,,,,,,,,,,,,,,,,,,,,,,,,,
,MON02449,,,,,,,,,DHARMA,CC0,MON02449,,,,,,,,,,,,,,,,,,,,,,,,,,,
,MON02450,,,,,,,,,DHARMA,CC0,MON02450,,,,,,,,,,,,,,,,,,,,,,,,,,,
,MON02451,,,,,,,,,DHARMA,CC0,MON02451,,,,,,,,,,,,,,,,,,,,,,,,,,,
,MON02452,,,,,,,,,DHARMA,CC0,MON02452,,,,,,,,,,,,,,,,,,,,,,,,,,,
,MON02453,,,,,,,,,DHARMA,CC0,MON02453,,,,,,,,,,,,,,,,,,,,,,,,,,,
,MON02454,,,,,,,,,DHARMA,CC0,MON02454,,,,,,,,,,,,,,,,,,,,,,,,,,,
,MON02455,,,,,,,,,DHARMA,CC0,MON02455,,,,,,,,,,,,,,,,,,,,,,,,,,,
,MON02456,,,,,,,,,DHARMA,CC0,MON02456,,,,,,,,,,,,,,,,,,,,,,,,,,,
,MON02457,,,,,,,,,DHARMA,CC0,MON02457,,,,,,,,,,,,,,,,,,,,,,,,,,,
,MON02458,,,,,,,,,DHARMA,CC0,MON02458,,,,,,,,,,,,,,,,,,,,,,,,,,,
,MON02459,,,,,,,,,DHARMA,CC0,MON02459,,,,,,,,,,,,,,,,,,,,,,,,,,,
,MON02460,,,,,,,,,DHARMA,CC0,MON02460,,,,,,,,,,,,,,,,,,,,,,,,,,,
,MON02461,,,,,,,,,DHARMA,CC0,MON02461,,,,,,,,,,,,,,,,,,,,,,,,,,,
,MON02462,,,,,,,,,DHARMA,CC0,MON02462,,,,,,,,,,,,,,,,,,,,,,,,,,,
,MON02463,,,,,,,,,DHARMA,CC0,MON02463,,,,,,,,,,,,,,,,,,,,,,,,,,,
,MON02464,,,,,,,,,DHARMA,CC0,MON02464,,,,,,,,,,,,,,,,,,,,,,,,,,,
,MON02465,,,,,,,,,DHARMA,CC0,MON02465,,,,,,,,,,,,,,,,,,,,,,,,,,,
,MON02466,,,,,,,,,DHARMA,CC0,MON02466,,,,,,,,,,,,,,,,,,,,,,,,,,,
,MON02467,,,,,,,,,DHARMA,CC0,MON02467,,,,,,,,,,,,,,,,,,,,,,,,,,,
,MON02468,,,,,,,,,DHARMA,CC0,MON02468,,,,,,,,,,,,,,,,,,,,,,,,,,,
,MON02469,,,,,,,,,DHARMA,CC0,MON02469,,,,,,,,,,,,,,,,,,,,,,,,,,,
,MON02470,,,,,,,,,DHARMA,CC0,MON02470,,,,,,,,,,,,,,,,,,,,,,,,,,,
,MON02471,,,,,,,,,DHARMA,CC0,MON02471,,,,,,,,,,,,,,,,,,,,,,,,,,,
,MON02472,,,,,,,,,DHARMA,CC0,MON02472,,,,,,,,,,,,,,,,,,,,,,,,,,,
,MON02473,,,,,,,,,DHARMA,CC0,MON02473,,,,,,,,,,,,,,,,,,,,,,,,,,,
,MON02474,,,,,,,,,DHARMA,CC0,MON02474,,,,,,,,,,,,,,,,,,,,,,,,,,,
,MON02475,,,,,,,,,DHARMA,CC0,MON02475,,,,,,,,,,,,,,,,,,,,,,,,,,,
,MON02476,,,,,,,,,DHARMA,CC0,MON02476,,,,,,,,,,,,,,,,,,,,,,,,,,,
,MON02477,,,,,,,,,DHARMA,CC0,MON02477,,,,,,,,,,,,,,,,,,,,,,,,,,,
,MON02478,,,,,,,,,DHARMA,CC0,MON02478,,,,,,,,,,,,,,,,,,,,,,,,,,,
,MON02479,,,,,,,,,DHARMA,CC0,MON02479,,,,,,,,,,,,,,,,,,,,,,,,,,,
,MON02480,,,,,,,,,DHARMA,CC0,MON02480,,,,,,,,,,,,,,,,,,,,,,,,,,,
,MON02481,,,,,,,,,DHARMA,CC0,MON02481,,,,,,,,,,,,,,,,,,,,,,,,,,,
,MON02482,,,,,,,,,DHARMA,CC0,MON02482,,,,,,,,,,,,,,,,,,,,,,,,,,,
,MON02483,,,,,,,,,DHARMA,CC0,MON02483,,,,,,,,,,,,,,,,,,,,,,,,,,,
,MON02484,,,,,,,,,DHARMA,CC0,MON02484,,,,,,,,,,,,,,,,,,,,,,,,,,,
,MON02485,,,,,,,,,DHARMA,CC0,MON02485,,,,,,,,,,,,,,,,,,,,,,,,,,,
,MON02486,,,,,,,,,DHARMA,CC0,MON02486,,,,,,,,,,,,,,,,,,,,,,,,,,,
,MON02487,,,,,,,,,DHARMA,CC0,MON02487,,,,,,,,,,,,,,,,,,,,,,,,,,,
,MON02488,,,,,,,,,DHARMA,CC0,MON02488,,,,,,,,,,,,,,,,,,,,,,,,,,,
,MON02489,,,,,,,,,DHARMA,CC0,MON02489,,,,,,,,,,,,,,,,,,,,,,,,,,,
,MON02490,,,,,,,,,DHARMA,CC0,MON02490,,,,,,,,,,,,,,,,,,,,,,,,,,,
,MON02491,,,,,,,,,DHARMA,CC0,MON02491,,,,,,,,,,,,,,,,,,,,,,,,,,,
,MON02492,,,,,,,,,DHARMA,CC0,MON02492,,,,,,,,,,,,,,,,,,,,,,,,,,,
,MON02493,,,,,,,,,DHARMA,CC0,MON02493,,,,,,,,,,,,,,,,,,,,,,,,,,,
,MON02494,,,,,,,,,DHARMA,CC0,MON02494,,,,,,,,,,,,,,,,,,,,,,,,,,,
,MON02495,,,,,,,,,DHARMA,CC0,MON02495,,,,,,,,,,,,,,,,,,,,,,,,,,,
,MON02496,,,,,,,,,DHARMA,CC0,MON02496,,,,,,,,,,,,,,,,,,,,,,,,,,,
,MON02497,,,,,,,,,DHARMA,CC0,MON02497,,,,,,,,,,,,,,,,,,,,,,,,,,,
,MON02498,,,,,,,,,DHARMA,CC0,MON02498,,,,,,,,,,,,,,,,,,,,,,,,,,,
,MON02499,,,,,,,,,DHARMA,CC0,MON02499,,,,,,,,,,,,,,,,,,,,,,,,,,,
,MON02500,,,,,,,,,DHARMA,CC0,MON02500,,,,,,,,,,,,,,,,,,,,,,,,,,,
,MON02501,,,,,,,,,DHARMA,CC0,MON02501,,,,,,,,,,,,,,,,,,,,,,,,,,,
,MON02502,,,,,,,,,DHARMA,CC0,MON02502,,,,,,,,,,,,,,,,,,,,,,,,,,,
,MON02503,,,,,,,,,DHARMA,CC0,MON02503,,,,,,,,,,,,,,,,,,,,,,,,,,,
,MON02504,,,,,,,,,DHARMA,CC0,MON02504,,,,,,,,,,,,,,,,,,,,,,,,,,,
,MON02505,,,,,,,,,DHARMA,CC0,MON02505,,,,,,,,,,,,,,,,,,,,,,,,,,,
,MON02506,,,,,,,,,DHARMA,CC0,MON02506,,,,,,,,,,,,,,,,,,,,,,,,,,,
,MON02507,,,,,,,,,DHARMA,CC0,MON02507,,,,,,,,,,,,,,,,,,,,,,,,,,,
,MON02508,,,,,,,,,DHARMA,CC0,MON02508,,,,,,,,,,,,,,,,,,,,,,,,,,,
,MON02509,,,,,,,,,DHARMA,CC0,MON02509,,,,,,,,,,,,,,,,,,,,,,,,,,,
,MON02510,,,,,,,,,DHARMA,CC0,MON02510,,,,,,,,,,,,,,,,,,,,,,,,,,,
,MON02511,,,,,,,,,DHARMA,CC0,MON02511,,,,,,,,,,,,,,,,,,,,,,,,,,,
,MON02512,,,,,,,,,DHARMA,CC0,MON02512,,,,,,,,,,,,,,,,,,,,,,,,,,,
,MON02513,,,,,,,,,DHARMA,CC0,MON02513,,,,,,,,,,,,,,,,,,,,,,,,,,,
,MON02514,,,,,,,,,DHARMA,CC0,MON02514,,,,,,,,,,,,,,,,,,,,,,,,,,,
,MON02515,,,,,,,,,DHARMA,CC0,MON02515,,,,,,,,,,,,,,,,,,,,,,,,,,,
,MON02516,,,,,,,,,DHARMA,CC0,MON02516,,,,,,,,,,,,,,,,,,,,,,,,,,,
,MON02517,,,,,,,,,DHARMA,CC0,MON02517,,,,,,,,,,,,,,,,,,,,,,,,,,,
,MON02518,,,,,,,,,DHARMA,CC0,MON02518,,,,,,,,,,,,,,,,,,,,,,,,,,,
,MON02519,,,,,,,,,DHARMA,CC0,MON02519,,,,,,,,,,,,,,,,,,,,,,,,,,,
,MON02520,,,,,,,,,DHARMA,CC0,MON02520,,,,,,,,,,,,,,,,,,,,,,,,,,,
,MON02521,,,,,,,,,DHARMA,CC0,MON02521,,,,,,,,,,,,,,,,,,,,,,,,,,,
,MON02522,,,,,,,,,DHARMA,CC0,MON02522,,,,,,,,,,,,,,,,,,,,,,,,,,,
,MON02523,,,,,,,,,DHARMA,CC0,MON02523,,,,,,,,,,,,,,,,,,,,,,,,,,,
,MON02524,,,,,,,,,DHARMA,CC0,MON02524,,,,,,,,,,,,,,,,,,,,,,,,,,,
,MON02525,,,,,,,,,DHARMA,CC0,MON02525,,,,,,,,,,,,,,,,,,,,,,,,,,,
,MON02526,,,,,,,,,DHARMA,CC0,MON02526,,,,,,,,,,,,,,,,,,,,,,,,,,,
,MON02527,,,,,,,,,DHARMA,CC0,MON02527,,,,,,,,,,,,,,,,,,,,,,,,,,,
,MON02528,,,,,,,,,DHARMA,CC0,MON02528,,,,,,,,,,,,,,,,,,,,,,,,,,,
,MON02529,,,,,,,,,DHARMA,CC0,MON02529,,,,,,,,,,,,,,,,,,,,,,,,,,,
,MON02530,,,,,,,,,DHARMA,CC0,MON02530,,,,,,,,,,,,,,,,,,,,,,,,,,,
,MON02531,,,,,,,,,DHARMA,CC0,MON02531,,,,,,,,,,,,,,,,,,,,,,,,,,,
,MON02532,,,,,,,,,DHARMA,CC0,MON02532,,,,,,,,,,,,,,,,,,,,,,,,,,,
,MON02533,,,,,,,,,DHARMA,CC0,MON02533,,,,,,,,,,,,,,,,,,,,,,,,,,,
,MON02534,,,,,,,,,DHARMA,CC0,MON02534,,,,,,,,,,,,,,,,,,,,,,,,,,,
,MON02535,,,,,,,,,DHARMA,CC0,MON02535,,,,,,,,,,,,,,,,,,,,,,,,,,,
,MON02536,,,,,,,,,DHARMA,CC0,MON02536,,,,,,,,,,,,,,,,,,,,,,,,,,,
,MON02537,,,,,,,,,DHARMA,CC0,MON02537,,,,,,,,,,,,,,,,,,,,,,,,,,,
,MON02538,,,,,,,,,DHARMA,CC0,MON02538,,,,,,,,,,,,,,,,,,,,,,,,,,,
,MON02539,,,,,,,,,DHARMA,CC0,MON02539,,,,,,,,,,,,,,,,,,,,,,,,,,,
,MON02540,,,,,,,,,DHARMA,CC0,MON02540,,,,,,,,,,,,,,,,,,,,,,,,,,,
,MON02541,,,,,,,,,DHARMA,CC0,MON02541,,,,,,,,,,,,,,,,,,,,,,,,,,,
,MON02542,,,,,,,,,DHARMA,CC0,MON02542,,,,,,,,,,,,,,,,,,,,,,,,,,,
,MON02543,,,,,,,,,DHARMA,CC0,MON02543,,,,,,,,,,,,,,,,,,,,,,,,,,,
,MON02544,,,,,,,,,DHARMA,CC0,MON02544,,,,,,,,,,,,,,,,,,,,,,,,,,,
,MON02545,,,,,,,,,DHARMA,CC0,MON02545,,,,,,,,,,,,,,,,,,,,,,,,,,,
,MON02546,,,,,,,,,DHARMA,CC0,MON02546,,,,,,,,,,,,,,,,,,,,,,,,,,,
,MON02547,,,,,,,,,DHARMA,CC0,MON02547,,,,,,,,,,,,,,,,,,,,,,,,,,,
,MON02548,,,,,,,,,DHARMA,CC0,MON02548,,,,,,,,,,,,,,,,,,,,,,,,,,,
,MON02549,,,,,,,,,DHARMA,CC0,MON02549,,,,,,,,,,,,,,,,,,,,,,,,,,,
,MON02550,,,,,,,,,DHARMA,CC0,MON02550,,,,,,,,,,,,,,,,,,,,,,,,,,,
,MON02551,,,,,,,,,DHARMA,CC0,MON02551,,,,,,,,,,,,,,,,,,,,,,,,,,,
,MON02552,,,,,,,,,DHARMA,CC0,MON02552,,,,,,,,,,,,,,,,,,,,,,,,,,,
,MON02553,,,,,,,,,DHARMA,CC0,MON02553,,,,,,,,,,,,,,,,,,,,,,,,,,,
,MON02554,,,,,,,,,DHARMA,CC0,MON02554,,,,,,,,,,,,,,,,,,,,,,,,,,,
,MON02555,,,,,,,,,DHARMA,CC0,MON02555,,,,,,,,,,,,,,,,,,,,,,,,,,,
,MON02556,,,,,,,,,DHARMA,CC0,MON02556,,,,,,,,,,,,,,,,,,,,,,,,,,,
,MON02557,,,,,,,,,DHARMA,CC0,MON02557,,,,,,,,,,,,,,,,,,,,,,,,,,,
,MON02558,,,,,,,,,DHARMA,CC0,MON02558,,,,,,,,,,,,,,,,,,,,,,,,,,,
,MON02559,,,,,,,,,DHARMA,CC0,MON02559,,,,,,,,,,,,,,,,,,,,,,,,,,,
,MON02560,,,,,,,,,DHARMA,CC0,MON02560,,,,,,,,,,,,,,,,,,,,,,,,,,,
,MON02561,,,,,,,,,DHARMA,CC0,MON02561,,,,,,,,,,,,,,,,,,,,,,,,,,,
,MON02562,,,,,,,,,DHARMA,CC0,MON02562,,,,,,,,,,,,,,,,,,,,,,,,,,,
,MON02563,,,,,,,,,DHARMA,CC0,MON02563,,,,,,,,,,,,,,,,,,,,,,,,,,,
,MON02564,,,,,,,,,DHARMA,CC0,MON02564,,,,,,,,,,,,,,,,,,,,,,,,,,,
,MON02565,,,,,,,,,DHARMA,CC0,MON02565,,,,,,,,,,,,,,,,,,,,,,,,,,,
,MON02566,,,,,,,,,DHARMA,CC0,MON02566,,,,,,,,,,,,,,,,,,,,,,,,,,,
,MON02567,,,,,,,,,DHARMA,CC0,MON02567,,,,,,,,,,,,,,,,,,,,,,,,,,,
,MON02568,,,,,,,,,DHARMA,CC0,MON02568,,,,,,,,,,,,,,,,,,,,,,,,,,,
,MON02569,,,,,,,,,DHARMA,CC0,MON02569,,,,,,,,,,,,,,,,,,,,,,,,,,,
,MON02570,,,,,,,,,DHARMA,CC0,MON02570,,,,,,,,,,,,,,,,,,,,,,,,,,,
,MON02571,,,,,,,,,DHARMA,CC0,MON02571,,,,,,,,,,,,,,,,,,,,,,,,,,,
,MON02572,,,,,,,,,DHARMA,CC0,MON02572,,,,,,,,,,,,,,,,,,,,,,,,,,,
,MON02573,,,,,,,,,DHARMA,CC0,MON02573,,,,,,,,,,,,,,,,,,,,,,,,,,,
,MON02574,,,,,,,,,DHARMA,CC0,MON02574,,,,,,,,,,,,,,,,,,,,,,,,,,,
,MON02575,,,,,,,,,DHARMA,CC0,MON02575,,,,,,,,,,,,,,,,,,,,,,,,,,,
,MON02576,,,,,,,,,DHARMA,CC0,MON02576,,,,,,,,,,,,,,,,,,,,,,,,,,,
,MON02577,,,,,,,,,DHARMA,CC0,MON02577,,,,,,,,,,,,,,,,,,,,,,,,,,,
,MON02578,,,,,,,,,DHARMA,CC0,MON02578,,,,,,,,,,,,,,,,,,,,,,,,,,,
,MON02579,,,,,,,,,DHARMA,CC0,MON02579,,,,,,,,,,,,,,,,,,,,,,,,,,,
,MON02580,,,,,,,,,DHARMA,CC0,MON02580,,,,,,,,,,,,,,,,,,,,,,,,,,,
,MON02581,,,,,,,,,DHARMA,CC0,MON02581,,,,,,,,,,,,,,,,,,,,,,,,,,,
,MON02582,,,,,,,,,DHARMA,CC0,MON02582,,,,,,,,,,,,,,,,,,,,,,,,,,,
,MON02583,,,,,,,,,DHARMA,CC0,MON02583,,,,,,,,,,,,,,,,,,,,,,,,,,,
,MON02584,,,,,,,,,DHARMA,CC0,MON02584,,,,,,,,,,,,,,,,,,,,,,,,,,,
,MON02585,,,,,,,,,DHARMA,CC0,MON02585,,,,,,,,,,,,,,,,,,,,,,,,,,,
,MON02586,,,,,,,,,DHARMA,CC0,MON02586,,,,,,,,,,,,,,,,,,,,,,,,,,,
,MON02587,,,,,,,,,DHARMA,CC0,MON02587,,,,,,,,,,,,,,,,,,,,,,,,,,,
,MON02588,,,,,,,,,DHARMA,CC0,MON02588,,,,,,,,,,,,,,,,,,,,,,,,,,,
,MON02589,,,,,,,,,DHARMA,CC0,MON02589,,,,,,,,,,,,,,,,,,,,,,,,,,,
,MON02590,,,,,,,,,DHARMA,CC0,MON02590,,,,,,,,,,,,,,,,,,,,,,,,,,,
,MON02591,,,,,,,,,DHARMA,CC0,MON02591,,,,,,,,,,,,,,,,,,,,,,,,,,,
,MON02592,,,,,,,,,DHARMA,CC0,MON02592,,,,,,,,,,,,,,,,,,,,,,,,,,,
,MON02593,,,,,,,,,DHARMA,CC0,MON02593,,,,,,,,,,,,,,,,,,,,,,,,,,,
,MON02594,,,,,,,,,DHARMA,CC0,MON02594,,,,,,,,,,,,,,,,,,,,,,,,,,,
,MON02595,,,,,,,,,DHARMA,CC0,MON02595,,,,,,,,,,,,,,,,,,,,,,,,,,,
,MON02596,,,,,,,,,DHARMA,CC0,MON02596,,,,,,,,,,,,,,,,,,,,,,,,,,,
,MON02597,,,,,,,,,DHARMA,CC0,MON02597,,,,,,,,,,,,,,,,,,,,,,,,,,,
,MON02598,,,,,,,,,DHARMA,CC0,MON02598,,,,,,,,,,,,,,,,,,,,,,,,,,,
,MON02599,,,,,,,,,DHARMA,CC0,MON02599,,,,,,,,,,,,,,,,,,,,,,,,,,,
,MON02600,,,,,,,,,DHARMA,CC0,MON02600,,,,,,,,,,,,,,,,,,,,,,,,,,,
,MON02601,,,,,,,,,DHARMA,CC0,MON02601,,,,,,,,,,,,,,,,,,,,,,,,,,,
,MON02602,,,,,,,,,DHARMA,CC0,MON02602,,,,,,,,,,,,,,,,,,,,,,,,,,,
,MON02603,,,,,,,,,DHARMA,CC0,MON02603,,,,,,,,,,,,,,,,,,,,,,,,,,,
,MON02604,,,,,,,,,DHARMA,CC0,MON02604,,,,,,,,,,,,,,,,,,,,,,,,,,,
,MON02605,,,,,,,,,DHARMA,CC0,MON02605,,,,,,,,,,,,,,,,,,,,,,,,,,,
,MON02606,,,,,,,,,DHARMA,CC0,MON02606,,,,,,,,,,,,,,,,,,,,,,,,,,,
,MON02607,,,,,,,,,DHARMA,CC0,MON02607,,,,,,,,,,,,,,,,,,,,,,,,,,,
,MON02608,,,,,,,,,DHARMA,CC0,MON02608,,,,,,,,,,,,,,,,,,,,,,,,,,,
,MON02609,,,,,,,,,DHARMA,CC0,MON02609,,,,,,,,,,,,,,,,,,,,,,,,,,,
,MON02610,,,,,,,,,DHARMA,CC0,MON02610,,,,,,,,,,,,,,,,,,,,,,,,,,,
,MON02611,,,,,,,,,DHARMA,CC0,MON02611,,,,,,,,,,,,,,,,,,,,,,,,,,,
,MON02612,,,,,,,,,DHARMA,CC0,MON02612,,,,,,,,,,,,,,,,,,,,,,,,,,,
,MON02613,,,,,,,,,DHARMA,CC0,MON02613,,,,,,,,,,,,,,,,,,,,,,,,,,,
,MON02614,,,,,,,,,DHARMA,CC0,MON02614,,,,,,,,,,,,,,,,,,,,,,,,,,,
,MON02615,,,,,,,,,DHARMA,CC0,MON02615,,,,,,,,,,,,,,,,,,,,,,,,,,,
,MON02616,,,,,,,,,DHARMA,CC0,MON02616,,,,,,,,,,,,,,,,,,,,,,,,,,,
,MON02617,,,,,,,,,DHARMA,CC0,MON02617,,,,,,,,,,,,,,,,,,,,,,,,,,,
,MON02618,,,,,,,,,DHARMA,CC0,MON02618,,,,,,,,,,,,,,,,,,,,,,,,,,,
,MON02619,,,,,,,,,DHARMA,CC0,MON02619,,,,,,,,,,,,,,,,,,,,,,,,,,,
,MON02620,,,,,,,,,DHARMA,CC0,MON02620,,,,,,,,,,,,,,,,,,,,,,,,,,,
,MON02621,,,,,,,,,DHARMA,CC0,MON02621,,,,,,,,,,,,,,,,,,,,,,,,,,,
,MON02622,,,,,,,,,DHARMA,CC0,MON02622,,,,,,,,,,,,,,,,,,,,,,,,,,,
,MON02623,,,,,,,,,DHARMA,CC0,MON02623,,,,,,,,,,,,,,,,,,,,,,,,,,,
,MON02624,,,,,,,,,DHARMA,CC0,MON02624,,,,,,,,,,,,,,,,,,,,,,,,,,,
,MON02625,,,,,,,,,DHARMA,CC0,MON02625,,,,,,,,,,,,,,,,,,,,,,,,,,,
,MON02626,,,,,,,,,DHARMA,CC0,MON02626,,,,,,,,,,,,,,,,,,,,,,,,,,,
,MON02627,,,,,,,,,DHARMA,CC0,MON02627,,,,,,,,,,,,,,,,,,,,,,,,,,,
,MON02628,,,,,,,,,DHARMA,CC0,MON02628,,,,,,,,,,,,,,,,,,,,,,,,,,,
,MON02629,,,,,,,,,DHARMA,CC0,MON02629,,,,,,,,,,,,,,,,,,,,,,,,,,,
,MON02630,,,,,,,,,DHARMA,CC0,MON02630,,,,,,,,,,,,,,,,,,,,,,,,,,,
,MON02631,,,,,,,,,DHARMA,CC0,MON02631,,,,,,,,,,,,,,,,,,,,,,,,,,,
,MON02632,,,,,,,,,DHARMA,CC0,MON02632,,,,,,,,,,,,,,,,,,,,,,,,,,,
,MON02633,,,,,,,,,DHARMA,CC0,MON02633,,,,,,,,,,,,,,,,,,,,,,,,,,,
,MON02634,,,,,,,,,DHARMA,CC0,MON02634,,,,,,,,,,,,,,,,,,,,,,,,,,,
,MON02635,,,,,,,,,DHARMA,CC0,MON02635,,,,,,,,,,,,,,,,,,,,,,,,,,,
,MON02636,,,,,,,,,DHARMA,CC0,MON02636,,,,,,,,,,,,,,,,,,,,,,,,,,,
,MON02637,,,,,,,,,DHARMA,CC0,MON02637,,,,,,,,,,,,,,,,,,,,,,,,,,,
,MON02638,,,,,,,,,DHARMA,CC0,MON02638,,,,,,,,,,,,,,,,,,,,,,,,,,,
,MON02639,,,,,,,,,DHARMA,CC0,MON02639,,,,,,,,,,,,,,,,,,,,,,,,,,,
,MON02640,,,,,,,,,DHARMA,CC0,MON02640,,,,,,,,,,,,,,,,,,,,,,,,,,,
,MON02641,,,,,,,,,DHARMA,CC0,MON02641,,,,,,,,,,,,,,,,,,,,,,,,,,,
,MON02642,,,,,,,,,DHARMA,CC0,MON02642,,,,,,,,,,,,,,,,,,,,,,,,,,,
,MON02643,,,,,,,,,DHARMA,CC0,MON02643,,,,,,,,,,,,,,,,,,,,,,,,,,,
,MON02644,,,,,,,,,DHARMA,CC0,MON02644,,,,,,,,,,,,,,,,,,,,,,,,,,,
,MON02645,,,,,,,,,DHARMA,CC0,MON02645,,,,,,,,,,,,,,,,,,,,,,,,,,,
,MON02646,,,,,,,,,DHARMA,CC0,MON02646,,,,,,,,,,,,,,,,,,,,,,,,,,,
,MON02647,,,,,,,,,DHARMA,CC0,MON02647,,,,,,,,,,,,,,,,,,,,,,,,,,,
,MON02648,,,,,,,,,DHARMA,CC0,MON02648,,,,,,,,,,,,,,,,,,,,,,,,,,,
,MON02649,,,,,,,,,DHARMA,CC0,MON02649,,,,,,,,,,,,,,,,,,,,,,,,,,,
,MON02650,,,,,,,,,DHARMA,CC0,MON02650,,,,,,,,,,,,,,,,,,,,,,,,,,,
,MON02651,,,,,,,,,DHARMA,CC0,MON02651,,,,,,,,,,,,,,,,,,,,,,,,,,,
,MON02652,,,,,,,,,DHARMA,CC0,MON02652,,,,,,,,,,,,,,,,,,,,,,,,,,,
,MON02653,,,,,,,,,DHARMA,CC0,MON02653,,,,,,,,,,,,,,,,,,,,,,,,,,,
,MON02654,,,,,,,,,DHARMA,CC0,MON02654,,,,,,,,,,,,,,,,,,,,,,,,,,,
,MON02655,,,,,,,,,DHARMA,CC0,MON02655,,,,,,,,,,,,,,,,,,,,,,,,,,,
,MON02656,,,,,,,,,DHARMA,CC0,MON02656,,,,,,,,,,,,,,,,,,,,,,,,,,,
,MON02657,,,,,,,,,DHARMA,CC0,MON02657,,,,,,,,,,,,,,,,,,,,,,,,,,,
,MON02658,,,,,,,,,DHARMA,CC0,MON02658,,,,,,,,,,,,,,,,,,,,,,,,,,,
,MON02659,,,,,,,,,DHARMA,CC0,MON02659,,,,,,,,,,,,,,,,,,,,,,,,,,,
,MON02660,,,,,,,,,DHARMA,CC0,MON02660,,,,,,,,,,,,,,,,,,,,,,,,,,,
,MON02661,,,,,,,,,DHARMA,CC0,MON02661,,,,,,,,,,,,,,,,,,,,,,,,,,,
,MON02662,,,,,,,,,DHARMA,CC0,MON02662,,,,,,,,,,,,,,,,,,,,,,,,,,,
,MON02663,,,,,,,,,DHARMA,CC0,MON02663,,,,,,,,,,,,,,,,,,,,,,,,,,,
,MON02664,,,,,,,,,DHARMA,CC0,MON02664,,,,,,,,,,,,,,,,,,,,,,,,,,,
,MON02665,,,,,,,,,DHARMA,CC0,MON02665,,,,,,,,,,,,,,,,,,,,,,,,,,,
,MON02666,,,,,,,,,DHARMA,CC0,MON02666,,,,,,,,,,,,,,,,,,,,,,,,,,,
,MON02667,,,,,,,,,DHARMA,CC0,MON02667,,,,,,,,,,,,,,,,,,,,,,,,,,,
,MON02668,,,,,,,,,DHARMA,CC0,MON02668,,,,,,,,,,,,,,,,,,,,,,,,,,,
,MON02669,,,,,,,,,DHARMA,CC0,MON02669,,,,,,,,,,,,,,,,,,,,,,,,,,,
,MON02670,,,,,,,,,DHARMA,CC0,MON02670,,,,,,,,,,,,,,,,,,,,,,,,,,,
,MON02671,,,,,,,,,DHARMA,CC0,MON02671,,,,,,,,,,,,,,,,,,,,,,,,,,,
,MON02672,,,,,,,,,DHARMA,CC0,MON02672,,,,,,,,,,,,,,,,,,,,,,,,,,,
,MON02673,,,,,,,,,DHARMA,CC0,MON02673,,,,,,,,,,,,,,,,,,,,,,,,,,,
,MON02674,,,,,,,,,DHARMA,CC0,MON02674,,,,,,,,,,,,,,,,,,,,,,,,,,,
,MON02675,,,,,,,,,DHARMA,CC0,MON02675,,,,,,,,,,,,,,,,,,,,,,,,,,,
,MON02676,,,,,,,,,DHARMA,CC0,MON02676,,,,,,,,,,,,,,,,,,,,,,,,,,,
,MON02677,,,,,,,,,DHARMA,CC0,MON02677,,,,,,,,,,,,,,,,,,,,,,,,,,,
,MON02678,,,,,,,,,DHARMA,CC0,MON02678,,,,,,,,,,,,,,,,,,,,,,,,,,,
,MON02679,,,,,,,,,DHARMA,CC0,MON02679,,,,,,,,,,,,,,,,,,,,,,,,,,,
,MON02680,,,,,,,,,DHARMA,CC0,MON02680,,,,,,,,,,,,,,,,,,,,,,,,,,,
,MON02681,,,,,,,,,DHARMA,CC0,MON02681,,,,,,,,,,,,,,,,,,,,,,,,,,,
,MON02682,,,,,,,,,DHARMA,CC0,MON02682,,,,,,,,,,,,,,,,,,,,,,,,,,,
,MON02683,,,,,,,,,DHARMA,CC0,MON02683,,,,,,,,,,,,,,,,,,,,,,,,,,,
,MON02684,,,,,,,,,DHARMA,CC0,MON02684,,,,,,,,,,,,,,,,,,,,,,,,,,,
,MON02685,,,,,,,,,DHARMA,CC0,MON02685,,,,,,,,,,,,,,,,,,,,,,,,,,,
,MON02686,,,,,,,,,DHARMA,CC0,MON02686,,,,,,,,,,,,,,,,,,,,,,,,,,,
,MON02687,,,,,,,,,DHARMA,CC0,MON02687,,,,,,,,,,,,,,,,,,,,,,,,,,,
,MON02688,,,,,,,,,DHARMA,CC0,MON02688,,,,,,,,,,,,,,,,,,,,,,,,,,,
,MON02689,,,,,,,,,DHARMA,CC0,MON02689,,,,,,,,,,,,,,,,,,,,,,,,,,,
,MON02690,,,,,,,,,DHARMA,CC0,MON02690,,,,,,,,,,,,,,,,,,,,,,,,,,,
,MON02691,,,,,,,,,DHARMA,CC0,MON02691,,,,,,,,,,,,,,,,,,,,,,,,,,,
,MON02692,,,,,,,,,DHARMA,CC0,MON02692,,,,,,,,,,,,,,,,,,,,,,,,,,,
,MON02693,,,,,,,,,DHARMA,CC0,MON02693,,,,,,,,,,,,,,,,,,,,,,,,,,,
,MON02694,,,,,,,,,DHARMA,CC0,MON02694,,,,,,,,,,,,,,,,,,,,,,,,,,,
,MON02695,,,,,,,,,DHARMA,CC0,MON02695,,,,,,,,,,,,,,,,,,,,,,,,,,,
,MON02696,,,,,,,,,DHARMA,CC0,MON02696,,,,,,,,,,,,,,,,,,,,,,,,,,,
,MON02697,,,,,,,,,DHARMA,CC0,MON02697,,,,,,,,,,,,,,,,,,,,,,,,,,,
,MON02698,,,,,,,,,DHARMA,CC0,MON02698,,,,,,,,,,,,,,,,,,,,,,,,,,,
,MON02699,,,,,,,,,DHARMA,CC0,MON02699,,,,,,,,,,,,,,,,,,,,,,,,,,,
,MON02700,,,,,,,,,DHARMA,CC0,MON02700,,,,,,,,,,,,,,,,,,,,,,,,,,,
,MON02701,,,,,,,,,DHARMA,CC0,MON02701,,,,,,,,,,,,,,,,,,,,,,,,,,,
,MON02702,,,,,,,,,DHARMA,CC0,MON02702,,,,,,,,,,,,,,,,,,,,,,,,,,,
,MON02703,,,,,,,,,DHARMA,CC0,MON02703,,,,,,,,,,,,,,,,,,,,,,,,,,,
,MON02704,,,,,,,,,DHARMA,CC0,MON02704,,,,,,,,,,,,,,,,,,,,,,,,,,,
,MON02705,,,,,,,,,DHARMA,CC0,MON02705,,,,,,,,,,,,,,,,,,,,,,,,,,,
,MON02706,,,,,,,,,DHARMA,CC0,MON02706,,,,,,,,,,,,,,,,,,,,,,,,,,,
,MON02707,,,,,,,,,DHARMA,CC0,MON02707,,,,,,,,,,,,,,,,,,,,,,,,,,,
,MON02708,,,,,,,,,DHARMA,CC0,MON02708,,,,,,,,,,,,,,,,,,,,,,,,,,,
,MON02709,,,,,,,,,DHARMA,CC0,MON02709,,,,,,,,,,,,,,,,,,,,,,,,,,,
,MON02710,,,,,,,,,DHARMA,CC0,MON02710,,,,,,,,,,,,,,,,,,,,,,,,,,,
,MON02711,,,,,,,,,DHARMA,CC0,MON02711,,,,,,,,,,,,,,,,,,,,,,,,,,,
,MON02712,,,,,,,,,DHARMA,CC0,MON02712,,,,,,,,,,,,,,,,,,,,,,,,,,,
,MON02713,,,,,,,,,DHARMA,CC0,MON02713,,,,,,,,,,,,,,,,,,,,,,,,,,,
,MON02714,,,,,,,,,DHARMA,CC0,MON02714,,,,,,,,,,,,,,,,,,,,,,,,,,,
,MON02715,,,,,,,,,DHARMA,CC0,MON02715,,,,,,,,,,,,,,,,,,,,,,,,,,,
,MON02716,,,,,,,,,DHARMA,CC0,MON02716,,,,,,,,,,,,,,,,,,,,,,,,,,,
,MON02717,,,,,,,,,DHARMA,CC0,MON02717,,,,,,,,,,,,,,,,,,,,,,,,,,,
,MON02718,,,,,,,,,DHARMA,CC0,MON02718,,,,,,,,,,,,,,,,,,,,,,,,,,,
,MON02719,,,,,,,,,DHARMA,CC0,MON02719,,,,,,,,,,,,,,,,,,,,,,,,,,,
,MON02720,,,,,,,,,DHARMA,CC0,MON02720,,,,,,,,,,,,,,,,,,,,,,,,,,,
,MON02721,,,,,,,,,DHARMA,CC0,MON02721,,,,,,,,,,,,,,,,,,,,,,,,,,,
,MON02722,,,,,,,,,DHARMA,CC0,MON02722,,,,,,,,,,,,,,,,,,,,,,,,,,,
,MON02723,,,,,,,,,DHARMA,CC0,MON02723,,,,,,,,,,,,,,,,,,,,,,,,,,,
,MON02724,,,,,,,,,DHARMA,CC0,MON02724,,,,,,,,,,,,,,,,,,,,,,,,,,,
,MON02725,,,,,,,,,DHARMA,CC0,MON02725,,,,,,,,,,,,,,,,,,,,,,,,,,,
,MON02726,,,,,,,,,DHARMA,CC0,MON02726,,,,,,,,,,,,,,,,,,,,,,,,,,,
,MON02727,,,,,,,,,DHARMA,CC0,MON02727,,,,,,,,,,,,,,,,,,,,,,,,,,,
,MON02728,,,,,,,,,DHARMA,CC0,MON02728,,,,,,,,,,,,,,,,,,,,,,,,,,,
,MON02729,,,,,,,,,DHARMA,CC0,MON02729,,,,,,,,,,,,,,,,,,,,,,,,,,,
,MON02730,,,,,,,,,DHARMA,CC0,MON02730,,,,,,,,,,,,,,,,,,,,,,,,,,,
,MON02731,,,,,,,,,DHARMA,CC0,MON02731,,,,,,,,,,,,,,,,,,,,,,,,,,,
,MON02732,,,,,,,,,DHARMA,CC0,MON02732,,,,,,,,,,,,,,,,,,,,,,,,,,,
,MON02733,,,,,,,,,DHARMA,CC0,MON02733,,,,,,,,,,,,,,,,,,,,,,,,,,,
,MON02734,,,,,,,,,DHARMA,CC0,MON02734,,,,,,,,,,,,,,,,,,,,,,,,,,,
,MON02735,,,,,,,,,DHARMA,CC0,MON02735,,,,,,,,,,,,,,,,,,,,,,,,,,,
,MON02736,,,,,,,,,DHARMA,CC0,MON02736,,,,,,,,,,,,,,,,,,,,,,,,,,,
,MON02737,,,,,,,,,DHARMA,CC0,MON02737,,,,,,,,,,,,,,,,,,,,,,,,,,,
,MON02738,,,,,,,,,DHARMA,CC0,MON02738,,,,,,,,,,,,,,,,,,,,,,,,,,,
,MON02739,,,,,,,,,DHARMA,CC0,MON02739,,,,,,,,,,,,,,,,,,,,,,,,,,,
,MON02740,,,,,,,,,DHARMA,CC0,MON02740,,,,,,,,,,,,,,,,,,,,,,,,,,,
,MON02741,,,,,,,,,DHARMA,CC0,MON02741,,,,,,,,,,,,,,,,,,,,,,,,,,,
,MON02742,,,,,,,,,DHARMA,CC0,MON02742,,,,,,,,,,,,,,,,,,,,,,,,,,,
,MON02743,,,,,,,,,DHARMA,CC0,MON02743,,,,,,,,,,,,,,,,,,,,,,,,,,,
,MON02744,,,,,,,,,DHARMA,CC0,MON02744,,,,,,,,,,,,,,,,,,,,,,,,,,,
,MON02745,,,,,,,,,DHARMA,CC0,MON02745,,,,,,,,,,,,,,,,,,,,,,,,,,,
,MON02746,,,,,,,,,DHARMA,CC0,MON02746,,,,,,,,,,,,,,,,,,,,,,,,,,,
,MON02747,,,,,,,,,DHARMA,CC0,MON02747,,,,,,,,,,,,,,,,,,,,,,,,,,,
,MON02748,,,,,,,,,DHARMA,CC0,MON02748,,,,,,,,,,,,,,,,,,,,,,,,,,,
,MON02749,,,,,,,,,DHARMA,CC0,MON02749,,,,,,,,,,,,,,,,,,,,,,,,,,,
,MON02750,,,,,,,,,DHARMA,CC0,MON02750,,,,,,,,,,,,,,,,,,,,,,,,,,,
,MON02751,,,,,,,,,DHARMA,CC0,MON02751,,,,,,,,,,,,,,,,,,,,,,,,,,,
,MON02752,,,,,,,,,DHARMA,CC0,MON02752,,,,,,,,,,,,,,,,,,,,,,,,,,,
,MON02753,,,,,,,,,DHARMA,CC0,MON02753,,,,,,,,,,,,,,,,,,,,,,,,,,,
,MON02754,,,,,,,,,DHARMA,CC0,MON02754,,,,,,,,,,,,,,,,,,,,,,,,,,,
,MON02755,,,,,,,,,DHARMA,CC0,MON02755,,,,,,,,,,,,,,,,,,,,,,,,,,,
,MON02756,,,,,,,,,DHARMA,CC0,MON02756,,,,,,,,,,,,,,,,,,,,,,,,,,,
,MON02757,,,,,,,,,DHARMA,CC0,MON02757,,,,,,,,,,,,,,,,,,,,,,,,,,,
,MON02758,,,,,,,,,DHARMA,CC0,MON02758,,,,,,,,,,,,,,,,,,,,,,,,,,,
,MON02759,,,,,,,,,DHARMA,CC0,MON02759,,,,,,,,,,,,,,,,,,,,,,,,,,,
,MON02760,,,,,,,,,DHARMA,CC0,MON02760,,,,,,,,,,,,,,,,,,,,,,,,,,,
,MON02761,,,,,,,,,DHARMA,CC0,MON02761,,,,,,,,,,,,,,,,,,,,,,,,,,,
,MON02762,,,,,,,,,DHARMA,CC0,MON02762,,,,,,,,,,,,,,,,,,,,,,,,,,,
,MON02763,,,,,,,,,DHARMA,CC0,MON02763,,,,,,,,,,,,,,,,,,,,,,,,,,,
,MON02764,,,,,,,,,DHARMA,CC0,MON02764,,,,,,,,,,,,,,,,,,,,,,,,,,,
,MON02765,,,,,,,,,DHARMA,CC0,MON02765,,,,,,,,,,,,,,,,,,,,,,,,,,,
,MON02766,,,,,,,,,DHARMA,CC0,MON02766,,,,,,,,,,,,,,,,,,,,,,,,,,,
,MON02767,,,,,,,,,DHARMA,CC0,MON02767,,,,,,,,,,,,,,,,,,,,,,,,,,,
,MON02768,,,,,,,,,DHARMA,CC0,MON02768,,,,,,,,,,,,,,,,,,,,,,,,,,,
,MON02769,,,,,,,,,DHARMA,CC0,MON02769,,,,,,,,,,,,,,,,,,,,,,,,,,,
,MON02770,,,,,,,,,DHARMA,CC0,MON02770,,,,,,,,,,,,,,,,,,,,,,,,,,,
,MON02771,,,,,,,,,DHARMA,CC0,MON02771,,,,,,,,,,,,,,,,,,,,,,,,,,,
,MON02772,,,,,,,,,DHARMA,CC0,MON02772,,,,,,,,,,,,,,,,,,,,,,,,,,,
,MON02773,,,,,,,,,DHARMA,CC0,MON02773,,,,,,,,,,,,,,,,,,,,,,,,,,,
,MON02774,,,,,,,,,DHARMA,CC0,MON02774,,,,,,,,,,,,,,,,,,,,,,,,,,,
,MON02775,,,,,,,,,DHARMA,CC0,MON02775,,,,,,,,,,,,,,,,,,,,,,,,,,,
,MON02776,,,,,,,,,DHARMA,CC0,MON02776,,,,,,,,,,,,,,,,,,,,,,,,,,,
,MON02777,,,,,,,,,DHARMA,CC0,MON02777,,,,,,,,,,,,,,,,,,,,,,,,,,,
,MON02778,,,,,,,,,DHARMA,CC0,MON02778,,,,,,,,,,,,,,,,,,,,,,,,,,,
,MON02779,,,,,,,,,DHARMA,CC0,MON02779,,,,,,,,,,,,,,,,,,,,,,,,,,,
,MON02780,,,,,,,,,DHARMA,CC0,MON02780,,,,,,,,,,,,,,,,,,,,,,,,,,,
,MON02781,,,,,,,,,DHARMA,CC0,MON02781,,,,,,,,,,,,,,,,,,,,,,,,,,,
,MON02782,,,,,,,,,DHARMA,CC0,MON02782,,,,,,,,,,,,,,,,,,,,,,,,,,,
,MON02783,,,,,,,,,DHARMA,CC0,MON02783,,,,,,,,,,,,,,,,,,,,,,,,,,,
,MON02784,,,,,,,,,DHARMA,CC0,MON02784,,,,,,,,,,,,,,,,,,,,,,,,,,,
,MON02785,,,,,,,,,DHARMA,CC0,MON02785,,,,,,,,,,,,,,,,,,,,,,,,,,,
,MON02786,,,,,,,,,DHARMA,CC0,MON02786,,,,,,,,,,,,,,,,,,,,,,,,,,,
,MON02787,,,,,,,,,DHARMA,CC0,MON02787,,,,,,,,,,,,,,,,,,,,,,,,,,,
,MON02788,,,,,,,,,DHARMA,CC0,MON02788,,,,,,,,,,,,,,,,,,,,,,,,,,,
,MON02789,,,,,,,,,DHARMA,CC0,MON02789,,,,,,,,,,,,,,,,,,,,,,,,,,,
,MON02790,,,,,,,,,DHARMA,CC0,MON02790,,,,,,,,,,,,,,,,,,,,,,,,,,,
,MON02791,,,,,,,,,DHARMA,CC0,MON02791,,,,,,,,,,,,,,,,,,,,,,,,,,,
,MON02792,,,,,,,,,DHARMA,CC0,MON02792,,,,,,,,,,,,,,,,,,,,,,,,,,,
,MON02793,,,,,,,,,DHARMA,CC0,MON02793,,,,,,,,,,,,,,,,,,,,,,,,,,,
,MON02794,,,,,,,,,DHARMA,CC0,MON02794,,,,,,,,,,,,,,,,,,,,,,,,,,,
,MON02795,,,,,,,,,DHARMA,CC0,MON02795,,,,,,,,,,,,,,,,,,,,,,,,,,,
,MON02796,,,,,,,,,DHARMA,CC0,MON02796,,,,,,,,,,,,,,,,,,,,,,,,,,,
,MON02797,,,,,,,,,DHARMA,CC0,MON02797,,,,,,,,,,,,,,,,,,,,,,,,,,,
,MON02798,,,,,,,,,DHARMA,CC0,MON02798,,,,,,,,,,,,,,,,,,,,,,,,,,,
,MON02799,,,,,,,,,DHARMA,CC0,MON02799,,,,,,,,,,,,,,,,,,,,,,,,,,,
,MON02800,,,,,,,,,DHARMA,CC0,MON02800,,,,,,,,,,,,,,,,,,,,,,,,,,,
,MON02801,,,,,,,,,DHARMA,CC0,MON02801,,,,,,,,,,,,,,,,,,,,,,,,,,,
,MON02802,,,,,,,,,DHARMA,CC0,MON02802,,,,,,,,,,,,,,,,,,,,,,,,,,,
,MON02803,,,,,,,,,DHARMA,CC0,MON02803,,,,,,,,,,,,,,,,,,,,,,,,,,,
,MON02804,,,,,,,,,DHARMA,CC0,MON02804,,,,,,,,,,,,,,,,,,,,,,,,,,,
,MON02805,,,,,,,,,DHARMA,CC0,MON02805,,,,,,,,,,,,,,,,,,,,,,,,,,,
,MON02806,,,,,,,,,DHARMA,CC0,MON02806,,,,,,,,,,,,,,,,,,,,,,,,,,,
,MON02807,,,,,,,,,DHARMA,CC0,MON02807,,,,,,,,,,,,,,,,,,,,,,,,,,,
,MON02808,,,,,,,,,DHARMA,CC0,MON02808,,,,,,,,,,,,,,,,,,,,,,,,,,,
,MON02809,,,,,,,,,DHARMA,CC0,MON02809,,,,,,,,,,,,,,,,,,,,,,,,,,,
,MON02810,,,,,,,,,DHARMA,CC0,MON02810,,,,,,,,,,,,,,,,,,,,,,,,,,,
,MON02811,,,,,,,,,DHARMA,CC0,MON02811,,,,,,,,,,,,,,,,,,,,,,,,,,,
,MON02812,,,,,,,,,DHARMA,CC0,MON02812,,,,,,,,,,,,,,,,,,,,,,,,,,,
,MON02813,,,,,,,,,DHARMA,CC0,MON02813,,,,,,,,,,,,,,,,,,,,,,,,,,,
,MON02814,,,,,,,,,DHARMA,CC0,MON02814,,,,,,,,,,,,,,,,,,,,,,,,,,,
,MON02815,,,,,,,,,DHARMA,CC0,MON02815,,,,,,,,,,,,,,,,,,,,,,,,,,,
,MON02816,,,,,,,,,DHARMA,CC0,MON02816,,,,,,,,,,,,,,,,,,,,,,,,,,,
,MON02817,,,,,,,,,DHARMA,CC0,MON02817,,,,,,,,,,,,,,,,,,,,,,,,,,,
,MON02818,,,,,,,,,DHARMA,CC0,MON02818,,,,,,,,,,,,,,,,,,,,,,,,,,,
,MON02819,,,,,,,,,DHARMA,CC0,MON02819,,,,,,,,,,,,,,,,,,,,,,,,,,,
,MON02820,,,,,,,,,DHARMA,CC0,MON02820,,,,,,,,,,,,,,,,,,,,,,,,,,,
,MON02821,,,,,,,,,DHARMA,CC0,MON02821,,,,,,,,,,,,,,,,,,,,,,,,,,,
,MON02822,,,,,,,,,DHARMA,CC0,MON02822,,,,,,,,,,,,,,,,,,,,,,,,,,,
,MON02823,,,,,,,,,DHARMA,CC0,MON02823,,,,,,,,,,,,,,,,,,,,,,,,,,,
,MON02824,,,,,,,,,DHARMA,CC0,MON02824,,,,,,,,,,,,,,,,,,,,,,,,,,,
,MON02825,,,,,,,,,DHARMA,CC0,MON02825,,,,,,,,,,,,,,,,,,,,,,,,,,,
,MON02826,,,,,,,,,DHARMA,CC0,MON02826,,,,,,,,,,,,,,,,,,,,,,,,,,,
,MON02827,,,,,,,,,DHARMA,CC0,MON02827,,,,,,,,,,,,,,,,,,,,,,,,,,,
,MON02828,,,,,,,,,DHARMA,CC0,MON02828,,,,,,,,,,,,,,,,,,,,,,,,,,,
,MON02829,,,,,,,,,DHARMA,CC0,MON02829,,,,,,,,,,,,,,,,,,,,,,,,,,,
,MON02830,,,,,,,,,DHARMA,CC0,MON02830,,,,,,,,,,,,,,,,,,,,,,,,,,,
,MON02831,,,,,,,,,DHARMA,CC0,MON02831,,,,,,,,,,,,,,,,,,,,,,,,,,,
,MON02832,,,,,,,,,DHARMA,CC0,MON02832,,,,,,,,,,,,,,,,,,,,,,,,,,,
,MON02833,,,,,,,,,DHARMA,CC0,MON02833,,,,,,,,,,,,,,,,,,,,,,,,,,,
,MON02834,,,,,,,,,DHARMA,CC0,MON02834,,,,,,,,,,,,,,,,,,,,,,,,,,,
,MON02835,,,,,,,,,DHARMA,CC0,MON02835,,,,,,,,,,,,,,,,,,,,,,,,,,,
,MON02836,,,,,,,,,DHARMA,CC0,MON02836,,,,,,,,,,,,,,,,,,,,,,,,,,,
,MON02837,,,,,,,,,DHARMA,CC0,MON02837,,,,,,,,,,,,,,,,,,,,,,,,,,,
,MON02838,,,,,,,,,DHARMA,CC0,MON02838,,,,,,,,,,,,,,,,,,,,,,,,,,,
,MON02839,,,,,,,,,DHARMA,CC0,MON02839,,,,,,,,,,,,,,,,,,,,,,,,,,,
,MON02840,,,,,,,,,DHARMA,CC0,MON02840,,,,,,,,,,,,,,,,,,,,,,,,,,,
,MON02841,,,,,,,,,DHARMA,CC0,MON02841,,,,,,,,,,,,,,,,,,,,,,,,,,,
,MON02842,,,,,,,,,DHARMA,CC0,MON02842,,,,,,,,,,,,,,,,,,,,,,,,,,,
,MON02843,,,,,,,,,DHARMA,CC0,MON02843,,,,,,,,,,,,,,,,,,,,,,,,,,,
,MON02844,,,,,,,,,DHARMA,CC0,MON02844,,,,,,,,,,,,,,,,,,,,,,,,,,,
,MON02845,,,,,,,,,DHARMA,CC0,MON02845,,,,,,,,,,,,,,,,,,,,,,,,,,,
,MON02846,,,,,,,,,DHARMA,CC0,MON02846,,,,,,,,,,,,,,,,,,,,,,,,,,,
,MON02847,,,,,,,,,DHARMA,CC0,MON02847,,,,,,,,,,,,,,,,,,,,,,,,,,,
,MON02848,,,,,,,,,DHARMA,CC0,MON02848,,,,,,,,,,,,,,,,,,,,,,,,,,,
,MON02849,,,,,,,,,DHARMA,CC0,MON02849,,,,,,,,,,,,,,,,,,,,,,,,,,,
,MON02850,,,,,,,,,DHARMA,CC0,MON02850,,,,,,,,,,,,,,,,,,,,,,,,,,,
,MON02851,,,,,,,,,DHARMA,CC0,MON02851,,,,,,,,,,,,,,,,,,,,,,,,,,,
,MON02852,,,,,,,,,DHARMA,CC0,MON02852,,,,,,,,,,,,,,,,,,,,,,,,,,,
,MON02853,,,,,,,,,DHARMA,CC0,MON02853,,,,,,,,,,,,,,,,,,,,,,,,,,,
,MON02854,,,,,,,,,DHARMA,CC0,MON02854,,,,,,,,,,,,,,,,,,,,,,,,,,,
,MON02855,,,,,,,,,DHARMA,CC0,MON02855,,,,,,,,,,,,,,,,,,,,,,,,,,,
,MON02856,,,,,,,,,DHARMA,CC0,MON02856,,,,,,,,,,,,,,,,,,,,,,,,,,,
,MON02857,,,,,,,,,DHARMA,CC0,MON02857,,,,,,,,,,,,,,,,,,,,,,,,,,,
,MON02858,,,,,,,,,DHARMA,CC0,MON02858,,,,,,,,,,,,,,,,,,,,,,,,,,,
,MON02859,,,,,,,,,DHARMA,CC0,MON02859,,,,,,,,,,,,,,,,,,,,,,,,,,,
,MON02860,,,,,,,,,DHARMA,CC0,MON02860,,,,,,,,,,,,,,,,,,,,,,,,,,,
,MON02861,,,,,,,,,DHARMA,CC0,MON02861,,,,,,,,,,,,,,,,,,,,,,,,,,,
,MON02862,,,,,,,,,DHARMA,CC0,MON02862,,,,,,,,,,,,,,,,,,,,,,,,,,,
,MON02863,,,,,,,,,DHARMA,CC0,MON02863,,,,,,,,,,,,,,,,,,,,,,,,,,,
,MON02864,,,,,,,,,DHARMA,CC0,MON02864,,,,,,,,,,,,,,,,,,,,,,,,,,,
,MON02865,,,,,,,,,DHARMA,CC0,MON02865,,,,,,,,,,,,,,,,,,,,,,,,,,,
,MON02866,,,,,,,,,DHARMA,CC0,MON02866,,,,,,,,,,,,,,,,,,,,,,,,,,,
,MON02867,,,,,,,,,DHARMA,CC0,MON02867,,,,,,,,,,,,,,,,,,,,,,,,,,,
,MON02868,,,,,,,,,DHARMA,CC0,MON02868,,,,,,,,,,,,,,,,,,,,,,,,,,,
,MON02869,,,,,,,,,DHARMA,CC0,MON02869,,,,,,,,,,,,,,,,,,,,,,,,,,,
,MON02870,,,,,,,,,DHARMA,CC0,MON02870,,,,,,,,,,,,,,,,,,,,,,,,,,,
,MON02871,,,,,,,,,DHARMA,CC0,MON02871,,,,,,,,,,,,,,,,,,,,,,,,,,,
,MON02872,,,,,,,,,DHARMA,CC0,MON02872,,,,,,,,,,,,,,,,,,,,,,,,,,,
,MON02873,,,,,,,,,DHARMA,CC0,MON02873,,,,,,,,,,,,,,,,,,,,,,,,,,,
,MON02874,,,,,,,,,DHARMA,CC0,MON02874,,,,,,,,,,,,,,,,,,,,,,,,,,,
,MON02875,,,,,,,,,DHARMA,CC0,MON02875,,,,,,,,,,,,,,,,,,,,,,,,,,,
,MON02876,,,,,,,,,DHARMA,CC0,MON02876,,,,,,,,,,,,,,,,,,,,,,,,,,,
,MON02877,,,,,,,,,DHARMA,CC0,MON02877,,,,,,,,,,,,,,,,,,,,,,,,,,,
,MON02878,,,,,,,,,DHARMA,CC0,MON02878,,,,,,,,,,,,,,,,,,,,,,,,,,,
,MON02879,,,,,,,,,DHARMA,CC0,MON02879,,,,,,,,,,,,,,,,,,,,,,,,,,,
,MON02880,,,,,,,,,DHARMA,CC0,MON02880,,,,,,,,,,,,,,,,,,,,,,,,,,,
,MON02881,,,,,,,,,DHARMA,CC0,MON02881,,,,,,,,,,,,,,,,,,,,,,,,,,,
,MON02882,,,,,,,,,DHARMA,CC0,MON02882,,,,,,,,,,,,,,,,,,,,,,,,,,,
,MON02883,,,,,,,,,DHARMA,CC0,MON02883,,,,,,,,,,,,,,,,,,,,,,,,,,,
,MON02884,,,,,,,,,DHARMA,CC0,MON02884,,,,,,,,,,,,,,,,,,,,,,,,,,,
,MON02885,,,,,,,,,DHARMA,CC0,MON02885,,,,,,,,,,,,,,,,,,,,,,,,,,,
,MON02886,,,,,,,,,DHARMA,CC0,MON02886,,,,,,,,,,,,,,,,,,,,,,,,,,,
,MON02887,,,,,,,,,DHARMA,CC0,MON02887,,,,,,,,,,,,,,,,,,,,,,,,,,,
,MON02888,,,,,,,,,DHARMA,CC0,MON02888,,,,,,,,,,,,,,,,,,,,,,,,,,,
,MON02889,,,,,,,,,DHARMA,CC0,MON02889,,,,,,,,,,,,,,,,,,,,,,,,,,,
,MON02890,,,,,,,,,DHARMA,CC0,MON02890,,,,,,,,,,,,,,,,,,,,,,,,,,,
,MON02891,,,,,,,,,DHARMA,CC0,MON02891,,,,,,,,,,,,,,,,,,,,,,,,,,,
,MON02892,,,,,,,,,DHARMA,CC0,MON02892,,,,,,,,,,,,,,,,,,,,,,,,,,,
,MON02893,,,,,,,,,DHARMA,CC0,MON02893,,,,,,,,,,,,,,,,,,,,,,,,,,,
,MON02894,,,,,,,,,DHARMA,CC0,MON02894,,,,,,,,,,,,,,,,,,,,,,,,,,,
,MON02895,,,,,,,,,DHARMA,CC0,MON02895,,,,,,,,,,,,,,,,,,,,,,,,,,,
,MON02896,,,,,,,,,DHARMA,CC0,MON02896,,,,,,,,,,,,,,,,,,,,,,,,,,,
,MON02897,,,,,,,,,DHARMA,CC0,MON02897,,,,,,,,,,,,,,,,,,,,,,,,,,,
,MON02898,,,,,,,,,DHARMA,CC0,MON02898,,,,,,,,,,,,,,,,,,,,,,,,,,,
,MON02899,,,,,,,,,DHARMA,CC0,MON02899,,,,,,,,,,,,,,,,,,,,,,,,,,,
,MON02900,,,,,,,,,DHARMA,CC0,MON02900,,,,,,,,,,,,,,,,,,,,,,,,,,,
,MON02901,,,,,,,,,DHARMA,CC0,MON02901,,,,,,,,,,,,,,,,,,,,,,,,,,,
,MON02902,,,,,,,,,DHARMA,CC0,MON02902,,,,,,,,,,,,,,,,,,,,,,,,,,,
,MON02903,,,,,,,,,DHARMA,CC0,MON02903,,,,,,,,,,,,,,,,,,,,,,,,,,,
,MON02904,,,,,,,,,DHARMA,CC0,MON02904,,,,,,,,,,,,,,,,,,,,,,,,,,,
,MON02905,,,,,,,,,DHARMA,CC0,MON02905,,,,,,,,,,,,,,,,,,,,,,,,,,,
,MON02906,,,,,,,,,DHARMA,CC0,MON02906,,,,,,,,,,,,,,,,,,,,,,,,,,,
,MON02907,,,,,,,,,DHARMA,CC0,MON02907,,,,,,,,,,,,,,,,,,,,,,,,,,,
,MON02908,,,,,,,,,DHARMA,CC0,MON02908,,,,,,,,,,,,,,,,,,,,,,,,,,,
,MON02909,,,,,,,,,DHARMA,CC0,MON02909,,,,,,,,,,,,,,,,,,,,,,,,,,,
,MON02910,,,,,,,,,DHARMA,CC0,MON02910,,,,,,,,,,,,,,,,,,,,,,,,,,,
,MON02911,,,,,,,,,DHARMA,CC0,MON02911,,,,,,,,,,,,,,,,,,,,,,,,,,,
,MON02912,,,,,,,,,DHARMA,CC0,MON02912,,,,,,,,,,,,,,,,,,,,,,,,,,,
,MON02913,,,,,,,,,DHARMA,CC0,MON02913,,,,,,,,,,,,,,,,,,,,,,,,,,,
,MON02914,,,,,,,,,DHARMA,CC0,MON02914,,,,,,,,,,,,,,,,,,,,,,,,,,,
,MON02915,,,,,,,,,DHARMA,CC0,MON02915,,,,,,,,,,,,,,,,,,,,,,,,,,,
,MON02916,,,,,,,,,DHARMA,CC0,MON02916,,,,,,,,,,,,,,,,,,,,,,,,,,,
,MON02917,,,,,,,,,DHARMA,CC0,MON02917,,,,,,,,,,,,,,,,,,,,,,,,,,,
,MON02918,,,,,,,,,DHARMA,CC0,MON02918,,,,,,,,,,,,,,,,,,,,,,,,,,,
,MON02919,,,,,,,,,DHARMA,CC0,MON02919,,,,,,,,,,,,,,,,,,,,,,,,,,,
,MON02920,,,,,,,,,DHARMA,CC0,MON02920,,,,,,,,,,,,,,,,,,,,,,,,,,,
,MON02921,,,,,,,,,DHARMA,CC0,MON02921,,,,,,,,,,,,,,,,,,,,,,,,,,,
,MON02922,,,,,,,,,DHARMA,CC0,MON02922,,,,,,,,,,,,,,,,,,,,,,,,,,,
,MON02923,,,,,,,,,DHARMA,CC0,MON02923,,,,,,,,,,,,,,,,,,,,,,,,,,,
,MON02924,,,,,,,,,DHARMA,CC0,MON02924,,,,,,,,,,,,,,,,,,,,,,,,,,,
,MON02925,,,,,,,,,DHARMA,CC0,MON02925,,,,,,,,,,,,,,,,,,,,,,,,,,,
,MON02926,,,,,,,,,DHARMA,CC0,MON02926,,,,,,,,,,,,,,,,,,,,,,,,,,,
,MON02927,,,,,,,,,DHARMA,CC0,MON02927,,,,,,,,,,,,,,,,,,,,,,,,,,,
,MON02928,,,,,,,,,DHARMA,CC0,MON02928,,,,,,,,,,,,,,,,,,,,,,,,,,,
,MON02929,,,,,,,,,DHARMA,CC0,MON02929,,,,,,,,,,,,,,,,,,,,,,,,,,,
,MON02930,,,,,,,,,DHARMA,CC0,MON02930,,,,,,,,,,,,,,,,,,,,,,,,,,,
,MON02931,,,,,,,,,DHARMA,CC0,MON02931,,,,,,,,,,,,,,,,,,,,,,,,,,,
,MON02932,,,,,,,,,DHARMA,CC0,MON02932,,,,,,,,,,,,,,,,,,,,,,,,,,,
,MON02933,,,,,,,,,DHARMA,CC0,MON02933,,,,,,,,,,,,,,,,,,,,,,,,,,,
,MON02934,,,,,,,,,DHARMA,CC0,MON02934,,,,,,,,,,,,,,,,,,,,,,,,,,,
,MON02935,,,,,,,,,DHARMA,CC0,MON02935,,,,,,,,,,,,,,,,,,,,,,,,,,,
,MON02936,,,,,,,,,DHARMA,CC0,MON02936,,,,,,,,,,,,,,,,,,,,,,,,,,,
,MON02937,,,,,,,,,DHARMA,CC0,MON02937,,,,,,,,,,,,,,,,,,,,,,,,,,,
,MON02938,,,,,,,,,DHARMA,CC0,MON02938,,,,,,,,,,,,,,,,,,,,,,,,,,,
,MON02939,,,,,,,,,DHARMA,CC0,MON02939,,,,,,,,,,,,,,,,,,,,,,,,,,,
,MON02940,,,,,,,,,DHARMA,CC0,MON02940,,,,,,,,,,,,,,,,,,,,,,,,,,,
,MON02941,,,,,,,,,DHARMA,CC0,MON02941,,,,,,,,,,,,,,,,,,,,,,,,,,,
,MON02942,,,,,,,,,DHARMA,CC0,MON02942,,,,,,,,,,,,,,,,,,,,,,,,,,,
,MON02943,,,,,,,,,DHARMA,CC0,MON02943,,,,,,,,,,,,,,,,,,,,,,,,,,,
,MON02944,,,,,,,,,DHARMA,CC0,MON02944,,,,,,,,,,,,,,,,,,,,,,,,,,,
,MON02945,,,,,,,,,DHARMA,CC0,MON02945,,,,,,,,,,,,,,,,,,,,,,,,,,,
,MON02946,,,,,,,,,DHARMA,CC0,MON02946,,,,,,,,,,,,,,,,,,,,,,,,,,,
,MON02947,,,,,,,,,DHARMA,CC0,MON02947,,,,,,,,,,,,,,,,,,,,,,,,,,,
,MON02948,,,,,,,,,DHARMA,CC0,MON02948,,,,,,,,,,,,,,,,,,,,,,,,,,,
,MON02949,,,,,,,,,DHARMA,CC0,MON02949,,,,,,,,,,,,,,,,,,,,,,,,,,,
,MON02950,,,,,,,,,DHARMA,CC0,MON02950,,,,,,,,,,,,,,,,,,,,,,,,,,,
,MON02951,,,,,,,,,DHARMA,CC0,MON02951,,,,,,,,,,,,,,,,,,,,,,,,,,,
,MON02952,,,,,,,,,DHARMA,CC0,MON02952,,,,,,,,,,,,,,,,,,,,,,,,,,,
,MON02953,,,,,,,,,DHARMA,CC0,MON02953,,,,,,,,,,,,,,,,,,,,,,,,,,,
,MON02954,,,,,,,,,DHARMA,CC0,MON02954,,,,,,,,,,,,,,,,,,,,,,,,,,,
,MON02955,,,,,,,,,DHARMA,CC0,MON02955,,,,,,,,,,,,,,,,,,,,,,,,,,,
,MON02956,,,,,,,,,DHARMA,CC0,MON02956,,,,,,,,,,,,,,,,,,,,,,,,,,,
,MON02957,,,,,,,,,DHARMA,CC0,MON02957,,,,,,,,,,,,,,,,,,,,,,,,,,,
,MON02958,,,,,,,,,DHARMA,CC0,MON02958,,,,,,,,,,,,,,,,,,,,,,,,,,,
,MON02959,,,,,,,,,DHARMA,CC0,MON02959,,,,,,,,,,,,,,,,,,,,,,,,,,,
,MON02960,,,,,,,,,DHARMA,CC0,MON02960,,,,,,,,,,,,,,,,,,,,,,,,,,,
,MON02961,,,,,,,,,DHARMA,CC0,MON02961,,,,,,,,,,,,,,,,,,,,,,,,,,,
,MON02962,,,,,,,,,DHARMA,CC0,MON02962,,,,,,,,,,,,,,,,,,,,,,,,,,,
,MON02963,,,,,,,,,DHARMA,CC0,MON02963,,,,,,,,,,,,,,,,,,,,,,,,,,,
,MON02964,,,,,,,,,DHARMA,CC0,MON02964,,,,,,,,,,,,,,,,,,,,,,,,,,,
,MON02965,,,,,,,,,DHARMA,CC0,MON02965,,,,,,,,,,,,,,,,,,,,,,,,,,,
,MON02966,,,,,,,,,DHARMA,CC0,MON02966,,,,,,,,,,,,,,,,,,,,,,,,,,,
,MON02967,,,,,,,,,DHARMA,CC0,MON02967,,,,,,,,,,,,,,,,,,,,,,,,,,,
,MON02968,,,,,,,,,DHARMA,CC0,MON02968,,,,,,,,,,,,,,,,,,,,,,,,,,,
,MON02969,,,,,,,,,DHARMA,CC0,MON02969,,,,,,,,,,,,,,,,,,,,,,,,,,,
,MON02970,,,,,,,,,DHARMA,CC0,MON02970,,,,,,,,,,,,,,,,,,,,,,,,,,,
,MON02971,,,,,,,,,DHARMA,CC0,MON02971,,,,,,,,,,,,,,,,,,,,,,,,,,,
,MON02972,,,,,,,,,DHARMA,CC0,MON02972,,,,,,,,,,,,,,,,,,,,,,,,,,,
,MON02973,,,,,,,,,DHARMA,CC0,MON02973,,,,,,,,,,,,,,,,,,,,,,,,,,,
,MON02974,,,,,,,,,DHARMA,CC0,MON02974,,,,,,,,,,,,,,,,,,,,,,,,,,,
,MON02975,,,,,,,,,DHARMA,CC0,MON02975,,,,,,,,,,,,,,,,,,,,,,,,,,,
,MON02976,,,,,,,,,DHARMA,CC0,MON02976,,,,,,,,,,,,,,,,,,,,,,,,,,,
,MON02977,,,,,,,,,DHARMA,CC0,MON02977,,,,,,,,,,,,,,,,,,,,,,,,,,,
,MON02978,,,,,,,,,DHARMA,CC0,MON02978,,,,,,,,,,,,,,,,,,,,,,,,,,,
,MON02979,,,,,,,,,DHARMA,CC0,MON02979,,,,,,,,,,,,,,,,,,,,,,,,,,,
,MON02980,,,,,,,,,DHARMA,CC0,MON02980,,,,,,,,,,,,,,,,,,,,,,,,,,,
,MON02981,,,,,,,,,DHARMA,CC0,MON02981,,,,,,,,,,,,,,,,,,,,,,,,,,,
,MON02982,,,,,,,,,DHARMA,CC0,MON02982,,,,,,,,,,,,,,,,,,,,,,,,,,,
,MON02983,,,,,,,,,DHARMA,CC0,MON02983,,,,,,,,,,,,,,,,,,,,,,,,,,,
,MON02984,,,,,,,,,DHARMA,CC0,MON02984,,,,,,,,,,,,,,,,,,,,,,,,,,,
,MON02985,,,,,,,,,DHARMA,CC0,MON02985,,,,,,,,,,,,,,,,,,,,,,,,,,,
,MON02986,,,,,,,,,DHARMA,CC0,MON02986,,,,,,,,,,,,,,,,,,,,,,,,,,,
,MON02987,,,,,,,,,DHARMA,CC0,MON02987,,,,,,,,,,,,,,,,,,,,,,,,,,,
,MON02988,,,,,,,,,DHARMA,CC0,MON02988,,,,,,,,,,,,,,,,,,,,,,,,,,,
,MON02989,,,,,,,,,DHARMA,CC0,MON02989,,,,,,,,,,,,,,,,,,,,,,,,,,,
,MON02990,,,,,,,,,DHARMA,CC0,MON02990,,,,,,,,,,,,,,,,,,,,,,,,,,,
,MON02991,,,,,,,,,DHARMA,CC0,MON02991,,,,,,,,,,,,,,,,,,,,,,,,,,,
,MON02992,,,,,,,,,DHARMA,CC0,MON02992,,,,,,,,,,,,,,,,,,,,,,,,,,,
,MON02993,,,,,,,,,DHARMA,CC0,MON02993,,,,,,,,,,,,,,,,,,,,,,,,,,,
,MON02994,,,,,,,,,DHARMA,CC0,MON02994,,,,,,,,,,,,,,,,,,,,,,,,,,,
,MON02995,,,,,,,,,DHARMA,CC0,MON02995,,,,,,,,,,,,,,,,,,,,,,,,,,,
,MON02996,,,,,,,,,DHARMA,CC0,MON02996,,,,,,,,,,,,,,,,,,,,,,,,,,,
,MON02997,,,,,,,,,DHARMA,CC0,MON02997,,,,,,,,,,,,,,,,,,,,,,,,,,,
,MON02998,,,,,,,,,DHARMA,CC0,MON02998,,,,,,,,,,,,,,,,,,,,,,,,,,,
,MON02999,,,,,,,,,DHARMA,CC0,MON02999,,,,,,,,,,,,,,,,,,,,,,,,,,,
