Fields group,Management of the resource,,,,,,,,,,,Authority list of monuments,,,,,,,,,,,,,,,,,,,,,,,,,,,
,,,,,,,,,,,,,,,,,,,,,Monument dimensions,,,,,,,,,,Location,,,,,Rights,,,
Fields,Identifier of the resource,Origin of the metadata,DHARMA import,Editor of the metadata,Date of the edition,Contributor of the metadata,Reviewer,Date of review,Project,Corpus,Distribution rights of the metadata,Identifier of the monument,Name of the monument,Language,Name of the monument,Monument type 1,Monument type 2,Material type 1,Material type 2,Iconography and decoration,Height,Width,Depth,Diameter,Circumference,Condition,Date (notBefore),Date (notAfter),History of the monument,Remarks,Name of the place,Place ID,Location coordinates (latitude),Location coordinates (longitude),Inventory number,Governmental rights holder,Institution or private person,Distribution rights,Bibliographical references
Description of the fields,"Identifier of the monument. 
 Syntax: MON00001",Origin of the metadata: database or publication,Date of conversion of previously available metadata to the DHARMA model,"Person(s) who supplied metadata (use the DHARMA members' Ids and separate them by $, if more than one editor)",Start date of metadata input/editing for DHARMA (YYYY-MM-DD),"Person(s) who entered/edited metadata (use the DHARMA members' Ids and separate them by $, if more than one editor)","Validating person (use the DHARMA members' Ids and separate them by $, if more than one editor)",Date of metadata validation (YYYY-MM-DD),Project responsible for making these metadata available,Corpus to which the inscription pertains,Licence applicable to metadata,"Identifier of the monument. 
 Syntax: MON00001",Name of the monument,Define the language of the name,Normalized syntax,Monument type,Monument type,Material type,Material type,Iconography and/or decoration observed on the monument (free text),Global height,Global width,Global depth,Global diameter,Global circumference,State of preservation of the monument,Gregorian calendar,Gregorian calendar,Description of what is known or recorded about the origin and subsequent history of the monument (free text),Remarks on monument-related metadata (free text),,ID of the place (from places' authority list),Coordindates if you have a specific topographic data,Coordindates if you have a specific topographic data,Inventory number(s) of the monument,The governmental holder of (property) rights to the monument,Institution or private person authorizing access to the monument,Licence applicable to the monument,
,MON00001,,,emfr,2021-10-28,,,,,DHARMA,CC0,MON00001,Vaṭāraṇyēśvara,Tamil,Vadaranyeshvara,,,,,,,,,,,,,,,,,PLC00001,,,,,,,
,MON00002,,,emfr,2021-10-29,,,,,DHARMA,CC0,MON00002,Mūvarkōyil,Tamil,Muvarkoyil,,,,,,,,,,,,,,,,,PLC00002,,,,ASI,,,
,MON00003,,,,2021-10-30,,,,,DHARMA,CC0,MON00003,Aivarkōyil,Tamil,Aivarkoyil,,,,,,,,,,,,,,,,,PLC00002,,,,ASI,,,
,MON00004,,,,2021-10-31,,,,,DHARMA,CC0,MON00004,Muccukuṇṭēśvara,Tamil,Muchukundeshvara,,,,,,,,,,,,,,,,,PLC00002,,,,ASI,,,
,MON00005,,,,,,,,,DHARMA,CC0,MON00005,,,,,,,,,,,,,,,,,,,,,,,,,,,
,MON00006,,,,,,,,,DHARMA,CC0,MON00006,,,,,,,,,,,,,,,,,,,,,,,,,,,
,MON00007,,,,,,,,,DHARMA,CC0,MON00007,,,,,,,,,,,,,,,,,,,,,,,,,,,
,MON00008,,,,,,,,,DHARMA,CC0,MON00008,,,,,,,,,,,,,,,,,,,,,,,,,,,
,MON00009,,,,,,,,,DHARMA,CC0,MON00009,,,,,,,,,,,,,,,,,,,,,,,,,,,
,MON00010,,,,,,,,,DHARMA,CC0,MON00010,,,,,,,,,,,,,,,,,,,,,,,,,,,
,MON00011,,,,,,,,,DHARMA,CC0,MON00011,,,,,,,,,,,,,,,,,,,,,,,,,,,
,MON00012,,,,,,,,,DHARMA,CC0,MON00012,,,,,,,,,,,,,,,,,,,,,,,,,,,
,MON00013,,,,,,,,,DHARMA,CC0,MON00013,,,,,,,,,,,,,,,,,,,,,,,,,,,
,MON00014,,,,,,,,,DHARMA,CC0,MON00014,,,,,,,,,,,,,,,,,,,,,,,,,,,
,MON00015,,,,,,,,,DHARMA,CC0,MON00015,,,,,,,,,,,,,,,,,,,,,,,,,,,
,MON00016,,,,,,,,,DHARMA,CC0,MON00016,,,,,,,,,,,,,,,,,,,,,,,,,,,
,MON00017,,,,,,,,,DHARMA,CC0,MON00017,,,,,,,,,,,,,,,,,,,,,,,,,,,
,MON00018,,,,,,,,,DHARMA,CC0,MON00018,,,,,,,,,,,,,,,,,,,,,,,,,,,
,MON00019,,,,,,,,,DHARMA,CC0,MON00019,,,,,,,,,,,,,,,,,,,,,,,,,,,
,MON00020,,,,,,,,,DHARMA,CC0,MON00020,,,,,,,,,,,,,,,,,,,,,,,,,,,
,MON00021,,,,,,,,,DHARMA,CC0,MON00021,,,,,,,,,,,,,,,,,,,,,,,,,,,
,MON00022,,,,,,,,,DHARMA,CC0,MON00022,,,,,,,,,,,,,,,,,,,,,,,,,,,
,MON00023,,,,,,,,,DHARMA,CC0,MON00023,,,,,,,,,,,,,,,,,,,,,,,,,,,
,MON00024,,,,,,,,,DHARMA,CC0,MON00024,,,,,,,,,,,,,,,,,,,,,,,,,,,
,MON00025,,,,,,,,,DHARMA,CC0,MON00025,,,,,,,,,,,,,,,,,,,,,,,,,,,
,MON00026,,,,,,,,,DHARMA,CC0,MON00026,,,,,,,,,,,,,,,,,,,,,,,,,,,
,MON00027,,,,,,,,,DHARMA,CC0,MON00027,,,,,,,,,,,,,,,,,,,,,,,,,,,
,MON00028,,,,,,,,,DHARMA,CC0,MON00028,,,,,,,,,,,,,,,,,,,,,,,,,,,
,MON00029,,,,,,,,,DHARMA,CC0,MON00029,,,,,,,,,,,,,,,,,,,,,,,,,,,
,MON00030,,,,,,,,,DHARMA,CC0,MON00030,,,,,,,,,,,,,,,,,,,,,,,,,,,
,MON00031,,,,,,,,,DHARMA,CC0,MON00031,,,,,,,,,,,,,,,,,,,,,,,,,,,
,MON00032,,,,,,,,,DHARMA,CC0,MON00032,,,,,,,,,,,,,,,,,,,,,,,,,,,
,MON00033,,,,,,,,,DHARMA,CC0,MON00033,,,,,,,,,,,,,,,,,,,,,,,,,,,
,MON00034,,,,,,,,,DHARMA,CC0,MON00034,,,,,,,,,,,,,,,,,,,,,,,,,,,
,MON00035,,,,,,,,,DHARMA,CC0,MON00035,,,,,,,,,,,,,,,,,,,,,,,,,,,
,MON00036,,,,,,,,,DHARMA,CC0,MON00036,,,,,,,,,,,,,,,,,,,,,,,,,,,
,MON00037,,,,,,,,,DHARMA,CC0,MON00037,,,,,,,,,,,,,,,,,,,,,,,,,,,
,MON00038,,,,,,,,,DHARMA,CC0,MON00038,,,,,,,,,,,,,,,,,,,,,,,,,,,
,MON00039,,,,,,,,,DHARMA,CC0,MON00039,,,,,,,,,,,,,,,,,,,,,,,,,,,
,MON00040,,,,,,,,,DHARMA,CC0,MON00040,,,,,,,,,,,,,,,,,,,,,,,,,,,
,MON00041,,,,,,,,,DHARMA,CC0,MON00041,,,,,,,,,,,,,,,,,,,,,,,,,,,
,MON00042,,,,,,,,,DHARMA,CC0,MON00042,,,,,,,,,,,,,,,,,,,,,,,,,,,
,MON00043,,,,,,,,,DHARMA,CC0,MON00043,,,,,,,,,,,,,,,,,,,,,,,,,,,
,MON00044,,,,,,,,,DHARMA,CC0,MON00044,,,,,,,,,,,,,,,,,,,,,,,,,,,
,MON00045,,,,,,,,,DHARMA,CC0,MON00045,,,,,,,,,,,,,,,,,,,,,,,,,,,
,MON00046,,,,,,,,,DHARMA,CC0,MON00046,,,,,,,,,,,,,,,,,,,,,,,,,,,
,MON00047,,,,,,,,,DHARMA,CC0,MON00047,,,,,,,,,,,,,,,,,,,,,,,,,,,
,MON00048,,,,,,,,,DHARMA,CC0,MON00048,,,,,,,,,,,,,,,,,,,,,,,,,,,
,MON00049,,,,,,,,,DHARMA,CC0,MON00049,,,,,,,,,,,,,,,,,,,,,,,,,,,
,MON00050,,,,,,,,,DHARMA,CC0,MON00050,,,,,,,,,,,,,,,,,,,,,,,,,,,
,MON00051,,,,,,,,,DHARMA,CC0,MON00051,,,,,,,,,,,,,,,,,,,,,,,,,,,
,MON00052,,,,,,,,,DHARMA,CC0,MON00052,,,,,,,,,,,,,,,,,,,,,,,,,,,
,MON00053,,,,,,,,,DHARMA,CC0,MON00053,,,,,,,,,,,,,,,,,,,,,,,,,,,
,MON00054,,,,,,,,,DHARMA,CC0,MON00054,,,,,,,,,,,,,,,,,,,,,,,,,,,
,MON00055,,,,,,,,,DHARMA,CC0,MON00055,,,,,,,,,,,,,,,,,,,,,,,,,,,
,MON00056,,,,,,,,,DHARMA,CC0,MON00056,,,,,,,,,,,,,,,,,,,,,,,,,,,
,MON00057,,,,,,,,,DHARMA,CC0,MON00057,,,,,,,,,,,,,,,,,,,,,,,,,,,
,MON00058,,,,,,,,,DHARMA,CC0,MON00058,,,,,,,,,,,,,,,,,,,,,,,,,,,
,MON00059,,,,,,,,,DHARMA,CC0,MON00059,,,,,,,,,,,,,,,,,,,,,,,,,,,
,MON00060,,,,,,,,,DHARMA,CC0,MON00060,,,,,,,,,,,,,,,,,,,,,,,,,,,
,MON00061,,,,,,,,,DHARMA,CC0,MON00061,,,,,,,,,,,,,,,,,,,,,,,,,,,
,MON00062,,,,,,,,,DHARMA,CC0,MON00062,,,,,,,,,,,,,,,,,,,,,,,,,,,
,MON00063,,,,,,,,,DHARMA,CC0,MON00063,,,,,,,,,,,,,,,,,,,,,,,,,,,
,MON00064,,,,,,,,,DHARMA,CC0,MON00064,,,,,,,,,,,,,,,,,,,,,,,,,,,
,MON00065,,,,,,,,,DHARMA,CC0,MON00065,,,,,,,,,,,,,,,,,,,,,,,,,,,
,MON00066,,,,,,,,,DHARMA,CC0,MON00066,,,,,,,,,,,,,,,,,,,,,,,,,,,
,MON00067,,,,,,,,,DHARMA,CC0,MON00067,,,,,,,,,,,,,,,,,,,,,,,,,,,
,MON00068,,,,,,,,,DHARMA,CC0,MON00068,,,,,,,,,,,,,,,,,,,,,,,,,,,
,MON00069,,,,,,,,,DHARMA,CC0,MON00069,,,,,,,,,,,,,,,,,,,,,,,,,,,
,MON00070,,,,,,,,,DHARMA,CC0,MON00070,,,,,,,,,,,,,,,,,,,,,,,,,,,
,MON00071,,,,,,,,,DHARMA,CC0,MON00071,,,,,,,,,,,,,,,,,,,,,,,,,,,
,MON00072,,,,,,,,,DHARMA,CC0,MON00072,,,,,,,,,,,,,,,,,,,,,,,,,,,
,MON00073,,,,,,,,,DHARMA,CC0,MON00073,,,,,,,,,,,,,,,,,,,,,,,,,,,
,MON00074,,,,,,,,,DHARMA,CC0,MON00074,,,,,,,,,,,,,,,,,,,,,,,,,,,
,MON00075,,,,,,,,,DHARMA,CC0,MON00075,,,,,,,,,,,,,,,,,,,,,,,,,,,
,MON00076,,,,,,,,,DHARMA,CC0,MON00076,,,,,,,,,,,,,,,,,,,,,,,,,,,
,MON00077,,,,,,,,,DHARMA,CC0,MON00077,,,,,,,,,,,,,,,,,,,,,,,,,,,
,MON00078,,,,,,,,,DHARMA,CC0,MON00078,,,,,,,,,,,,,,,,,,,,,,,,,,,
,MON00079,,,,,,,,,DHARMA,CC0,MON00079,,,,,,,,,,,,,,,,,,,,,,,,,,,
,MON00080,,,,,,,,,DHARMA,CC0,MON00080,,,,,,,,,,,,,,,,,,,,,,,,,,,
,MON00081,,,,,,,,,DHARMA,CC0,MON00081,,,,,,,,,,,,,,,,,,,,,,,,,,,
,MON00082,,,,,,,,,DHARMA,CC0,MON00082,,,,,,,,,,,,,,,,,,,,,,,,,,,
,MON00083,,,,,,,,,DHARMA,CC0,MON00083,,,,,,,,,,,,,,,,,,,,,,,,,,,
,MON00084,,,,,,,,,DHARMA,CC0,MON00084,,,,,,,,,,,,,,,,,,,,,,,,,,,
,MON00085,,,,,,,,,DHARMA,CC0,MON00085,,,,,,,,,,,,,,,,,,,,,,,,,,,
,MON00086,,,,,,,,,DHARMA,CC0,MON00086,,,,,,,,,,,,,,,,,,,,,,,,,,,
,MON00087,,,,,,,,,DHARMA,CC0,MON00087,,,,,,,,,,,,,,,,,,,,,,,,,,,
,MON00088,,,,,,,,,DHARMA,CC0,MON00088,,,,,,,,,,,,,,,,,,,,,,,,,,,
,MON00089,,,,,,,,,DHARMA,CC0,MON00089,,,,,,,,,,,,,,,,,,,,,,,,,,,
,MON00090,,,,,,,,,DHARMA,CC0,MON00090,,,,,,,,,,,,,,,,,,,,,,,,,,,
,MON00091,,,,,,,,,DHARMA,CC0,MON00091,,,,,,,,,,,,,,,,,,,,,,,,,,,
,MON00092,,,,,,,,,DHARMA,CC0,MON00092,,,,,,,,,,,,,,,,,,,,,,,,,,,
,MON00093,,,,,,,,,DHARMA,CC0,MON00093,,,,,,,,,,,,,,,,,,,,,,,,,,,
,MON00094,,,,,,,,,DHARMA,CC0,MON00094,,,,,,,,,,,,,,,,,,,,,,,,,,,
,MON00095,,,,,,,,,DHARMA,CC0,MON00095,,,,,,,,,,,,,,,,,,,,,,,,,,,
,MON00096,,,,,,,,,DHARMA,CC0,MON00096,,,,,,,,,,,,,,,,,,,,,,,,,,,
,MON00097,,,,,,,,,DHARMA,CC0,MON00097,,,,,,,,,,,,,,,,,,,,,,,,,,,
,MON00098,,,,,,,,,DHARMA,CC0,MON00098,,,,,,,,,,,,,,,,,,,,,,,,,,,
,MON00099,,,,,,,,,DHARMA,CC0,MON00099,,,,,,,,,,,,,,,,,,,,,,,,,,,
,MON00100,,,,,,,,,DHARMA,CC0,MON00100,,,,,,,,,,,,,,,,,,,,,,,,,,,
,MON00101,,,,,,,,,DHARMA,CC0,MON00101,,,,,,,,,,,,,,,,,,,,,,,,,,,
,MON00102,,,,,,,,,DHARMA,CC0,MON00102,,,,,,,,,,,,,,,,,,,,,,,,,,,
,MON00103,,,,,,,,,DHARMA,CC0,MON00103,,,,,,,,,,,,,,,,,,,,,,,,,,,
,MON00104,,,,,,,,,DHARMA,CC0,MON00104,,,,,,,,,,,,,,,,,,,,,,,,,,,
,MON00105,,,,,,,,,DHARMA,CC0,MON00105,,,,,,,,,,,,,,,,,,,,,,,,,,,
,MON00106,,,,,,,,,DHARMA,CC0,MON00106,,,,,,,,,,,,,,,,,,,,,,,,,,,
,MON00107,,,,,,,,,DHARMA,CC0,MON00107,,,,,,,,,,,,,,,,,,,,,,,,,,,
,MON00108,,,,,,,,,DHARMA,CC0,MON00108,,,,,,,,,,,,,,,,,,,,,,,,,,,
,MON00109,,,,,,,,,DHARMA,CC0,MON00109,,,,,,,,,,,,,,,,,,,,,,,,,,,
,MON00110,,,,,,,,,DHARMA,CC0,MON00110,,,,,,,,,,,,,,,,,,,,,,,,,,,
,MON00111,,,,,,,,,DHARMA,CC0,MON00111,,,,,,,,,,,,,,,,,,,,,,,,,,,
,MON00112,,,,,,,,,DHARMA,CC0,MON00112,,,,,,,,,,,,,,,,,,,,,,,,,,,
,MON00113,,,,,,,,,DHARMA,CC0,MON00113,,,,,,,,,,,,,,,,,,,,,,,,,,,
,MON00114,,,,,,,,,DHARMA,CC0,MON00114,,,,,,,,,,,,,,,,,,,,,,,,,,,
,MON00115,,,,,,,,,DHARMA,CC0,MON00115,,,,,,,,,,,,,,,,,,,,,,,,,,,
,MON00116,,,,,,,,,DHARMA,CC0,MON00116,,,,,,,,,,,,,,,,,,,,,,,,,,,
,MON00117,,,,,,,,,DHARMA,CC0,MON00117,,,,,,,,,,,,,,,,,,,,,,,,,,,
,MON00118,,,,,,,,,DHARMA,CC0,MON00118,,,,,,,,,,,,,,,,,,,,,,,,,,,
,MON00119,,,,,,,,,DHARMA,CC0,MON00119,,,,,,,,,,,,,,,,,,,,,,,,,,,
,MON00120,,,,,,,,,DHARMA,CC0,MON00120,,,,,,,,,,,,,,,,,,,,,,,,,,,
,MON00121,,,,,,,,,DHARMA,CC0,MON00121,,,,,,,,,,,,,,,,,,,,,,,,,,,
,MON00122,,,,,,,,,DHARMA,CC0,MON00122,,,,,,,,,,,,,,,,,,,,,,,,,,,
,MON00123,,,,,,,,,DHARMA,CC0,MON00123,,,,,,,,,,,,,,,,,,,,,,,,,,,
,MON00124,,,,,,,,,DHARMA,CC0,MON00124,,,,,,,,,,,,,,,,,,,,,,,,,,,
,MON00125,,,,,,,,,DHARMA,CC0,MON00125,,,,,,,,,,,,,,,,,,,,,,,,,,,
,MON00126,,,,,,,,,DHARMA,CC0,MON00126,,,,,,,,,,,,,,,,,,,,,,,,,,,
,MON00127,,,,,,,,,DHARMA,CC0,MON00127,,,,,,,,,,,,,,,,,,,,,,,,,,,
,MON00128,,,,,,,,,DHARMA,CC0,MON00128,,,,,,,,,,,,,,,,,,,,,,,,,,,
,MON00129,,,,,,,,,DHARMA,CC0,MON00129,,,,,,,,,,,,,,,,,,,,,,,,,,,
,MON00130,,,,,,,,,DHARMA,CC0,MON00130,,,,,,,,,,,,,,,,,,,,,,,,,,,
,MON00131,,,,,,,,,DHARMA,CC0,MON00131,,,,,,,,,,,,,,,,,,,,,,,,,,,
,MON00132,,,,,,,,,DHARMA,CC0,MON00132,,,,,,,,,,,,,,,,,,,,,,,,,,,
,MON00133,,,,,,,,,DHARMA,CC0,MON00133,,,,,,,,,,,,,,,,,,,,,,,,,,,
,MON00134,,,,,,,,,DHARMA,CC0,MON00134,,,,,,,,,,,,,,,,,,,,,,,,,,,
,MON00135,,,,,,,,,DHARMA,CC0,MON00135,,,,,,,,,,,,,,,,,,,,,,,,,,,
,MON00136,,,,,,,,,DHARMA,CC0,MON00136,,,,,,,,,,,,,,,,,,,,,,,,,,,
,MON00137,,,,,,,,,DHARMA,CC0,MON00137,,,,,,,,,,,,,,,,,,,,,,,,,,,
,MON00138,,,,,,,,,DHARMA,CC0,MON00138,,,,,,,,,,,,,,,,,,,,,,,,,,,
,MON00139,,,,,,,,,DHARMA,CC0,MON00139,,,,,,,,,,,,,,,,,,,,,,,,,,,
,MON00140,,,,,,,,,DHARMA,CC0,MON00140,,,,,,,,,,,,,,,,,,,,,,,,,,,
,MON00141,,,,,,,,,DHARMA,CC0,MON00141,,,,,,,,,,,,,,,,,,,,,,,,,,,
,MON00142,,,,,,,,,DHARMA,CC0,MON00142,,,,,,,,,,,,,,,,,,,,,,,,,,,
,MON00143,,,,,,,,,DHARMA,CC0,MON00143,,,,,,,,,,,,,,,,,,,,,,,,,,,
,MON00144,,,,,,,,,DHARMA,CC0,MON00144,,,,,,,,,,,,,,,,,,,,,,,,,,,
,MON00145,,,,,,,,,DHARMA,CC0,MON00145,,,,,,,,,,,,,,,,,,,,,,,,,,,
,MON00146,,,,,,,,,DHARMA,CC0,MON00146,,,,,,,,,,,,,,,,,,,,,,,,,,,
,MON00147,,,,,,,,,DHARMA,CC0,MON00147,,,,,,,,,,,,,,,,,,,,,,,,,,,
,MON00148,,,,,,,,,DHARMA,CC0,MON00148,,,,,,,,,,,,,,,,,,,,,,,,,,,
,MON00149,,,,,,,,,DHARMA,CC0,MON00149,,,,,,,,,,,,,,,,,,,,,,,,,,,
,MON00150,,,,,,,,,DHARMA,CC0,MON00150,,,,,,,,,,,,,,,,,,,,,,,,,,,
,MON00151,,,,,,,,,DHARMA,CC0,MON00151,,,,,,,,,,,,,,,,,,,,,,,,,,,
,MON00152,,,,,,,,,DHARMA,CC0,MON00152,,,,,,,,,,,,,,,,,,,,,,,,,,,
,MON00153,,,,,,,,,DHARMA,CC0,MON00153,,,,,,,,,,,,,,,,,,,,,,,,,,,
,MON00154,,,,,,,,,DHARMA,CC0,MON00154,,,,,,,,,,,,,,,,,,,,,,,,,,,
,MON00155,,,,,,,,,DHARMA,CC0,MON00155,,,,,,,,,,,,,,,,,,,,,,,,,,,
,MON00156,,,,,,,,,DHARMA,CC0,MON00156,,,,,,,,,,,,,,,,,,,,,,,,,,,
,MON00157,,,,,,,,,DHARMA,CC0,MON00157,,,,,,,,,,,,,,,,,,,,,,,,,,,
,MON00158,,,,,,,,,DHARMA,CC0,MON00158,,,,,,,,,,,,,,,,,,,,,,,,,,,
,MON00159,,,,,,,,,DHARMA,CC0,MON00159,,,,,,,,,,,,,,,,,,,,,,,,,,,
,MON00160,,,,,,,,,DHARMA,CC0,MON00160,,,,,,,,,,,,,,,,,,,,,,,,,,,
,MON00161,,,,,,,,,DHARMA,CC0,MON00161,,,,,,,,,,,,,,,,,,,,,,,,,,,
,MON00162,,,,,,,,,DHARMA,CC0,MON00162,,,,,,,,,,,,,,,,,,,,,,,,,,,
,MON00163,,,,,,,,,DHARMA,CC0,MON00163,,,,,,,,,,,,,,,,,,,,,,,,,,,
,MON00164,,,,,,,,,DHARMA,CC0,MON00164,,,,,,,,,,,,,,,,,,,,,,,,,,,
,MON00165,,,,,,,,,DHARMA,CC0,MON00165,,,,,,,,,,,,,,,,,,,,,,,,,,,
,MON00166,,,,,,,,,DHARMA,CC0,MON00166,,,,,,,,,,,,,,,,,,,,,,,,,,,
,MON00167,,,,,,,,,DHARMA,CC0,MON00167,,,,,,,,,,,,,,,,,,,,,,,,,,,
,MON00168,,,,,,,,,DHARMA,CC0,MON00168,,,,,,,,,,,,,,,,,,,,,,,,,,,
,MON00169,,,,,,,,,DHARMA,CC0,MON00169,,,,,,,,,,,,,,,,,,,,,,,,,,,
,MON00170,,,,,,,,,DHARMA,CC0,MON00170,,,,,,,,,,,,,,,,,,,,,,,,,,,
,MON00171,,,,,,,,,DHARMA,CC0,MON00171,,,,,,,,,,,,,,,,,,,,,,,,,,,
,MON00172,,,,,,,,,DHARMA,CC0,MON00172,,,,,,,,,,,,,,,,,,,,,,,,,,,
,MON00173,,,,,,,,,DHARMA,CC0,MON00173,,,,,,,,,,,,,,,,,,,,,,,,,,,
,MON00174,,,,,,,,,DHARMA,CC0,MON00174,,,,,,,,,,,,,,,,,,,,,,,,,,,
,MON00175,,,,,,,,,DHARMA,CC0,MON00175,,,,,,,,,,,,,,,,,,,,,,,,,,,
,MON00176,,,,,,,,,DHARMA,CC0,MON00176,,,,,,,,,,,,,,,,,,,,,,,,,,,
,MON00177,,,,,,,,,DHARMA,CC0,MON00177,,,,,,,,,,,,,,,,,,,,,,,,,,,
,MON00178,,,,,,,,,DHARMA,CC0,MON00178,,,,,,,,,,,,,,,,,,,,,,,,,,,
,MON00179,,,,,,,,,DHARMA,CC0,MON00179,,,,,,,,,,,,,,,,,,,,,,,,,,,
,MON00180,,,,,,,,,DHARMA,CC0,MON00180,,,,,,,,,,,,,,,,,,,,,,,,,,,
,MON00181,,,,,,,,,DHARMA,CC0,MON00181,,,,,,,,,,,,,,,,,,,,,,,,,,,
,MON00182,,,,,,,,,DHARMA,CC0,MON00182,,,,,,,,,,,,,,,,,,,,,,,,,,,
,MON00183,,,,,,,,,DHARMA,CC0,MON00183,,,,,,,,,,,,,,,,,,,,,,,,,,,
,MON00184,,,,,,,,,DHARMA,CC0,MON00184,,,,,,,,,,,,,,,,,,,,,,,,,,,
,MON00185,,,,,,,,,DHARMA,CC0,MON00185,,,,,,,,,,,,,,,,,,,,,,,,,,,
,MON00186,,,,,,,,,DHARMA,CC0,MON00186,,,,,,,,,,,,,,,,,,,,,,,,,,,
,MON00187,,,,,,,,,DHARMA,CC0,MON00187,,,,,,,,,,,,,,,,,,,,,,,,,,,
,MON00188,,,,,,,,,DHARMA,CC0,MON00188,,,,,,,,,,,,,,,,,,,,,,,,,,,
,MON00189,,,,,,,,,DHARMA,CC0,MON00189,,,,,,,,,,,,,,,,,,,,,,,,,,,
,MON00190,,,,,,,,,DHARMA,CC0,MON00190,,,,,,,,,,,,,,,,,,,,,,,,,,,
,MON00191,,,,,,,,,DHARMA,CC0,MON00191,,,,,,,,,,,,,,,,,,,,,,,,,,,
,MON00192,,,,,,,,,DHARMA,CC0,MON00192,,,,,,,,,,,,,,,,,,,,,,,,,,,
,MON00193,,,,,,,,,DHARMA,CC0,MON00193,,,,,,,,,,,,,,,,,,,,,,,,,,,
,MON00194,,,,,,,,,DHARMA,CC0,MON00194,,,,,,,,,,,,,,,,,,,,,,,,,,,
,MON00195,,,,,,,,,DHARMA,CC0,MON00195,,,,,,,,,,,,,,,,,,,,,,,,,,,
,MON00196,,,,,,,,,DHARMA,CC0,MON00196,,,,,,,,,,,,,,,,,,,,,,,,,,,
,MON00197,,,,,,,,,DHARMA,CC0,MON00197,,,,,,,,,,,,,,,,,,,,,,,,,,,
,MON00198,,,,,,,,,DHARMA,CC0,MON00198,,,,,,,,,,,,,,,,,,,,,,,,,,,
,MON00199,,,,,,,,,DHARMA,CC0,MON00199,,,,,,,,,,,,,,,,,,,,,,,,,,,
,MON00200,,,,,,,,,DHARMA,CC0,MON00200,,,,,,,,,,,,,,,,,,,,,,,,,,,
,MON00201,,,,,,,,,DHARMA,CC0,MON00201,,,,,,,,,,,,,,,,,,,,,,,,,,,
,MON00202,,,,,,,,,DHARMA,CC0,MON00202,,,,,,,,,,,,,,,,,,,,,,,,,,,
,MON00203,,,,,,,,,DHARMA,CC0,MON00203,,,,,,,,,,,,,,,,,,,,,,,,,,,
,MON00204,,,,,,,,,DHARMA,CC0,MON00204,,,,,,,,,,,,,,,,,,,,,,,,,,,
,MON00205,,,,,,,,,DHARMA,CC0,MON00205,,,,,,,,,,,,,,,,,,,,,,,,,,,
,MON00206,,,,,,,,,DHARMA,CC0,MON00206,,,,,,,,,,,,,,,,,,,,,,,,,,,
,MON00207,,,,,,,,,DHARMA,CC0,MON00207,,,,,,,,,,,,,,,,,,,,,,,,,,,
,MON00208,,,,,,,,,DHARMA,CC0,MON00208,,,,,,,,,,,,,,,,,,,,,,,,,,,
,MON00209,,,,,,,,,DHARMA,CC0,MON00209,,,,,,,,,,,,,,,,,,,,,,,,,,,
,MON00210,,,,,,,,,DHARMA,CC0,MON00210,,,,,,,,,,,,,,,,,,,,,,,,,,,
,MON00211,,,,,,,,,DHARMA,CC0,MON00211,,,,,,,,,,,,,,,,,,,,,,,,,,,
,MON00212,,,,,,,,,DHARMA,CC0,MON00212,,,,,,,,,,,,,,,,,,,,,,,,,,,
,MON00213,,,,,,,,,DHARMA,CC0,MON00213,,,,,,,,,,,,,,,,,,,,,,,,,,,
,MON00214,,,,,,,,,DHARMA,CC0,MON00214,,,,,,,,,,,,,,,,,,,,,,,,,,,
,MON00215,,,,,,,,,DHARMA,CC0,MON00215,,,,,,,,,,,,,,,,,,,,,,,,,,,
,MON00216,,,,,,,,,DHARMA,CC0,MON00216,,,,,,,,,,,,,,,,,,,,,,,,,,,
,MON00217,,,,,,,,,DHARMA,CC0,MON00217,,,,,,,,,,,,,,,,,,,,,,,,,,,
,MON00218,,,,,,,,,DHARMA,CC0,MON00218,,,,,,,,,,,,,,,,,,,,,,,,,,,
,MON00219,,,,,,,,,DHARMA,CC0,MON00219,,,,,,,,,,,,,,,,,,,,,,,,,,,
,MON00220,,,,,,,,,DHARMA,CC0,MON00220,,,,,,,,,,,,,,,,,,,,,,,,,,,
,MON00221,,,,,,,,,DHARMA,CC0,MON00221,,,,,,,,,,,,,,,,,,,,,,,,,,,
,MON00222,,,,,,,,,DHARMA,CC0,MON00222,,,,,,,,,,,,,,,,,,,,,,,,,,,
,MON00223,,,,,,,,,DHARMA,CC0,MON00223,,,,,,,,,,,,,,,,,,,,,,,,,,,
,MON00224,,,,,,,,,DHARMA,CC0,MON00224,,,,,,,,,,,,,,,,,,,,,,,,,,,
,MON00225,,,,,,,,,DHARMA,CC0,MON00225,,,,,,,,,,,,,,,,,,,,,,,,,,,
,MON00226,,,,,,,,,DHARMA,CC0,MON00226,,,,,,,,,,,,,,,,,,,,,,,,,,,
,MON00227,,,,,,,,,DHARMA,CC0,MON00227,,,,,,,,,,,,,,,,,,,,,,,,,,,
,MON00228,,,,,,,,,DHARMA,CC0,MON00228,,,,,,,,,,,,,,,,,,,,,,,,,,,
,MON00229,,,,,,,,,DHARMA,CC0,MON00229,,,,,,,,,,,,,,,,,,,,,,,,,,,
,MON00230,,,,,,,,,DHARMA,CC0,MON00230,,,,,,,,,,,,,,,,,,,,,,,,,,,
,MON00231,,,,,,,,,DHARMA,CC0,MON00231,,,,,,,,,,,,,,,,,,,,,,,,,,,
,MON00232,,,,,,,,,DHARMA,CC0,MON00232,,,,,,,,,,,,,,,,,,,,,,,,,,,
,MON00233,,,,,,,,,DHARMA,CC0,MON00233,,,,,,,,,,,,,,,,,,,,,,,,,,,
,MON00234,,,,,,,,,DHARMA,CC0,MON00234,,,,,,,,,,,,,,,,,,,,,,,,,,,
,MON00235,,,,,,,,,DHARMA,CC0,MON00235,,,,,,,,,,,,,,,,,,,,,,,,,,,
,MON00236,,,,,,,,,DHARMA,CC0,MON00236,,,,,,,,,,,,,,,,,,,,,,,,,,,
,MON00237,,,,,,,,,DHARMA,CC0,MON00237,,,,,,,,,,,,,,,,,,,,,,,,,,,
,MON00238,,,,,,,,,DHARMA,CC0,MON00238,,,,,,,,,,,,,,,,,,,,,,,,,,,
,MON00239,,,,,,,,,DHARMA,CC0,MON00239,,,,,,,,,,,,,,,,,,,,,,,,,,,
,MON00240,,,,,,,,,DHARMA,CC0,MON00240,,,,,,,,,,,,,,,,,,,,,,,,,,,
,MON00241,,,,,,,,,DHARMA,CC0,MON00241,,,,,,,,,,,,,,,,,,,,,,,,,,,
,MON00242,,,,,,,,,DHARMA,CC0,MON00242,,,,,,,,,,,,,,,,,,,,,,,,,,,
,MON00243,,,,,,,,,DHARMA,CC0,MON00243,,,,,,,,,,,,,,,,,,,,,,,,,,,
,MON00244,,,,,,,,,DHARMA,CC0,MON00244,,,,,,,,,,,,,,,,,,,,,,,,,,,
,MON00245,,,,,,,,,DHARMA,CC0,MON00245,,,,,,,,,,,,,,,,,,,,,,,,,,,
,MON00246,,,,,,,,,DHARMA,CC0,MON00246,,,,,,,,,,,,,,,,,,,,,,,,,,,
,MON00247,,,,,,,,,DHARMA,CC0,MON00247,,,,,,,,,,,,,,,,,,,,,,,,,,,
,MON00248,,,,,,,,,DHARMA,CC0,MON00248,,,,,,,,,,,,,,,,,,,,,,,,,,,
,MON00249,,,,,,,,,DHARMA,CC0,MON00249,,,,,,,,,,,,,,,,,,,,,,,,,,,
,MON00250,,,,,,,,,DHARMA,CC0,MON00250,,,,,,,,,,,,,,,,,,,,,,,,,,,
,MON00251,,,,,,,,,DHARMA,CC0,MON00251,,,,,,,,,,,,,,,,,,,,,,,,,,,
,MON00252,,,,,,,,,DHARMA,CC0,MON00252,,,,,,,,,,,,,,,,,,,,,,,,,,,
,MON00253,,,,,,,,,DHARMA,CC0,MON00253,,,,,,,,,,,,,,,,,,,,,,,,,,,
,MON00254,,,,,,,,,DHARMA,CC0,MON00254,,,,,,,,,,,,,,,,,,,,,,,,,,,
,MON00255,,,,,,,,,DHARMA,CC0,MON00255,,,,,,,,,,,,,,,,,,,,,,,,,,,
,MON00256,,,,,,,,,DHARMA,CC0,MON00256,,,,,,,,,,,,,,,,,,,,,,,,,,,
,MON00257,,,,,,,,,DHARMA,CC0,MON00257,,,,,,,,,,,,,,,,,,,,,,,,,,,
,MON00258,,,,,,,,,DHARMA,CC0,MON00258,,,,,,,,,,,,,,,,,,,,,,,,,,,
,MON00259,,,,,,,,,DHARMA,CC0,MON00259,,,,,,,,,,,,,,,,,,,,,,,,,,,
,MON00260,,,,,,,,,DHARMA,CC0,MON00260,,,,,,,,,,,,,,,,,,,,,,,,,,,
,MON00261,,,,,,,,,DHARMA,CC0,MON00261,,,,,,,,,,,,,,,,,,,,,,,,,,,
,MON00262,,,,,,,,,DHARMA,CC0,MON00262,,,,,,,,,,,,,,,,,,,,,,,,,,,
,MON00263,,,,,,,,,DHARMA,CC0,MON00263,,,,,,,,,,,,,,,,,,,,,,,,,,,
,MON00264,,,,,,,,,DHARMA,CC0,MON00264,,,,,,,,,,,,,,,,,,,,,,,,,,,
,MON00265,,,,,,,,,DHARMA,CC0,MON00265,,,,,,,,,,,,,,,,,,,,,,,,,,,
,MON00266,,,,,,,,,DHARMA,CC0,MON00266,,,,,,,,,,,,,,,,,,,,,,,,,,,
,MON00267,,,,,,,,,DHARMA,CC0,MON00267,,,,,,,,,,,,,,,,,,,,,,,,,,,
,MON00268,,,,,,,,,DHARMA,CC0,MON00268,,,,,,,,,,,,,,,,,,,,,,,,,,,
,MON00269,,,,,,,,,DHARMA,CC0,MON00269,,,,,,,,,,,,,,,,,,,,,,,,,,,
,MON00270,,,,,,,,,DHARMA,CC0,MON00270,,,,,,,,,,,,,,,,,,,,,,,,,,,
,MON00271,,,,,,,,,DHARMA,CC0,MON00271,,,,,,,,,,,,,,,,,,,,,,,,,,,
,MON00272,,,,,,,,,DHARMA,CC0,MON00272,,,,,,,,,,,,,,,,,,,,,,,,,,,
,MON00273,,,,,,,,,DHARMA,CC0,MON00273,,,,,,,,,,,,,,,,,,,,,,,,,,,
,MON00274,,,,,,,,,DHARMA,CC0,MON00274,,,,,,,,,,,,,,,,,,,,,,,,,,,
,MON00275,,,,,,,,,DHARMA,CC0,MON00275,,,,,,,,,,,,,,,,,,,,,,,,,,,
,MON00276,,,,,,,,,DHARMA,CC0,MON00276,,,,,,,,,,,,,,,,,,,,,,,,,,,
,MON00277,,,,,,,,,DHARMA,CC0,MON00277,,,,,,,,,,,,,,,,,,,,,,,,,,,
,MON00278,,,,,,,,,DHARMA,CC0,MON00278,,,,,,,,,,,,,,,,,,,,,,,,,,,
,MON00279,,,,,,,,,DHARMA,CC0,MON00279,,,,,,,,,,,,,,,,,,,,,,,,,,,
,MON00280,,,,,,,,,DHARMA,CC0,MON00280,,,,,,,,,,,,,,,,,,,,,,,,,,,
,MON00281,,,,,,,,,DHARMA,CC0,MON00281,,,,,,,,,,,,,,,,,,,,,,,,,,,
,MON00282,,,,,,,,,DHARMA,CC0,MON00282,,,,,,,,,,,,,,,,,,,,,,,,,,,
,MON00283,,,,,,,,,DHARMA,CC0,MON00283,,,,,,,,,,,,,,,,,,,,,,,,,,,
,MON00284,,,,,,,,,DHARMA,CC0,MON00284,,,,,,,,,,,,,,,,,,,,,,,,,,,
,MON00285,,,,,,,,,DHARMA,CC0,MON00285,,,,,,,,,,,,,,,,,,,,,,,,,,,
,MON00286,,,,,,,,,DHARMA,CC0,MON00286,,,,,,,,,,,,,,,,,,,,,,,,,,,
,MON00287,,,,,,,,,DHARMA,CC0,MON00287,,,,,,,,,,,,,,,,,,,,,,,,,,,
,MON00288,,,,,,,,,DHARMA,CC0,MON00288,,,,,,,,,,,,,,,,,,,,,,,,,,,
,MON00289,,,,,,,,,DHARMA,CC0,MON00289,,,,,,,,,,,,,,,,,,,,,,,,,,,
,MON00290,,,,,,,,,DHARMA,CC0,MON00290,,,,,,,,,,,,,,,,,,,,,,,,,,,
,MON00291,,,,,,,,,DHARMA,CC0,MON00291,,,,,,,,,,,,,,,,,,,,,,,,,,,
,MON00292,,,,,,,,,DHARMA,CC0,MON00292,,,,,,,,,,,,,,,,,,,,,,,,,,,
,MON00293,,,,,,,,,DHARMA,CC0,MON00293,,,,,,,,,,,,,,,,,,,,,,,,,,,
,MON00294,,,,,,,,,DHARMA,CC0,MON00294,,,,,,,,,,,,,,,,,,,,,,,,,,,
,MON00295,,,,,,,,,DHARMA,CC0,MON00295,,,,,,,,,,,,,,,,,,,,,,,,,,,
,MON00296,,,,,,,,,DHARMA,CC0,MON00296,,,,,,,,,,,,,,,,,,,,,,,,,,,
,MON00297,,,,,,,,,DHARMA,CC0,MON00297,,,,,,,,,,,,,,,,,,,,,,,,,,,
,MON00298,,,,,,,,,DHARMA,CC0,MON00298,,,,,,,,,,,,,,,,,,,,,,,,,,,
,MON00299,,,,,,,,,DHARMA,CC0,MON00299,,,,,,,,,,,,,,,,,,,,,,,,,,,
,MON00300,,,,,,,,,DHARMA,CC0,MON00300,,,,,,,,,,,,,,,,,,,,,,,,,,,
,MON00301,,,,,,,,,DHARMA,CC0,MON00301,,,,,,,,,,,,,,,,,,,,,,,,,,,
,MON00302,,,,,,,,,DHARMA,CC0,MON00302,,,,,,,,,,,,,,,,,,,,,,,,,,,
,MON00303,,,,,,,,,DHARMA,CC0,MON00303,,,,,,,,,,,,,,,,,,,,,,,,,,,
,MON00304,,,,,,,,,DHARMA,CC0,MON00304,,,,,,,,,,,,,,,,,,,,,,,,,,,
,MON00305,,,,,,,,,DHARMA,CC0,MON00305,,,,,,,,,,,,,,,,,,,,,,,,,,,
,MON00306,,,,,,,,,DHARMA,CC0,MON00306,,,,,,,,,,,,,,,,,,,,,,,,,,,
,MON00307,,,,,,,,,DHARMA,CC0,MON00307,,,,,,,,,,,,,,,,,,,,,,,,,,,
,MON00308,,,,,,,,,DHARMA,CC0,MON00308,,,,,,,,,,,,,,,,,,,,,,,,,,,
,MON00309,,,,,,,,,DHARMA,CC0,MON00309,,,,,,,,,,,,,,,,,,,,,,,,,,,
,MON00310,,,,,,,,,DHARMA,CC0,MON00310,,,,,,,,,,,,,,,,,,,,,,,,,,,
,MON00311,,,,,,,,,DHARMA,CC0,MON00311,,,,,,,,,,,,,,,,,,,,,,,,,,,
,MON00312,,,,,,,,,DHARMA,CC0,MON00312,,,,,,,,,,,,,,,,,,,,,,,,,,,
,MON00313,,,,,,,,,DHARMA,CC0,MON00313,,,,,,,,,,,,,,,,,,,,,,,,,,,
,MON00314,,,,,,,,,DHARMA,CC0,MON00314,,,,,,,,,,,,,,,,,,,,,,,,,,,
,MON00315,,,,,,,,,DHARMA,CC0,MON00315,,,,,,,,,,,,,,,,,,,,,,,,,,,
,MON00316,,,,,,,,,DHARMA,CC0,MON00316,,,,,,,,,,,,,,,,,,,,,,,,,,,
,MON00317,,,,,,,,,DHARMA,CC0,MON00317,,,,,,,,,,,,,,,,,,,,,,,,,,,
,MON00318,,,,,,,,,DHARMA,CC0,MON00318,,,,,,,,,,,,,,,,,,,,,,,,,,,
,MON00319,,,,,,,,,DHARMA,CC0,MON00319,,,,,,,,,,,,,,,,,,,,,,,,,,,
,MON00320,,,,,,,,,DHARMA,CC0,MON00320,,,,,,,,,,,,,,,,,,,,,,,,,,,
,MON00321,,,,,,,,,DHARMA,CC0,MON00321,,,,,,,,,,,,,,,,,,,,,,,,,,,
,MON00322,,,,,,,,,DHARMA,CC0,MON00322,,,,,,,,,,,,,,,,,,,,,,,,,,,
,MON00323,,,,,,,,,DHARMA,CC0,MON00323,,,,,,,,,,,,,,,,,,,,,,,,,,,
,MON00324,,,,,,,,,DHARMA,CC0,MON00324,,,,,,,,,,,,,,,,,,,,,,,,,,,
,MON00325,,,,,,,,,DHARMA,CC0,MON00325,,,,,,,,,,,,,,,,,,,,,,,,,,,
,MON00326,,,,,,,,,DHARMA,CC0,MON00326,,,,,,,,,,,,,,,,,,,,,,,,,,,
,MON00327,,,,,,,,,DHARMA,CC0,MON00327,,,,,,,,,,,,,,,,,,,,,,,,,,,
,MON00328,,,,,,,,,DHARMA,CC0,MON00328,,,,,,,,,,,,,,,,,,,,,,,,,,,
,MON00329,,,,,,,,,DHARMA,CC0,MON00329,,,,,,,,,,,,,,,,,,,,,,,,,,,
,MON00330,,,,,,,,,DHARMA,CC0,MON00330,,,,,,,,,,,,,,,,,,,,,,,,,,,
,MON00331,,,,,,,,,DHARMA,CC0,MON00331,,,,,,,,,,,,,,,,,,,,,,,,,,,
,MON00332,,,,,,,,,DHARMA,CC0,MON00332,,,,,,,,,,,,,,,,,,,,,,,,,,,
,MON00333,,,,,,,,,DHARMA,CC0,MON00333,,,,,,,,,,,,,,,,,,,,,,,,,,,
,MON00334,,,,,,,,,DHARMA,CC0,MON00334,,,,,,,,,,,,,,,,,,,,,,,,,,,
,MON00335,,,,,,,,,DHARMA,CC0,MON00335,,,,,,,,,,,,,,,,,,,,,,,,,,,
,MON00336,,,,,,,,,DHARMA,CC0,MON00336,,,,,,,,,,,,,,,,,,,,,,,,,,,
,MON00337,,,,,,,,,DHARMA,CC0,MON00337,,,,,,,,,,,,,,,,,,,,,,,,,,,
,MON00338,,,,,,,,,DHARMA,CC0,MON00338,,,,,,,,,,,,,,,,,,,,,,,,,,,
,MON00339,,,,,,,,,DHARMA,CC0,MON00339,,,,,,,,,,,,,,,,,,,,,,,,,,,
,MON00340,,,,,,,,,DHARMA,CC0,MON00340,,,,,,,,,,,,,,,,,,,,,,,,,,,
,MON00341,,,,,,,,,DHARMA,CC0,MON00341,,,,,,,,,,,,,,,,,,,,,,,,,,,
,MON00342,,,,,,,,,DHARMA,CC0,MON00342,,,,,,,,,,,,,,,,,,,,,,,,,,,
,MON00343,,,,,,,,,DHARMA,CC0,MON00343,,,,,,,,,,,,,,,,,,,,,,,,,,,
,MON00344,,,,,,,,,DHARMA,CC0,MON00344,,,,,,,,,,,,,,,,,,,,,,,,,,,
,MON00345,,,,,,,,,DHARMA,CC0,MON00345,,,,,,,,,,,,,,,,,,,,,,,,,,,
,MON00346,,,,,,,,,DHARMA,CC0,MON00346,,,,,,,,,,,,,,,,,,,,,,,,,,,
,MON00347,,,,,,,,,DHARMA,CC0,MON00347,,,,,,,,,,,,,,,,,,,,,,,,,,,
,MON00348,,,,,,,,,DHARMA,CC0,MON00348,,,,,,,,,,,,,,,,,,,,,,,,,,,
,MON00349,,,,,,,,,DHARMA,CC0,MON00349,,,,,,,,,,,,,,,,,,,,,,,,,,,
,MON00350,,,,,,,,,DHARMA,CC0,MON00350,,,,,,,,,,,,,,,,,,,,,,,,,,,
,MON00351,,,,,,,,,DHARMA,CC0,MON00351,,,,,,,,,,,,,,,,,,,,,,,,,,,
,MON00352,,,,,,,,,DHARMA,CC0,MON00352,,,,,,,,,,,,,,,,,,,,,,,,,,,
,MON00353,,,,,,,,,DHARMA,CC0,MON00353,,,,,,,,,,,,,,,,,,,,,,,,,,,
,MON00354,,,,,,,,,DHARMA,CC0,MON00354,,,,,,,,,,,,,,,,,,,,,,,,,,,
,MON00355,,,,,,,,,DHARMA,CC0,MON00355,,,,,,,,,,,,,,,,,,,,,,,,,,,
,MON00356,,,,,,,,,DHARMA,CC0,MON00356,,,,,,,,,,,,,,,,,,,,,,,,,,,
,MON00357,,,,,,,,,DHARMA,CC0,MON00357,,,,,,,,,,,,,,,,,,,,,,,,,,,
,MON00358,,,,,,,,,DHARMA,CC0,MON00358,,,,,,,,,,,,,,,,,,,,,,,,,,,
,MON00359,,,,,,,,,DHARMA,CC0,MON00359,,,,,,,,,,,,,,,,,,,,,,,,,,,
,MON00360,,,,,,,,,DHARMA,CC0,MON00360,,,,,,,,,,,,,,,,,,,,,,,,,,,
,MON00361,,,,,,,,,DHARMA,CC0,MON00361,,,,,,,,,,,,,,,,,,,,,,,,,,,
,MON00362,,,,,,,,,DHARMA,CC0,MON00362,,,,,,,,,,,,,,,,,,,,,,,,,,,
,MON00363,,,,,,,,,DHARMA,CC0,MON00363,,,,,,,,,,,,,,,,,,,,,,,,,,,
,MON00364,,,,,,,,,DHARMA,CC0,MON00364,,,,,,,,,,,,,,,,,,,,,,,,,,,
,MON00365,,,,,,,,,DHARMA,CC0,MON00365,,,,,,,,,,,,,,,,,,,,,,,,,,,
,MON00366,,,,,,,,,DHARMA,CC0,MON00366,,,,,,,,,,,,,,,,,,,,,,,,,,,
,MON00367,,,,,,,,,DHARMA,CC0,MON00367,,,,,,,,,,,,,,,,,,,,,,,,,,,
,MON00368,,,,,,,,,DHARMA,CC0,MON00368,,,,,,,,,,,,,,,,,,,,,,,,,,,
,MON00369,,,,,,,,,DHARMA,CC0,MON00369,,,,,,,,,,,,,,,,,,,,,,,,,,,
,MON00370,,,,,,,,,DHARMA,CC0,MON00370,,,,,,,,,,,,,,,,,,,,,,,,,,,
,MON00371,,,,,,,,,DHARMA,CC0,MON00371,,,,,,,,,,,,,,,,,,,,,,,,,,,
,MON00372,,,,,,,,,DHARMA,CC0,MON00372,,,,,,,,,,,,,,,,,,,,,,,,,,,
,MON00373,,,,,,,,,DHARMA,CC0,MON00373,,,,,,,,,,,,,,,,,,,,,,,,,,,
,MON00374,,,,,,,,,DHARMA,CC0,MON00374,,,,,,,,,,,,,,,,,,,,,,,,,,,
,MON00375,,,,,,,,,DHARMA,CC0,MON00375,,,,,,,,,,,,,,,,,,,,,,,,,,,
,MON00376,,,,,,,,,DHARMA,CC0,MON00376,,,,,,,,,,,,,,,,,,,,,,,,,,,
,MON00377,,,,,,,,,DHARMA,CC0,MON00377,,,,,,,,,,,,,,,,,,,,,,,,,,,
,MON00378,,,,,,,,,DHARMA,CC0,MON00378,,,,,,,,,,,,,,,,,,,,,,,,,,,
,MON00379,,,,,,,,,DHARMA,CC0,MON00379,,,,,,,,,,,,,,,,,,,,,,,,,,,
,MON00380,,,,,,,,,DHARMA,CC0,MON00380,,,,,,,,,,,,,,,,,,,,,,,,,,,
,MON00381,,,,,,,,,DHARMA,CC0,MON00381,,,,,,,,,,,,,,,,,,,,,,,,,,,
,MON00382,,,,,,,,,DHARMA,CC0,MON00382,,,,,,,,,,,,,,,,,,,,,,,,,,,
,MON00383,,,,,,,,,DHARMA,CC0,MON00383,,,,,,,,,,,,,,,,,,,,,,,,,,,
,MON00384,,,,,,,,,DHARMA,CC0,MON00384,,,,,,,,,,,,,,,,,,,,,,,,,,,
,MON00385,,,,,,,,,DHARMA,CC0,MON00385,,,,,,,,,,,,,,,,,,,,,,,,,,,
,MON00386,,,,,,,,,DHARMA,CC0,MON00386,,,,,,,,,,,,,,,,,,,,,,,,,,,
,MON00387,,,,,,,,,DHARMA,CC0,MON00387,,,,,,,,,,,,,,,,,,,,,,,,,,,
,MON00388,,,,,,,,,DHARMA,CC0,MON00388,,,,,,,,,,,,,,,,,,,,,,,,,,,
,MON00389,,,,,,,,,DHARMA,CC0,MON00389,,,,,,,,,,,,,,,,,,,,,,,,,,,
,MON00390,,,,,,,,,DHARMA,CC0,MON00390,,,,,,,,,,,,,,,,,,,,,,,,,,,
,MON00391,,,,,,,,,DHARMA,CC0,MON00391,,,,,,,,,,,,,,,,,,,,,,,,,,,
,MON00392,,,,,,,,,DHARMA,CC0,MON00392,,,,,,,,,,,,,,,,,,,,,,,,,,,
,MON00393,,,,,,,,,DHARMA,CC0,MON00393,,,,,,,,,,,,,,,,,,,,,,,,,,,
,MON00394,,,,,,,,,DHARMA,CC0,MON00394,,,,,,,,,,,,,,,,,,,,,,,,,,,
,MON00395,,,,,,,,,DHARMA,CC0,MON00395,,,,,,,,,,,,,,,,,,,,,,,,,,,
,MON00396,,,,,,,,,DHARMA,CC0,MON00396,,,,,,,,,,,,,,,,,,,,,,,,,,,
,MON00397,,,,,,,,,DHARMA,CC0,MON00397,,,,,,,,,,,,,,,,,,,,,,,,,,,
,MON00398,,,,,,,,,DHARMA,CC0,MON00398,,,,,,,,,,,,,,,,,,,,,,,,,,,
,MON00399,,,,,,,,,DHARMA,CC0,MON00399,,,,,,,,,,,,,,,,,,,,,,,,,,,
,MON00400,,,,,,,,,DHARMA,CC0,MON00400,,,,,,,,,,,,,,,,,,,,,,,,,,,
,MON00401,,,,,,,,,DHARMA,CC0,MON00401,,,,,,,,,,,,,,,,,,,,,,,,,,,
,MON00402,,,,,,,,,DHARMA,CC0,MON00402,,,,,,,,,,,,,,,,,,,,,,,,,,,
,MON00403,,,,,,,,,DHARMA,CC0,MON00403,,,,,,,,,,,,,,,,,,,,,,,,,,,
,MON00404,,,,,,,,,DHARMA,CC0,MON00404,,,,,,,,,,,,,,,,,,,,,,,,,,,
,MON00405,,,,,,,,,DHARMA,CC0,MON00405,,,,,,,,,,,,,,,,,,,,,,,,,,,
,MON00406,,,,,,,,,DHARMA,CC0,MON00406,,,,,,,,,,,,,,,,,,,,,,,,,,,
,MON00407,,,,,,,,,DHARMA,CC0,MON00407,,,,,,,,,,,,,,,,,,,,,,,,,,,
,MON00408,,,,,,,,,DHARMA,CC0,MON00408,,,,,,,,,,,,,,,,,,,,,,,,,,,
,MON00409,,,,,,,,,DHARMA,CC0,MON00409,,,,,,,,,,,,,,,,,,,,,,,,,,,
,MON00410,,,,,,,,,DHARMA,CC0,MON00410,,,,,,,,,,,,,,,,,,,,,,,,,,,
,MON00411,,,,,,,,,DHARMA,CC0,MON00411,,,,,,,,,,,,,,,,,,,,,,,,,,,
,MON00412,,,,,,,,,DHARMA,CC0,MON00412,,,,,,,,,,,,,,,,,,,,,,,,,,,
,MON00413,,,,,,,,,DHARMA,CC0,MON00413,,,,,,,,,,,,,,,,,,,,,,,,,,,
,MON00414,,,,,,,,,DHARMA,CC0,MON00414,,,,,,,,,,,,,,,,,,,,,,,,,,,
,MON00415,,,,,,,,,DHARMA,CC0,MON00415,,,,,,,,,,,,,,,,,,,,,,,,,,,
,MON00416,,,,,,,,,DHARMA,CC0,MON00416,,,,,,,,,,,,,,,,,,,,,,,,,,,
,MON00417,,,,,,,,,DHARMA,CC0,MON00417,,,,,,,,,,,,,,,,,,,,,,,,,,,
,MON00418,,,,,,,,,DHARMA,CC0,MON00418,,,,,,,,,,,,,,,,,,,,,,,,,,,
,MON00419,,,,,,,,,DHARMA,CC0,MON00419,,,,,,,,,,,,,,,,,,,,,,,,,,,
,MON00420,,,,,,,,,DHARMA,CC0,MON00420,,,,,,,,,,,,,,,,,,,,,,,,,,,
,MON00421,,,,,,,,,DHARMA,CC0,MON00421,,,,,,,,,,,,,,,,,,,,,,,,,,,
,MON00422,,,,,,,,,DHARMA,CC0,MON00422,,,,,,,,,,,,,,,,,,,,,,,,,,,
,MON00423,,,,,,,,,DHARMA,CC0,MON00423,,,,,,,,,,,,,,,,,,,,,,,,,,,
,MON00424,,,,,,,,,DHARMA,CC0,MON00424,,,,,,,,,,,,,,,,,,,,,,,,,,,
,MON00425,,,,,,,,,DHARMA,CC0,MON00425,,,,,,,,,,,,,,,,,,,,,,,,,,,
,MON00426,,,,,,,,,DHARMA,CC0,MON00426,,,,,,,,,,,,,,,,,,,,,,,,,,,
,MON00427,,,,,,,,,DHARMA,CC0,MON00427,,,,,,,,,,,,,,,,,,,,,,,,,,,
,MON00428,,,,,,,,,DHARMA,CC0,MON00428,,,,,,,,,,,,,,,,,,,,,,,,,,,
,MON00429,,,,,,,,,DHARMA,CC0,MON00429,,,,,,,,,,,,,,,,,,,,,,,,,,,
,MON00430,,,,,,,,,DHARMA,CC0,MON00430,,,,,,,,,,,,,,,,,,,,,,,,,,,
,MON00431,,,,,,,,,DHARMA,CC0,MON00431,,,,,,,,,,,,,,,,,,,,,,,,,,,
,MON00432,,,,,,,,,DHARMA,CC0,MON00432,,,,,,,,,,,,,,,,,,,,,,,,,,,
,MON00433,,,,,,,,,DHARMA,CC0,MON00433,,,,,,,,,,,,,,,,,,,,,,,,,,,
,MON00434,,,,,,,,,DHARMA,CC0,MON00434,,,,,,,,,,,,,,,,,,,,,,,,,,,
,MON00435,,,,,,,,,DHARMA,CC0,MON00435,,,,,,,,,,,,,,,,,,,,,,,,,,,
,MON00436,,,,,,,,,DHARMA,CC0,MON00436,,,,,,,,,,,,,,,,,,,,,,,,,,,
,MON00437,,,,,,,,,DHARMA,CC0,MON00437,,,,,,,,,,,,,,,,,,,,,,,,,,,
,MON00438,,,,,,,,,DHARMA,CC0,MON00438,,,,,,,,,,,,,,,,,,,,,,,,,,,
,MON00439,,,,,,,,,DHARMA,CC0,MON00439,,,,,,,,,,,,,,,,,,,,,,,,,,,
,MON00440,,,,,,,,,DHARMA,CC0,MON00440,,,,,,,,,,,,,,,,,,,,,,,,,,,
,MON00441,,,,,,,,,DHARMA,CC0,MON00441,,,,,,,,,,,,,,,,,,,,,,,,,,,
,MON00442,,,,,,,,,DHARMA,CC0,MON00442,,,,,,,,,,,,,,,,,,,,,,,,,,,
,MON00443,,,,,,,,,DHARMA,CC0,MON00443,,,,,,,,,,,,,,,,,,,,,,,,,,,
,MON00444,,,,,,,,,DHARMA,CC0,MON00444,,,,,,,,,,,,,,,,,,,,,,,,,,,
,MON00445,,,,,,,,,DHARMA,CC0,MON00445,,,,,,,,,,,,,,,,,,,,,,,,,,,
,MON00446,,,,,,,,,DHARMA,CC0,MON00446,,,,,,,,,,,,,,,,,,,,,,,,,,,
,MON00447,,,,,,,,,DHARMA,CC0,MON00447,,,,,,,,,,,,,,,,,,,,,,,,,,,
,MON00448,,,,,,,,,DHARMA,CC0,MON00448,,,,,,,,,,,,,,,,,,,,,,,,,,,
,MON00449,,,,,,,,,DHARMA,CC0,MON00449,,,,,,,,,,,,,,,,,,,,,,,,,,,
,MON00450,,,,,,,,,DHARMA,CC0,MON00450,,,,,,,,,,,,,,,,,,,,,,,,,,,
,MON00451,,,,,,,,,DHARMA,CC0,MON00451,,,,,,,,,,,,,,,,,,,,,,,,,,,
,MON00452,,,,,,,,,DHARMA,CC0,MON00452,,,,,,,,,,,,,,,,,,,,,,,,,,,
,MON00453,,,,,,,,,DHARMA,CC0,MON00453,,,,,,,,,,,,,,,,,,,,,,,,,,,
,MON00454,,,,,,,,,DHARMA,CC0,MON00454,,,,,,,,,,,,,,,,,,,,,,,,,,,
,MON00455,,,,,,,,,DHARMA,CC0,MON00455,,,,,,,,,,,,,,,,,,,,,,,,,,,
,MON00456,,,,,,,,,DHARMA,CC0,MON00456,,,,,,,,,,,,,,,,,,,,,,,,,,,
,MON00457,,,,,,,,,DHARMA,CC0,MON00457,,,,,,,,,,,,,,,,,,,,,,,,,,,
,MON00458,,,,,,,,,DHARMA,CC0,MON00458,,,,,,,,,,,,,,,,,,,,,,,,,,,
,MON00459,,,,,,,,,DHARMA,CC0,MON00459,,,,,,,,,,,,,,,,,,,,,,,,,,,
,MON00460,,,,,,,,,DHARMA,CC0,MON00460,,,,,,,,,,,,,,,,,,,,,,,,,,,
,MON00461,,,,,,,,,DHARMA,CC0,MON00461,,,,,,,,,,,,,,,,,,,,,,,,,,,
,MON00462,,,,,,,,,DHARMA,CC0,MON00462,,,,,,,,,,,,,,,,,,,,,,,,,,,
,MON00463,,,,,,,,,DHARMA,CC0,MON00463,,,,,,,,,,,,,,,,,,,,,,,,,,,
,MON00464,,,,,,,,,DHARMA,CC0,MON00464,,,,,,,,,,,,,,,,,,,,,,,,,,,
,MON00465,,,,,,,,,DHARMA,CC0,MON00465,,,,,,,,,,,,,,,,,,,,,,,,,,,
,MON00466,,,,,,,,,DHARMA,CC0,MON00466,,,,,,,,,,,,,,,,,,,,,,,,,,,
,MON00467,,,,,,,,,DHARMA,CC0,MON00467,,,,,,,,,,,,,,,,,,,,,,,,,,,
,MON00468,,,,,,,,,DHARMA,CC0,MON00468,,,,,,,,,,,,,,,,,,,,,,,,,,,
,MON00469,,,,,,,,,DHARMA,CC0,MON00469,,,,,,,,,,,,,,,,,,,,,,,,,,,
,MON00470,,,,,,,,,DHARMA,CC0,MON00470,,,,,,,,,,,,,,,,,,,,,,,,,,,
,MON00471,,,,,,,,,DHARMA,CC0,MON00471,,,,,,,,,,,,,,,,,,,,,,,,,,,
,MON00472,,,,,,,,,DHARMA,CC0,MON00472,,,,,,,,,,,,,,,,,,,,,,,,,,,
,MON00473,,,,,,,,,DHARMA,CC0,MON00473,,,,,,,,,,,,,,,,,,,,,,,,,,,
,MON00474,,,,,,,,,DHARMA,CC0,MON00474,,,,,,,,,,,,,,,,,,,,,,,,,,,
,MON00475,,,,,,,,,DHARMA,CC0,MON00475,,,,,,,,,,,,,,,,,,,,,,,,,,,
,MON00476,,,,,,,,,DHARMA,CC0,MON00476,,,,,,,,,,,,,,,,,,,,,,,,,,,
,MON00477,,,,,,,,,DHARMA,CC0,MON00477,,,,,,,,,,,,,,,,,,,,,,,,,,,
,MON00478,,,,,,,,,DHARMA,CC0,MON00478,,,,,,,,,,,,,,,,,,,,,,,,,,,
,MON00479,,,,,,,,,DHARMA,CC0,MON00479,,,,,,,,,,,,,,,,,,,,,,,,,,,
,MON00480,,,,,,,,,DHARMA,CC0,MON00480,,,,,,,,,,,,,,,,,,,,,,,,,,,
,MON00481,,,,,,,,,DHARMA,CC0,MON00481,,,,,,,,,,,,,,,,,,,,,,,,,,,
,MON00482,,,,,,,,,DHARMA,CC0,MON00482,,,,,,,,,,,,,,,,,,,,,,,,,,,
,MON00483,,,,,,,,,DHARMA,CC0,MON00483,,,,,,,,,,,,,,,,,,,,,,,,,,,
,MON00484,,,,,,,,,DHARMA,CC0,MON00484,,,,,,,,,,,,,,,,,,,,,,,,,,,
,MON00485,,,,,,,,,DHARMA,CC0,MON00485,,,,,,,,,,,,,,,,,,,,,,,,,,,
,MON00486,,,,,,,,,DHARMA,CC0,MON00486,,,,,,,,,,,,,,,,,,,,,,,,,,,
,MON00487,,,,,,,,,DHARMA,CC0,MON00487,,,,,,,,,,,,,,,,,,,,,,,,,,,
,MON00488,,,,,,,,,DHARMA,CC0,MON00488,,,,,,,,,,,,,,,,,,,,,,,,,,,
,MON00489,,,,,,,,,DHARMA,CC0,MON00489,,,,,,,,,,,,,,,,,,,,,,,,,,,
,MON00490,,,,,,,,,DHARMA,CC0,MON00490,,,,,,,,,,,,,,,,,,,,,,,,,,,
,MON00491,,,,,,,,,DHARMA,CC0,MON00491,,,,,,,,,,,,,,,,,,,,,,,,,,,
,MON00492,,,,,,,,,DHARMA,CC0,MON00492,,,,,,,,,,,,,,,,,,,,,,,,,,,
,MON00493,,,,,,,,,DHARMA,CC0,MON00493,,,,,,,,,,,,,,,,,,,,,,,,,,,
,MON00494,,,,,,,,,DHARMA,CC0,MON00494,,,,,,,,,,,,,,,,,,,,,,,,,,,
,MON00495,,,,,,,,,DHARMA,CC0,MON00495,,,,,,,,,,,,,,,,,,,,,,,,,,,
,MON00496,,,,,,,,,DHARMA,CC0,MON00496,,,,,,,,,,,,,,,,,,,,,,,,,,,
,MON00497,,,,,,,,,DHARMA,CC0,MON00497,,,,,,,,,,,,,,,,,,,,,,,,,,,
,MON00498,,,,,,,,,DHARMA,CC0,MON00498,,,,,,,,,,,,,,,,,,,,,,,,,,,
,MON00499,,,,,,,,,DHARMA,CC0,MON00499,,,,,,,,,,,,,,,,,,,,,,,,,,,
,MON00500,,,,,,,,,DHARMA,CC0,MON00500,,,,,,,,,,,,,,,,,,,,,,,,,,,
,MON00501,,,,,,,,,DHARMA,CC0,MON00501,,,,,,,,,,,,,,,,,,,,,,,,,,,
,MON00502,,,,,,,,,DHARMA,CC0,MON00502,,,,,,,,,,,,,,,,,,,,,,,,,,,
,MON00503,,,,,,,,,DHARMA,CC0,MON00503,,,,,,,,,,,,,,,,,,,,,,,,,,,
,MON00504,,,,,,,,,DHARMA,CC0,MON00504,,,,,,,,,,,,,,,,,,,,,,,,,,,
,MON00505,,,,,,,,,DHARMA,CC0,MON00505,,,,,,,,,,,,,,,,,,,,,,,,,,,
,MON00506,,,,,,,,,DHARMA,CC0,MON00506,,,,,,,,,,,,,,,,,,,,,,,,,,,
,MON00507,,,,,,,,,DHARMA,CC0,MON00507,,,,,,,,,,,,,,,,,,,,,,,,,,,
,MON00508,,,,,,,,,DHARMA,CC0,MON00508,,,,,,,,,,,,,,,,,,,,,,,,,,,
,MON00509,,,,,,,,,DHARMA,CC0,MON00509,,,,,,,,,,,,,,,,,,,,,,,,,,,
,MON00510,,,,,,,,,DHARMA,CC0,MON00510,,,,,,,,,,,,,,,,,,,,,,,,,,,
,MON00511,,,,,,,,,DHARMA,CC0,MON00511,,,,,,,,,,,,,,,,,,,,,,,,,,,
,MON00512,,,,,,,,,DHARMA,CC0,MON00512,,,,,,,,,,,,,,,,,,,,,,,,,,,
,MON00513,,,,,,,,,DHARMA,CC0,MON00513,,,,,,,,,,,,,,,,,,,,,,,,,,,
,MON00514,,,,,,,,,DHARMA,CC0,MON00514,,,,,,,,,,,,,,,,,,,,,,,,,,,
,MON00515,,,,,,,,,DHARMA,CC0,MON00515,,,,,,,,,,,,,,,,,,,,,,,,,,,
,MON00516,,,,,,,,,DHARMA,CC0,MON00516,,,,,,,,,,,,,,,,,,,,,,,,,,,
,MON00517,,,,,,,,,DHARMA,CC0,MON00517,,,,,,,,,,,,,,,,,,,,,,,,,,,
,MON00518,,,,,,,,,DHARMA,CC0,MON00518,,,,,,,,,,,,,,,,,,,,,,,,,,,
,MON00519,,,,,,,,,DHARMA,CC0,MON00519,,,,,,,,,,,,,,,,,,,,,,,,,,,
,MON00520,,,,,,,,,DHARMA,CC0,MON00520,,,,,,,,,,,,,,,,,,,,,,,,,,,
,MON00521,,,,,,,,,DHARMA,CC0,MON00521,,,,,,,,,,,,,,,,,,,,,,,,,,,
,MON00522,,,,,,,,,DHARMA,CC0,MON00522,,,,,,,,,,,,,,,,,,,,,,,,,,,
,MON00523,,,,,,,,,DHARMA,CC0,MON00523,,,,,,,,,,,,,,,,,,,,,,,,,,,
,MON00524,,,,,,,,,DHARMA,CC0,MON00524,,,,,,,,,,,,,,,,,,,,,,,,,,,
,MON00525,,,,,,,,,DHARMA,CC0,MON00525,,,,,,,,,,,,,,,,,,,,,,,,,,,
,MON00526,,,,,,,,,DHARMA,CC0,MON00526,,,,,,,,,,,,,,,,,,,,,,,,,,,
,MON00527,,,,,,,,,DHARMA,CC0,MON00527,,,,,,,,,,,,,,,,,,,,,,,,,,,
,MON00528,,,,,,,,,DHARMA,CC0,MON00528,,,,,,,,,,,,,,,,,,,,,,,,,,,
,MON00529,,,,,,,,,DHARMA,CC0,MON00529,,,,,,,,,,,,,,,,,,,,,,,,,,,
,MON00530,,,,,,,,,DHARMA,CC0,MON00530,,,,,,,,,,,,,,,,,,,,,,,,,,,
,MON00531,,,,,,,,,DHARMA,CC0,MON00531,,,,,,,,,,,,,,,,,,,,,,,,,,,
,MON00532,,,,,,,,,DHARMA,CC0,MON00532,,,,,,,,,,,,,,,,,,,,,,,,,,,
,MON00533,,,,,,,,,DHARMA,CC0,MON00533,,,,,,,,,,,,,,,,,,,,,,,,,,,
,MON00534,,,,,,,,,DHARMA,CC0,MON00534,,,,,,,,,,,,,,,,,,,,,,,,,,,
,MON00535,,,,,,,,,DHARMA,CC0,MON00535,,,,,,,,,,,,,,,,,,,,,,,,,,,
,MON00536,,,,,,,,,DHARMA,CC0,MON00536,,,,,,,,,,,,,,,,,,,,,,,,,,,
,MON00537,,,,,,,,,DHARMA,CC0,MON00537,,,,,,,,,,,,,,,,,,,,,,,,,,,
,MON00538,,,,,,,,,DHARMA,CC0,MON00538,,,,,,,,,,,,,,,,,,,,,,,,,,,
,MON00539,,,,,,,,,DHARMA,CC0,MON00539,,,,,,,,,,,,,,,,,,,,,,,,,,,
,MON00540,,,,,,,,,DHARMA,CC0,MON00540,,,,,,,,,,,,,,,,,,,,,,,,,,,
,MON00541,,,,,,,,,DHARMA,CC0,MON00541,,,,,,,,,,,,,,,,,,,,,,,,,,,
,MON00542,,,,,,,,,DHARMA,CC0,MON00542,,,,,,,,,,,,,,,,,,,,,,,,,,,
,MON00543,,,,,,,,,DHARMA,CC0,MON00543,,,,,,,,,,,,,,,,,,,,,,,,,,,
,MON00544,,,,,,,,,DHARMA,CC0,MON00544,,,,,,,,,,,,,,,,,,,,,,,,,,,
,MON00545,,,,,,,,,DHARMA,CC0,MON00545,,,,,,,,,,,,,,,,,,,,,,,,,,,
,MON00546,,,,,,,,,DHARMA,CC0,MON00546,,,,,,,,,,,,,,,,,,,,,,,,,,,
,MON00547,,,,,,,,,DHARMA,CC0,MON00547,,,,,,,,,,,,,,,,,,,,,,,,,,,
,MON00548,,,,,,,,,DHARMA,CC0,MON00548,,,,,,,,,,,,,,,,,,,,,,,,,,,
,MON00549,,,,,,,,,DHARMA,CC0,MON00549,,,,,,,,,,,,,,,,,,,,,,,,,,,
,MON00550,,,,,,,,,DHARMA,CC0,MON00550,,,,,,,,,,,,,,,,,,,,,,,,,,,
,MON00551,,,,,,,,,DHARMA,CC0,MON00551,,,,,,,,,,,,,,,,,,,,,,,,,,,
,MON00552,,,,,,,,,DHARMA,CC0,MON00552,,,,,,,,,,,,,,,,,,,,,,,,,,,
,MON00553,,,,,,,,,DHARMA,CC0,MON00553,,,,,,,,,,,,,,,,,,,,,,,,,,,
,MON00554,,,,,,,,,DHARMA,CC0,MON00554,,,,,,,,,,,,,,,,,,,,,,,,,,,
,MON00555,,,,,,,,,DHARMA,CC0,MON00555,,,,,,,,,,,,,,,,,,,,,,,,,,,
,MON00556,,,,,,,,,DHARMA,CC0,MON00556,,,,,,,,,,,,,,,,,,,,,,,,,,,
,MON00557,,,,,,,,,DHARMA,CC0,MON00557,,,,,,,,,,,,,,,,,,,,,,,,,,,
,MON00558,,,,,,,,,DHARMA,CC0,MON00558,,,,,,,,,,,,,,,,,,,,,,,,,,,
,MON00559,,,,,,,,,DHARMA,CC0,MON00559,,,,,,,,,,,,,,,,,,,,,,,,,,,
,MON00560,,,,,,,,,DHARMA,CC0,MON00560,,,,,,,,,,,,,,,,,,,,,,,,,,,
,MON00561,,,,,,,,,DHARMA,CC0,MON00561,,,,,,,,,,,,,,,,,,,,,,,,,,,
,MON00562,,,,,,,,,DHARMA,CC0,MON00562,,,,,,,,,,,,,,,,,,,,,,,,,,,
,MON00563,,,,,,,,,DHARMA,CC0,MON00563,,,,,,,,,,,,,,,,,,,,,,,,,,,
,MON00564,,,,,,,,,DHARMA,CC0,MON00564,,,,,,,,,,,,,,,,,,,,,,,,,,,
,MON00565,,,,,,,,,DHARMA,CC0,MON00565,,,,,,,,,,,,,,,,,,,,,,,,,,,
,MON00566,,,,,,,,,DHARMA,CC0,MON00566,,,,,,,,,,,,,,,,,,,,,,,,,,,
,MON00567,,,,,,,,,DHARMA,CC0,MON00567,,,,,,,,,,,,,,,,,,,,,,,,,,,
,MON00568,,,,,,,,,DHARMA,CC0,MON00568,,,,,,,,,,,,,,,,,,,,,,,,,,,
,MON00569,,,,,,,,,DHARMA,CC0,MON00569,,,,,,,,,,,,,,,,,,,,,,,,,,,
,MON00570,,,,,,,,,DHARMA,CC0,MON00570,,,,,,,,,,,,,,,,,,,,,,,,,,,
,MON00571,,,,,,,,,DHARMA,CC0,MON00571,,,,,,,,,,,,,,,,,,,,,,,,,,,
,MON00572,,,,,,,,,DHARMA,CC0,MON00572,,,,,,,,,,,,,,,,,,,,,,,,,,,
,MON00573,,,,,,,,,DHARMA,CC0,MON00573,,,,,,,,,,,,,,,,,,,,,,,,,,,
,MON00574,,,,,,,,,DHARMA,CC0,MON00574,,,,,,,,,,,,,,,,,,,,,,,,,,,
,MON00575,,,,,,,,,DHARMA,CC0,MON00575,,,,,,,,,,,,,,,,,,,,,,,,,,,
,MON00576,,,,,,,,,DHARMA,CC0,MON00576,,,,,,,,,,,,,,,,,,,,,,,,,,,
,MON00577,,,,,,,,,DHARMA,CC0,MON00577,,,,,,,,,,,,,,,,,,,,,,,,,,,
,MON00578,,,,,,,,,DHARMA,CC0,MON00578,,,,,,,,,,,,,,,,,,,,,,,,,,,
,MON00579,,,,,,,,,DHARMA,CC0,MON00579,,,,,,,,,,,,,,,,,,,,,,,,,,,
,MON00580,,,,,,,,,DHARMA,CC0,MON00580,,,,,,,,,,,,,,,,,,,,,,,,,,,
,MON00581,,,,,,,,,DHARMA,CC0,MON00581,,,,,,,,,,,,,,,,,,,,,,,,,,,
,MON00582,,,,,,,,,DHARMA,CC0,MON00582,,,,,,,,,,,,,,,,,,,,,,,,,,,
,MON00583,,,,,,,,,DHARMA,CC0,MON00583,,,,,,,,,,,,,,,,,,,,,,,,,,,
,MON00584,,,,,,,,,DHARMA,CC0,MON00584,,,,,,,,,,,,,,,,,,,,,,,,,,,
,MON00585,,,,,,,,,DHARMA,CC0,MON00585,,,,,,,,,,,,,,,,,,,,,,,,,,,
,MON00586,,,,,,,,,DHARMA,CC0,MON00586,,,,,,,,,,,,,,,,,,,,,,,,,,,
,MON00587,,,,,,,,,DHARMA,CC0,MON00587,,,,,,,,,,,,,,,,,,,,,,,,,,,
,MON00588,,,,,,,,,DHARMA,CC0,MON00588,,,,,,,,,,,,,,,,,,,,,,,,,,,
,MON00589,,,,,,,,,DHARMA,CC0,MON00589,,,,,,,,,,,,,,,,,,,,,,,,,,,
,MON00590,,,,,,,,,DHARMA,CC0,MON00590,,,,,,,,,,,,,,,,,,,,,,,,,,,
,MON00591,,,,,,,,,DHARMA,CC0,MON00591,,,,,,,,,,,,,,,,,,,,,,,,,,,
,MON00592,,,,,,,,,DHARMA,CC0,MON00592,,,,,,,,,,,,,,,,,,,,,,,,,,,
,MON00593,,,,,,,,,DHARMA,CC0,MON00593,,,,,,,,,,,,,,,,,,,,,,,,,,,
,MON00594,,,,,,,,,DHARMA,CC0,MON00594,,,,,,,,,,,,,,,,,,,,,,,,,,,
,MON00595,,,,,,,,,DHARMA,CC0,MON00595,,,,,,,,,,,,,,,,,,,,,,,,,,,
,MON00596,,,,,,,,,DHARMA,CC0,MON00596,,,,,,,,,,,,,,,,,,,,,,,,,,,
,MON00597,,,,,,,,,DHARMA,CC0,MON00597,,,,,,,,,,,,,,,,,,,,,,,,,,,
,MON00598,,,,,,,,,DHARMA,CC0,MON00598,,,,,,,,,,,,,,,,,,,,,,,,,,,
,MON00599,,,,,,,,,DHARMA,CC0,MON00599,,,,,,,,,,,,,,,,,,,,,,,,,,,
,MON00600,,,,,,,,,DHARMA,CC0,MON00600,,,,,,,,,,,,,,,,,,,,,,,,,,,
,MON00601,,,,,,,,,DHARMA,CC0,MON00601,,,,,,,,,,,,,,,,,,,,,,,,,,,
,MON00602,,,,,,,,,DHARMA,CC0,MON00602,,,,,,,,,,,,,,,,,,,,,,,,,,,
,MON00603,,,,,,,,,DHARMA,CC0,MON00603,,,,,,,,,,,,,,,,,,,,,,,,,,,
,MON00604,,,,,,,,,DHARMA,CC0,MON00604,,,,,,,,,,,,,,,,,,,,,,,,,,,
,MON00605,,,,,,,,,DHARMA,CC0,MON00605,,,,,,,,,,,,,,,,,,,,,,,,,,,
,MON00606,,,,,,,,,DHARMA,CC0,MON00606,,,,,,,,,,,,,,,,,,,,,,,,,,,
,MON00607,,,,,,,,,DHARMA,CC0,MON00607,,,,,,,,,,,,,,,,,,,,,,,,,,,
,MON00608,,,,,,,,,DHARMA,CC0,MON00608,,,,,,,,,,,,,,,,,,,,,,,,,,,
,MON00609,,,,,,,,,DHARMA,CC0,MON00609,,,,,,,,,,,,,,,,,,,,,,,,,,,
,MON00610,,,,,,,,,DHARMA,CC0,MON00610,,,,,,,,,,,,,,,,,,,,,,,,,,,
,MON00611,,,,,,,,,DHARMA,CC0,MON00611,,,,,,,,,,,,,,,,,,,,,,,,,,,
,MON00612,,,,,,,,,DHARMA,CC0,MON00612,,,,,,,,,,,,,,,,,,,,,,,,,,,
,MON00613,,,,,,,,,DHARMA,CC0,MON00613,,,,,,,,,,,,,,,,,,,,,,,,,,,
,MON00614,,,,,,,,,DHARMA,CC0,MON00614,,,,,,,,,,,,,,,,,,,,,,,,,,,
,MON00615,,,,,,,,,DHARMA,CC0,MON00615,,,,,,,,,,,,,,,,,,,,,,,,,,,
,MON00616,,,,,,,,,DHARMA,CC0,MON00616,,,,,,,,,,,,,,,,,,,,,,,,,,,
,MON00617,,,,,,,,,DHARMA,CC0,MON00617,,,,,,,,,,,,,,,,,,,,,,,,,,,
,MON00618,,,,,,,,,DHARMA,CC0,MON00618,,,,,,,,,,,,,,,,,,,,,,,,,,,
,MON00619,,,,,,,,,DHARMA,CC0,MON00619,,,,,,,,,,,,,,,,,,,,,,,,,,,
,MON00620,,,,,,,,,DHARMA,CC0,MON00620,,,,,,,,,,,,,,,,,,,,,,,,,,,
,MON00621,,,,,,,,,DHARMA,CC0,MON00621,,,,,,,,,,,,,,,,,,,,,,,,,,,
,MON00622,,,,,,,,,DHARMA,CC0,MON00622,,,,,,,,,,,,,,,,,,,,,,,,,,,
,MON00623,,,,,,,,,DHARMA,CC0,MON00623,,,,,,,,,,,,,,,,,,,,,,,,,,,
,MON00624,,,,,,,,,DHARMA,CC0,MON00624,,,,,,,,,,,,,,,,,,,,,,,,,,,
,MON00625,,,,,,,,,DHARMA,CC0,MON00625,,,,,,,,,,,,,,,,,,,,,,,,,,,
,MON00626,,,,,,,,,DHARMA,CC0,MON00626,,,,,,,,,,,,,,,,,,,,,,,,,,,
,MON00627,,,,,,,,,DHARMA,CC0,MON00627,,,,,,,,,,,,,,,,,,,,,,,,,,,
,MON00628,,,,,,,,,DHARMA,CC0,MON00628,,,,,,,,,,,,,,,,,,,,,,,,,,,
,MON00629,,,,,,,,,DHARMA,CC0,MON00629,,,,,,,,,,,,,,,,,,,,,,,,,,,
,MON00630,,,,,,,,,DHARMA,CC0,MON00630,,,,,,,,,,,,,,,,,,,,,,,,,,,
,MON00631,,,,,,,,,DHARMA,CC0,MON00631,,,,,,,,,,,,,,,,,,,,,,,,,,,
,MON00632,,,,,,,,,DHARMA,CC0,MON00632,,,,,,,,,,,,,,,,,,,,,,,,,,,
,MON00633,,,,,,,,,DHARMA,CC0,MON00633,,,,,,,,,,,,,,,,,,,,,,,,,,,
,MON00634,,,,,,,,,DHARMA,CC0,MON00634,,,,,,,,,,,,,,,,,,,,,,,,,,,
,MON00635,,,,,,,,,DHARMA,CC0,MON00635,,,,,,,,,,,,,,,,,,,,,,,,,,,
,MON00636,,,,,,,,,DHARMA,CC0,MON00636,,,,,,,,,,,,,,,,,,,,,,,,,,,
,MON00637,,,,,,,,,DHARMA,CC0,MON00637,,,,,,,,,,,,,,,,,,,,,,,,,,,
,MON00638,,,,,,,,,DHARMA,CC0,MON00638,,,,,,,,,,,,,,,,,,,,,,,,,,,
,MON00639,,,,,,,,,DHARMA,CC0,MON00639,,,,,,,,,,,,,,,,,,,,,,,,,,,
,MON00640,,,,,,,,,DHARMA,CC0,MON00640,,,,,,,,,,,,,,,,,,,,,,,,,,,
,MON00641,,,,,,,,,DHARMA,CC0,MON00641,,,,,,,,,,,,,,,,,,,,,,,,,,,
,MON00642,,,,,,,,,DHARMA,CC0,MON00642,,,,,,,,,,,,,,,,,,,,,,,,,,,
,MON00643,,,,,,,,,DHARMA,CC0,MON00643,,,,,,,,,,,,,,,,,,,,,,,,,,,
,MON00644,,,,,,,,,DHARMA,CC0,MON00644,,,,,,,,,,,,,,,,,,,,,,,,,,,
,MON00645,,,,,,,,,DHARMA,CC0,MON00645,,,,,,,,,,,,,,,,,,,,,,,,,,,
,MON00646,,,,,,,,,DHARMA,CC0,MON00646,,,,,,,,,,,,,,,,,,,,,,,,,,,
,MON00647,,,,,,,,,DHARMA,CC0,MON00647,,,,,,,,,,,,,,,,,,,,,,,,,,,
,MON00648,,,,,,,,,DHARMA,CC0,MON00648,,,,,,,,,,,,,,,,,,,,,,,,,,,
,MON00649,,,,,,,,,DHARMA,CC0,MON00649,,,,,,,,,,,,,,,,,,,,,,,,,,,
,MON00650,,,,,,,,,DHARMA,CC0,MON00650,,,,,,,,,,,,,,,,,,,,,,,,,,,
,MON00651,,,,,,,,,DHARMA,CC0,MON00651,,,,,,,,,,,,,,,,,,,,,,,,,,,
,MON00652,,,,,,,,,DHARMA,CC0,MON00652,,,,,,,,,,,,,,,,,,,,,,,,,,,
,MON00653,,,,,,,,,DHARMA,CC0,MON00653,,,,,,,,,,,,,,,,,,,,,,,,,,,
,MON00654,,,,,,,,,DHARMA,CC0,MON00654,,,,,,,,,,,,,,,,,,,,,,,,,,,
,MON00655,,,,,,,,,DHARMA,CC0,MON00655,,,,,,,,,,,,,,,,,,,,,,,,,,,
,MON00656,,,,,,,,,DHARMA,CC0,MON00656,,,,,,,,,,,,,,,,,,,,,,,,,,,
,MON00657,,,,,,,,,DHARMA,CC0,MON00657,,,,,,,,,,,,,,,,,,,,,,,,,,,
,MON00658,,,,,,,,,DHARMA,CC0,MON00658,,,,,,,,,,,,,,,,,,,,,,,,,,,
,MON00659,,,,,,,,,DHARMA,CC0,MON00659,,,,,,,,,,,,,,,,,,,,,,,,,,,
,MON00660,,,,,,,,,DHARMA,CC0,MON00660,,,,,,,,,,,,,,,,,,,,,,,,,,,
,MON00661,,,,,,,,,DHARMA,CC0,MON00661,,,,,,,,,,,,,,,,,,,,,,,,,,,
,MON00662,,,,,,,,,DHARMA,CC0,MON00662,,,,,,,,,,,,,,,,,,,,,,,,,,,
,MON00663,,,,,,,,,DHARMA,CC0,MON00663,,,,,,,,,,,,,,,,,,,,,,,,,,,
,MON00664,,,,,,,,,DHARMA,CC0,MON00664,,,,,,,,,,,,,,,,,,,,,,,,,,,
,MON00665,,,,,,,,,DHARMA,CC0,MON00665,,,,,,,,,,,,,,,,,,,,,,,,,,,
,MON00666,,,,,,,,,DHARMA,CC0,MON00666,,,,,,,,,,,,,,,,,,,,,,,,,,,
,MON00667,,,,,,,,,DHARMA,CC0,MON00667,,,,,,,,,,,,,,,,,,,,,,,,,,,
,MON00668,,,,,,,,,DHARMA,CC0,MON00668,,,,,,,,,,,,,,,,,,,,,,,,,,,
,MON00669,,,,,,,,,DHARMA,CC0,MON00669,,,,,,,,,,,,,,,,,,,,,,,,,,,
,MON00670,,,,,,,,,DHARMA,CC0,MON00670,,,,,,,,,,,,,,,,,,,,,,,,,,,
,MON00671,,,,,,,,,DHARMA,CC0,MON00671,,,,,,,,,,,,,,,,,,,,,,,,,,,
,MON00672,,,,,,,,,DHARMA,CC0,MON00672,,,,,,,,,,,,,,,,,,,,,,,,,,,
,MON00673,,,,,,,,,DHARMA,CC0,MON00673,,,,,,,,,,,,,,,,,,,,,,,,,,,
,MON00674,,,,,,,,,DHARMA,CC0,MON00674,,,,,,,,,,,,,,,,,,,,,,,,,,,
,MON00675,,,,,,,,,DHARMA,CC0,MON00675,,,,,,,,,,,,,,,,,,,,,,,,,,,
,MON00676,,,,,,,,,DHARMA,CC0,MON00676,,,,,,,,,,,,,,,,,,,,,,,,,,,
,MON00677,,,,,,,,,DHARMA,CC0,MON00677,,,,,,,,,,,,,,,,,,,,,,,,,,,
,MON00678,,,,,,,,,DHARMA,CC0,MON00678,,,,,,,,,,,,,,,,,,,,,,,,,,,
,MON00679,,,,,,,,,DHARMA,CC0,MON00679,,,,,,,,,,,,,,,,,,,,,,,,,,,
,MON00680,,,,,,,,,DHARMA,CC0,MON00680,,,,,,,,,,,,,,,,,,,,,,,,,,,
,MON00681,,,,,,,,,DHARMA,CC0,MON00681,,,,,,,,,,,,,,,,,,,,,,,,,,,
,MON00682,,,,,,,,,DHARMA,CC0,MON00682,,,,,,,,,,,,,,,,,,,,,,,,,,,
,MON00683,,,,,,,,,DHARMA,CC0,MON00683,,,,,,,,,,,,,,,,,,,,,,,,,,,
,MON00684,,,,,,,,,DHARMA,CC0,MON00684,,,,,,,,,,,,,,,,,,,,,,,,,,,
,MON00685,,,,,,,,,DHARMA,CC0,MON00685,,,,,,,,,,,,,,,,,,,,,,,,,,,
,MON00686,,,,,,,,,DHARMA,CC0,MON00686,,,,,,,,,,,,,,,,,,,,,,,,,,,
,MON00687,,,,,,,,,DHARMA,CC0,MON00687,,,,,,,,,,,,,,,,,,,,,,,,,,,
,MON00688,,,,,,,,,DHARMA,CC0,MON00688,,,,,,,,,,,,,,,,,,,,,,,,,,,
,MON00689,,,,,,,,,DHARMA,CC0,MON00689,,,,,,,,,,,,,,,,,,,,,,,,,,,
,MON00690,,,,,,,,,DHARMA,CC0,MON00690,,,,,,,,,,,,,,,,,,,,,,,,,,,
,MON00691,,,,,,,,,DHARMA,CC0,MON00691,,,,,,,,,,,,,,,,,,,,,,,,,,,
,MON00692,,,,,,,,,DHARMA,CC0,MON00692,,,,,,,,,,,,,,,,,,,,,,,,,,,
,MON00693,,,,,,,,,DHARMA,CC0,MON00693,,,,,,,,,,,,,,,,,,,,,,,,,,,
,MON00694,,,,,,,,,DHARMA,CC0,MON00694,,,,,,,,,,,,,,,,,,,,,,,,,,,
,MON00695,,,,,,,,,DHARMA,CC0,MON00695,,,,,,,,,,,,,,,,,,,,,,,,,,,
,MON00696,,,,,,,,,DHARMA,CC0,MON00696,,,,,,,,,,,,,,,,,,,,,,,,,,,
,MON00697,,,,,,,,,DHARMA,CC0,MON00697,,,,,,,,,,,,,,,,,,,,,,,,,,,
,MON00698,,,,,,,,,DHARMA,CC0,MON00698,,,,,,,,,,,,,,,,,,,,,,,,,,,
,MON00699,,,,,,,,,DHARMA,CC0,MON00699,,,,,,,,,,,,,,,,,,,,,,,,,,,
,MON00700,,,,,,,,,DHARMA,CC0,MON00700,,,,,,,,,,,,,,,,,,,,,,,,,,,
,MON00701,,,,,,,,,DHARMA,CC0,MON00701,,,,,,,,,,,,,,,,,,,,,,,,,,,
,MON00702,,,,,,,,,DHARMA,CC0,MON00702,,,,,,,,,,,,,,,,,,,,,,,,,,,
,MON00703,,,,,,,,,DHARMA,CC0,MON00703,,,,,,,,,,,,,,,,,,,,,,,,,,,
,MON00704,,,,,,,,,DHARMA,CC0,MON00704,,,,,,,,,,,,,,,,,,,,,,,,,,,
,MON00705,,,,,,,,,DHARMA,CC0,MON00705,,,,,,,,,,,,,,,,,,,,,,,,,,,
,MON00706,,,,,,,,,DHARMA,CC0,MON00706,,,,,,,,,,,,,,,,,,,,,,,,,,,
,MON00707,,,,,,,,,DHARMA,CC0,MON00707,,,,,,,,,,,,,,,,,,,,,,,,,,,
,MON00708,,,,,,,,,DHARMA,CC0,MON00708,,,,,,,,,,,,,,,,,,,,,,,,,,,
,MON00709,,,,,,,,,DHARMA,CC0,MON00709,,,,,,,,,,,,,,,,,,,,,,,,,,,
,MON00710,,,,,,,,,DHARMA,CC0,MON00710,,,,,,,,,,,,,,,,,,,,,,,,,,,
,MON00711,,,,,,,,,DHARMA,CC0,MON00711,,,,,,,,,,,,,,,,,,,,,,,,,,,
,MON00712,,,,,,,,,DHARMA,CC0,MON00712,,,,,,,,,,,,,,,,,,,,,,,,,,,
,MON00713,,,,,,,,,DHARMA,CC0,MON00713,,,,,,,,,,,,,,,,,,,,,,,,,,,
,MON00714,,,,,,,,,DHARMA,CC0,MON00714,,,,,,,,,,,,,,,,,,,,,,,,,,,
,MON00715,,,,,,,,,DHARMA,CC0,MON00715,,,,,,,,,,,,,,,,,,,,,,,,,,,
,MON00716,,,,,,,,,DHARMA,CC0,MON00716,,,,,,,,,,,,,,,,,,,,,,,,,,,
,MON00717,,,,,,,,,DHARMA,CC0,MON00717,,,,,,,,,,,,,,,,,,,,,,,,,,,
,MON00718,,,,,,,,,DHARMA,CC0,MON00718,,,,,,,,,,,,,,,,,,,,,,,,,,,
,MON00719,,,,,,,,,DHARMA,CC0,MON00719,,,,,,,,,,,,,,,,,,,,,,,,,,,
,MON00720,,,,,,,,,DHARMA,CC0,MON00720,,,,,,,,,,,,,,,,,,,,,,,,,,,
,MON00721,,,,,,,,,DHARMA,CC0,MON00721,,,,,,,,,,,,,,,,,,,,,,,,,,,
,MON00722,,,,,,,,,DHARMA,CC0,MON00722,,,,,,,,,,,,,,,,,,,,,,,,,,,
,MON00723,,,,,,,,,DHARMA,CC0,MON00723,,,,,,,,,,,,,,,,,,,,,,,,,,,
,MON00724,,,,,,,,,DHARMA,CC0,MON00724,,,,,,,,,,,,,,,,,,,,,,,,,,,
,MON00725,,,,,,,,,DHARMA,CC0,MON00725,,,,,,,,,,,,,,,,,,,,,,,,,,,
,MON00726,,,,,,,,,DHARMA,CC0,MON00726,,,,,,,,,,,,,,,,,,,,,,,,,,,
,MON00727,,,,,,,,,DHARMA,CC0,MON00727,,,,,,,,,,,,,,,,,,,,,,,,,,,
,MON00728,,,,,,,,,DHARMA,CC0,MON00728,,,,,,,,,,,,,,,,,,,,,,,,,,,
,MON00729,,,,,,,,,DHARMA,CC0,MON00729,,,,,,,,,,,,,,,,,,,,,,,,,,,
,MON00730,,,,,,,,,DHARMA,CC0,MON00730,,,,,,,,,,,,,,,,,,,,,,,,,,,
,MON00731,,,,,,,,,DHARMA,CC0,MON00731,,,,,,,,,,,,,,,,,,,,,,,,,,,
,MON00732,,,,,,,,,DHARMA,CC0,MON00732,,,,,,,,,,,,,,,,,,,,,,,,,,,
,MON00733,,,,,,,,,DHARMA,CC0,MON00733,,,,,,,,,,,,,,,,,,,,,,,,,,,
,MON00734,,,,,,,,,DHARMA,CC0,MON00734,,,,,,,,,,,,,,,,,,,,,,,,,,,
,MON00735,,,,,,,,,DHARMA,CC0,MON00735,,,,,,,,,,,,,,,,,,,,,,,,,,,
,MON00736,,,,,,,,,DHARMA,CC0,MON00736,,,,,,,,,,,,,,,,,,,,,,,,,,,
,MON00737,,,,,,,,,DHARMA,CC0,MON00737,,,,,,,,,,,,,,,,,,,,,,,,,,,
,MON00738,,,,,,,,,DHARMA,CC0,MON00738,,,,,,,,,,,,,,,,,,,,,,,,,,,
,MON00739,,,,,,,,,DHARMA,CC0,MON00739,,,,,,,,,,,,,,,,,,,,,,,,,,,
,MON00740,,,,,,,,,DHARMA,CC0,MON00740,,,,,,,,,,,,,,,,,,,,,,,,,,,
,MON00741,,,,,,,,,DHARMA,CC0,MON00741,,,,,,,,,,,,,,,,,,,,,,,,,,,
,MON00742,,,,,,,,,DHARMA,CC0,MON00742,,,,,,,,,,,,,,,,,,,,,,,,,,,
,MON00743,,,,,,,,,DHARMA,CC0,MON00743,,,,,,,,,,,,,,,,,,,,,,,,,,,
,MON00744,,,,,,,,,DHARMA,CC0,MON00744,,,,,,,,,,,,,,,,,,,,,,,,,,,
,MON00745,,,,,,,,,DHARMA,CC0,MON00745,,,,,,,,,,,,,,,,,,,,,,,,,,,
,MON00746,,,,,,,,,DHARMA,CC0,MON00746,,,,,,,,,,,,,,,,,,,,,,,,,,,
,MON00747,,,,,,,,,DHARMA,CC0,MON00747,,,,,,,,,,,,,,,,,,,,,,,,,,,
,MON00748,,,,,,,,,DHARMA,CC0,MON00748,,,,,,,,,,,,,,,,,,,,,,,,,,,
,MON00749,,,,,,,,,DHARMA,CC0,MON00749,,,,,,,,,,,,,,,,,,,,,,,,,,,
,MON00750,,,,,,,,,DHARMA,CC0,MON00750,,,,,,,,,,,,,,,,,,,,,,,,,,,
,MON00751,,,,,,,,,DHARMA,CC0,MON00751,,,,,,,,,,,,,,,,,,,,,,,,,,,
,MON00752,,,,,,,,,DHARMA,CC0,MON00752,,,,,,,,,,,,,,,,,,,,,,,,,,,
,MON00753,,,,,,,,,DHARMA,CC0,MON00753,,,,,,,,,,,,,,,,,,,,,,,,,,,
,MON00754,,,,,,,,,DHARMA,CC0,MON00754,,,,,,,,,,,,,,,,,,,,,,,,,,,
,MON00755,,,,,,,,,DHARMA,CC0,MON00755,,,,,,,,,,,,,,,,,,,,,,,,,,,
,MON00756,,,,,,,,,DHARMA,CC0,MON00756,,,,,,,,,,,,,,,,,,,,,,,,,,,
,MON00757,,,,,,,,,DHARMA,CC0,MON00757,,,,,,,,,,,,,,,,,,,,,,,,,,,
,MON00758,,,,,,,,,DHARMA,CC0,MON00758,,,,,,,,,,,,,,,,,,,,,,,,,,,
,MON00759,,,,,,,,,DHARMA,CC0,MON00759,,,,,,,,,,,,,,,,,,,,,,,,,,,
,MON00760,,,,,,,,,DHARMA,CC0,MON00760,,,,,,,,,,,,,,,,,,,,,,,,,,,
,MON00761,,,,,,,,,DHARMA,CC0,MON00761,,,,,,,,,,,,,,,,,,,,,,,,,,,
,MON00762,,,,,,,,,DHARMA,CC0,MON00762,,,,,,,,,,,,,,,,,,,,,,,,,,,
,MON00763,,,,,,,,,DHARMA,CC0,MON00763,,,,,,,,,,,,,,,,,,,,,,,,,,,
,MON00764,,,,,,,,,DHARMA,CC0,MON00764,,,,,,,,,,,,,,,,,,,,,,,,,,,
,MON00765,,,,,,,,,DHARMA,CC0,MON00765,,,,,,,,,,,,,,,,,,,,,,,,,,,
,MON00766,,,,,,,,,DHARMA,CC0,MON00766,,,,,,,,,,,,,,,,,,,,,,,,,,,
,MON00767,,,,,,,,,DHARMA,CC0,MON00767,,,,,,,,,,,,,,,,,,,,,,,,,,,
,MON00768,,,,,,,,,DHARMA,CC0,MON00768,,,,,,,,,,,,,,,,,,,,,,,,,,,
,MON00769,,,,,,,,,DHARMA,CC0,MON00769,,,,,,,,,,,,,,,,,,,,,,,,,,,
,MON00770,,,,,,,,,DHARMA,CC0,MON00770,,,,,,,,,,,,,,,,,,,,,,,,,,,
,MON00771,,,,,,,,,DHARMA,CC0,MON00771,,,,,,,,,,,,,,,,,,,,,,,,,,,
,MON00772,,,,,,,,,DHARMA,CC0,MON00772,,,,,,,,,,,,,,,,,,,,,,,,,,,
,MON00773,,,,,,,,,DHARMA,CC0,MON00773,,,,,,,,,,,,,,,,,,,,,,,,,,,
,MON00774,,,,,,,,,DHARMA,CC0,MON00774,,,,,,,,,,,,,,,,,,,,,,,,,,,
,MON00775,,,,,,,,,DHARMA,CC0,MON00775,,,,,,,,,,,,,,,,,,,,,,,,,,,
,MON00776,,,,,,,,,DHARMA,CC0,MON00776,,,,,,,,,,,,,,,,,,,,,,,,,,,
,MON00777,,,,,,,,,DHARMA,CC0,MON00777,,,,,,,,,,,,,,,,,,,,,,,,,,,
,MON00778,,,,,,,,,DHARMA,CC0,MON00778,,,,,,,,,,,,,,,,,,,,,,,,,,,
,MON00779,,,,,,,,,DHARMA,CC0,MON00779,,,,,,,,,,,,,,,,,,,,,,,,,,,
,MON00780,,,,,,,,,DHARMA,CC0,MON00780,,,,,,,,,,,,,,,,,,,,,,,,,,,
,MON00781,,,,,,,,,DHARMA,CC0,MON00781,,,,,,,,,,,,,,,,,,,,,,,,,,,
,MON00782,,,,,,,,,DHARMA,CC0,MON00782,,,,,,,,,,,,,,,,,,,,,,,,,,,
,MON00783,,,,,,,,,DHARMA,CC0,MON00783,,,,,,,,,,,,,,,,,,,,,,,,,,,
,MON00784,,,,,,,,,DHARMA,CC0,MON00784,,,,,,,,,,,,,,,,,,,,,,,,,,,
,MON00785,,,,,,,,,DHARMA,CC0,MON00785,,,,,,,,,,,,,,,,,,,,,,,,,,,
,MON00786,,,,,,,,,DHARMA,CC0,MON00786,,,,,,,,,,,,,,,,,,,,,,,,,,,
,MON00787,,,,,,,,,DHARMA,CC0,MON00787,,,,,,,,,,,,,,,,,,,,,,,,,,,
,MON00788,,,,,,,,,DHARMA,CC0,MON00788,,,,,,,,,,,,,,,,,,,,,,,,,,,
,MON00789,,,,,,,,,DHARMA,CC0,MON00789,,,,,,,,,,,,,,,,,,,,,,,,,,,
,MON00790,,,,,,,,,DHARMA,CC0,MON00790,,,,,,,,,,,,,,,,,,,,,,,,,,,
,MON00791,,,,,,,,,DHARMA,CC0,MON00791,,,,,,,,,,,,,,,,,,,,,,,,,,,
,MON00792,,,,,,,,,DHARMA,CC0,MON00792,,,,,,,,,,,,,,,,,,,,,,,,,,,
,MON00793,,,,,,,,,DHARMA,CC0,MON00793,,,,,,,,,,,,,,,,,,,,,,,,,,,
,MON00794,,,,,,,,,DHARMA,CC0,MON00794,,,,,,,,,,,,,,,,,,,,,,,,,,,
,MON00795,,,,,,,,,DHARMA,CC0,MON00795,,,,,,,,,,,,,,,,,,,,,,,,,,,
,MON00796,,,,,,,,,DHARMA,CC0,MON00796,,,,,,,,,,,,,,,,,,,,,,,,,,,
,MON00797,,,,,,,,,DHARMA,CC0,MON00797,,,,,,,,,,,,,,,,,,,,,,,,,,,
,MON00798,,,,,,,,,DHARMA,CC0,MON00798,,,,,,,,,,,,,,,,,,,,,,,,,,,
,MON00799,,,,,,,,,DHARMA,CC0,MON00799,,,,,,,,,,,,,,,,,,,,,,,,,,,
,MON00800,,,,,,,,,DHARMA,CC0,MON00800,,,,,,,,,,,,,,,,,,,,,,,,,,,
,MON00801,,,,,,,,,DHARMA,CC0,MON00801,,,,,,,,,,,,,,,,,,,,,,,,,,,
,MON00802,,,,,,,,,DHARMA,CC0,MON00802,,,,,,,,,,,,,,,,,,,,,,,,,,,
,MON00803,,,,,,,,,DHARMA,CC0,MON00803,,,,,,,,,,,,,,,,,,,,,,,,,,,
,MON00804,,,,,,,,,DHARMA,CC0,MON00804,,,,,,,,,,,,,,,,,,,,,,,,,,,
,MON00805,,,,,,,,,DHARMA,CC0,MON00805,,,,,,,,,,,,,,,,,,,,,,,,,,,
,MON00806,,,,,,,,,DHARMA,CC0,MON00806,,,,,,,,,,,,,,,,,,,,,,,,,,,
,MON00807,,,,,,,,,DHARMA,CC0,MON00807,,,,,,,,,,,,,,,,,,,,,,,,,,,
,MON00808,,,,,,,,,DHARMA,CC0,MON00808,,,,,,,,,,,,,,,,,,,,,,,,,,,
,MON00809,,,,,,,,,DHARMA,CC0,MON00809,,,,,,,,,,,,,,,,,,,,,,,,,,,
,MON00810,,,,,,,,,DHARMA,CC0,MON00810,,,,,,,,,,,,,,,,,,,,,,,,,,,
,MON00811,,,,,,,,,DHARMA,CC0,MON00811,,,,,,,,,,,,,,,,,,,,,,,,,,,
,MON00812,,,,,,,,,DHARMA,CC0,MON00812,,,,,,,,,,,,,,,,,,,,,,,,,,,
,MON00813,,,,,,,,,DHARMA,CC0,MON00813,,,,,,,,,,,,,,,,,,,,,,,,,,,
,MON00814,,,,,,,,,DHARMA,CC0,MON00814,,,,,,,,,,,,,,,,,,,,,,,,,,,
,MON00815,,,,,,,,,DHARMA,CC0,MON00815,,,,,,,,,,,,,,,,,,,,,,,,,,,
,MON00816,,,,,,,,,DHARMA,CC0,MON00816,,,,,,,,,,,,,,,,,,,,,,,,,,,
,MON00817,,,,,,,,,DHARMA,CC0,MON00817,,,,,,,,,,,,,,,,,,,,,,,,,,,
,MON00818,,,,,,,,,DHARMA,CC0,MON00818,,,,,,,,,,,,,,,,,,,,,,,,,,,
,MON00819,,,,,,,,,DHARMA,CC0,MON00819,,,,,,,,,,,,,,,,,,,,,,,,,,,
,MON00820,,,,,,,,,DHARMA,CC0,MON00820,,,,,,,,,,,,,,,,,,,,,,,,,,,
,MON00821,,,,,,,,,DHARMA,CC0,MON00821,,,,,,,,,,,,,,,,,,,,,,,,,,,
,MON00822,,,,,,,,,DHARMA,CC0,MON00822,,,,,,,,,,,,,,,,,,,,,,,,,,,
,MON00823,,,,,,,,,DHARMA,CC0,MON00823,,,,,,,,,,,,,,,,,,,,,,,,,,,
,MON00824,,,,,,,,,DHARMA,CC0,MON00824,,,,,,,,,,,,,,,,,,,,,,,,,,,
,MON00825,,,,,,,,,DHARMA,CC0,MON00825,,,,,,,,,,,,,,,,,,,,,,,,,,,
,MON00826,,,,,,,,,DHARMA,CC0,MON00826,,,,,,,,,,,,,,,,,,,,,,,,,,,
,MON00827,,,,,,,,,DHARMA,CC0,MON00827,,,,,,,,,,,,,,,,,,,,,,,,,,,
,MON00828,,,,,,,,,DHARMA,CC0,MON00828,,,,,,,,,,,,,,,,,,,,,,,,,,,
,MON00829,,,,,,,,,DHARMA,CC0,MON00829,,,,,,,,,,,,,,,,,,,,,,,,,,,
,MON00830,,,,,,,,,DHARMA,CC0,MON00830,,,,,,,,,,,,,,,,,,,,,,,,,,,
,MON00831,,,,,,,,,DHARMA,CC0,MON00831,,,,,,,,,,,,,,,,,,,,,,,,,,,
,MON00832,,,,,,,,,DHARMA,CC0,MON00832,,,,,,,,,,,,,,,,,,,,,,,,,,,
,MON00833,,,,,,,,,DHARMA,CC0,MON00833,,,,,,,,,,,,,,,,,,,,,,,,,,,
,MON00834,,,,,,,,,DHARMA,CC0,MON00834,,,,,,,,,,,,,,,,,,,,,,,,,,,
,MON00835,,,,,,,,,DHARMA,CC0,MON00835,,,,,,,,,,,,,,,,,,,,,,,,,,,
,MON00836,,,,,,,,,DHARMA,CC0,MON00836,,,,,,,,,,,,,,,,,,,,,,,,,,,
,MON00837,,,,,,,,,DHARMA,CC0,MON00837,,,,,,,,,,,,,,,,,,,,,,,,,,,
,MON00838,,,,,,,,,DHARMA,CC0,MON00838,,,,,,,,,,,,,,,,,,,,,,,,,,,
,MON00839,,,,,,,,,DHARMA,CC0,MON00839,,,,,,,,,,,,,,,,,,,,,,,,,,,
,MON00840,,,,,,,,,DHARMA,CC0,MON00840,,,,,,,,,,,,,,,,,,,,,,,,,,,
,MON00841,,,,,,,,,DHARMA,CC0,MON00841,,,,,,,,,,,,,,,,,,,,,,,,,,,
,MON00842,,,,,,,,,DHARMA,CC0,MON00842,,,,,,,,,,,,,,,,,,,,,,,,,,,
,MON00843,,,,,,,,,DHARMA,CC0,MON00843,,,,,,,,,,,,,,,,,,,,,,,,,,,
,MON00844,,,,,,,,,DHARMA,CC0,MON00844,,,,,,,,,,,,,,,,,,,,,,,,,,,
,MON00845,,,,,,,,,DHARMA,CC0,MON00845,,,,,,,,,,,,,,,,,,,,,,,,,,,
,MON00846,,,,,,,,,DHARMA,CC0,MON00846,,,,,,,,,,,,,,,,,,,,,,,,,,,
,MON00847,,,,,,,,,DHARMA,CC0,MON00847,,,,,,,,,,,,,,,,,,,,,,,,,,,
,MON00848,,,,,,,,,DHARMA,CC0,MON00848,,,,,,,,,,,,,,,,,,,,,,,,,,,
,MON00849,,,,,,,,,DHARMA,CC0,MON00849,,,,,,,,,,,,,,,,,,,,,,,,,,,
,MON00850,,,,,,,,,DHARMA,CC0,MON00850,,,,,,,,,,,,,,,,,,,,,,,,,,,
,MON00851,,,,,,,,,DHARMA,CC0,MON00851,,,,,,,,,,,,,,,,,,,,,,,,,,,
,MON00852,,,,,,,,,DHARMA,CC0,MON00852,,,,,,,,,,,,,,,,,,,,,,,,,,,
,MON00853,,,,,,,,,DHARMA,CC0,MON00853,,,,,,,,,,,,,,,,,,,,,,,,,,,
,MON00854,,,,,,,,,DHARMA,CC0,MON00854,,,,,,,,,,,,,,,,,,,,,,,,,,,
,MON00855,,,,,,,,,DHARMA,CC0,MON00855,,,,,,,,,,,,,,,,,,,,,,,,,,,
,MON00856,,,,,,,,,DHARMA,CC0,MON00856,,,,,,,,,,,,,,,,,,,,,,,,,,,
,MON00857,,,,,,,,,DHARMA,CC0,MON00857,,,,,,,,,,,,,,,,,,,,,,,,,,,
,MON00858,,,,,,,,,DHARMA,CC0,MON00858,,,,,,,,,,,,,,,,,,,,,,,,,,,
,MON00859,,,,,,,,,DHARMA,CC0,MON00859,,,,,,,,,,,,,,,,,,,,,,,,,,,
,MON00860,,,,,,,,,DHARMA,CC0,MON00860,,,,,,,,,,,,,,,,,,,,,,,,,,,
,MON00861,,,,,,,,,DHARMA,CC0,MON00861,,,,,,,,,,,,,,,,,,,,,,,,,,,
,MON00862,,,,,,,,,DHARMA,CC0,MON00862,,,,,,,,,,,,,,,,,,,,,,,,,,,
,MON00863,,,,,,,,,DHARMA,CC0,MON00863,,,,,,,,,,,,,,,,,,,,,,,,,,,
,MON00864,,,,,,,,,DHARMA,CC0,MON00864,,,,,,,,,,,,,,,,,,,,,,,,,,,
,MON00865,,,,,,,,,DHARMA,CC0,MON00865,,,,,,,,,,,,,,,,,,,,,,,,,,,
,MON00866,,,,,,,,,DHARMA,CC0,MON00866,,,,,,,,,,,,,,,,,,,,,,,,,,,
,MON00867,,,,,,,,,DHARMA,CC0,MON00867,,,,,,,,,,,,,,,,,,,,,,,,,,,
,MON00868,,,,,,,,,DHARMA,CC0,MON00868,,,,,,,,,,,,,,,,,,,,,,,,,,,
,MON00869,,,,,,,,,DHARMA,CC0,MON00869,,,,,,,,,,,,,,,,,,,,,,,,,,,
,MON00870,,,,,,,,,DHARMA,CC0,MON00870,,,,,,,,,,,,,,,,,,,,,,,,,,,
,MON00871,,,,,,,,,DHARMA,CC0,MON00871,,,,,,,,,,,,,,,,,,,,,,,,,,,
,MON00872,,,,,,,,,DHARMA,CC0,MON00872,,,,,,,,,,,,,,,,,,,,,,,,,,,
,MON00873,,,,,,,,,DHARMA,CC0,MON00873,,,,,,,,,,,,,,,,,,,,,,,,,,,
,MON00874,,,,,,,,,DHARMA,CC0,MON00874,,,,,,,,,,,,,,,,,,,,,,,,,,,
,MON00875,,,,,,,,,DHARMA,CC0,MON00875,,,,,,,,,,,,,,,,,,,,,,,,,,,
,MON00876,,,,,,,,,DHARMA,CC0,MON00876,,,,,,,,,,,,,,,,,,,,,,,,,,,
,MON00877,,,,,,,,,DHARMA,CC0,MON00877,,,,,,,,,,,,,,,,,,,,,,,,,,,
,MON00878,,,,,,,,,DHARMA,CC0,MON00878,,,,,,,,,,,,,,,,,,,,,,,,,,,
,MON00879,,,,,,,,,DHARMA,CC0,MON00879,,,,,,,,,,,,,,,,,,,,,,,,,,,
,MON00880,,,,,,,,,DHARMA,CC0,MON00880,,,,,,,,,,,,,,,,,,,,,,,,,,,
,MON00881,,,,,,,,,DHARMA,CC0,MON00881,,,,,,,,,,,,,,,,,,,,,,,,,,,
,MON00882,,,,,,,,,DHARMA,CC0,MON00882,,,,,,,,,,,,,,,,,,,,,,,,,,,
,MON00883,,,,,,,,,DHARMA,CC0,MON00883,,,,,,,,,,,,,,,,,,,,,,,,,,,
,MON00884,,,,,,,,,DHARMA,CC0,MON00884,,,,,,,,,,,,,,,,,,,,,,,,,,,
,MON00885,,,,,,,,,DHARMA,CC0,MON00885,,,,,,,,,,,,,,,,,,,,,,,,,,,
,MON00886,,,,,,,,,DHARMA,CC0,MON00886,,,,,,,,,,,,,,,,,,,,,,,,,,,
,MON00887,,,,,,,,,DHARMA,CC0,MON00887,,,,,,,,,,,,,,,,,,,,,,,,,,,
,MON00888,,,,,,,,,DHARMA,CC0,MON00888,,,,,,,,,,,,,,,,,,,,,,,,,,,
,MON00889,,,,,,,,,DHARMA,CC0,MON00889,,,,,,,,,,,,,,,,,,,,,,,,,,,
,MON00890,,,,,,,,,DHARMA,CC0,MON00890,,,,,,,,,,,,,,,,,,,,,,,,,,,
,MON00891,,,,,,,,,DHARMA,CC0,MON00891,,,,,,,,,,,,,,,,,,,,,,,,,,,
,MON00892,,,,,,,,,DHARMA,CC0,MON00892,,,,,,,,,,,,,,,,,,,,,,,,,,,
,MON00893,,,,,,,,,DHARMA,CC0,MON00893,,,,,,,,,,,,,,,,,,,,,,,,,,,
,MON00894,,,,,,,,,DHARMA,CC0,MON00894,,,,,,,,,,,,,,,,,,,,,,,,,,,
,MON00895,,,,,,,,,DHARMA,CC0,MON00895,,,,,,,,,,,,,,,,,,,,,,,,,,,
,MON00896,,,,,,,,,DHARMA,CC0,MON00896,,,,,,,,,,,,,,,,,,,,,,,,,,,
,MON00897,,,,,,,,,DHARMA,CC0,MON00897,,,,,,,,,,,,,,,,,,,,,,,,,,,
,MON00898,,,,,,,,,DHARMA,CC0,MON00898,,,,,,,,,,,,,,,,,,,,,,,,,,,
,MON00899,,,,,,,,,DHARMA,CC0,MON00899,,,,,,,,,,,,,,,,,,,,,,,,,,,
,MON00900,,,,,,,,,DHARMA,CC0,MON00900,,,,,,,,,,,,,,,,,,,,,,,,,,,
,MON00901,,,,,,,,,DHARMA,CC0,MON00901,,,,,,,,,,,,,,,,,,,,,,,,,,,
,MON00902,,,,,,,,,DHARMA,CC0,MON00902,,,,,,,,,,,,,,,,,,,,,,,,,,,
,MON00903,,,,,,,,,DHARMA,CC0,MON00903,,,,,,,,,,,,,,,,,,,,,,,,,,,
,MON00904,,,,,,,,,DHARMA,CC0,MON00904,,,,,,,,,,,,,,,,,,,,,,,,,,,
,MON00905,,,,,,,,,DHARMA,CC0,MON00905,,,,,,,,,,,,,,,,,,,,,,,,,,,
,MON00906,,,,,,,,,DHARMA,CC0,MON00906,,,,,,,,,,,,,,,,,,,,,,,,,,,
,MON00907,,,,,,,,,DHARMA,CC0,MON00907,,,,,,,,,,,,,,,,,,,,,,,,,,,
,MON00908,,,,,,,,,DHARMA,CC0,MON00908,,,,,,,,,,,,,,,,,,,,,,,,,,,
,MON00909,,,,,,,,,DHARMA,CC0,MON00909,,,,,,,,,,,,,,,,,,,,,,,,,,,
,MON00910,,,,,,,,,DHARMA,CC0,MON00910,,,,,,,,,,,,,,,,,,,,,,,,,,,
,MON00911,,,,,,,,,DHARMA,CC0,MON00911,,,,,,,,,,,,,,,,,,,,,,,,,,,
,MON00912,,,,,,,,,DHARMA,CC0,MON00912,,,,,,,,,,,,,,,,,,,,,,,,,,,
,MON00913,,,,,,,,,DHARMA,CC0,MON00913,,,,,,,,,,,,,,,,,,,,,,,,,,,
,MON00914,,,,,,,,,DHARMA,CC0,MON00914,,,,,,,,,,,,,,,,,,,,,,,,,,,
,MON00915,,,,,,,,,DHARMA,CC0,MON00915,,,,,,,,,,,,,,,,,,,,,,,,,,,
,MON00916,,,,,,,,,DHARMA,CC0,MON00916,,,,,,,,,,,,,,,,,,,,,,,,,,,
,MON00917,,,,,,,,,DHARMA,CC0,MON00917,,,,,,,,,,,,,,,,,,,,,,,,,,,
,MON00918,,,,,,,,,DHARMA,CC0,MON00918,,,,,,,,,,,,,,,,,,,,,,,,,,,
,MON00919,,,,,,,,,DHARMA,CC0,MON00919,,,,,,,,,,,,,,,,,,,,,,,,,,,
,MON00920,,,,,,,,,DHARMA,CC0,MON00920,,,,,,,,,,,,,,,,,,,,,,,,,,,
,MON00921,,,,,,,,,DHARMA,CC0,MON00921,,,,,,,,,,,,,,,,,,,,,,,,,,,
,MON00922,,,,,,,,,DHARMA,CC0,MON00922,,,,,,,,,,,,,,,,,,,,,,,,,,,
,MON00923,,,,,,,,,DHARMA,CC0,MON00923,,,,,,,,,,,,,,,,,,,,,,,,,,,
,MON00924,,,,,,,,,DHARMA,CC0,MON00924,,,,,,,,,,,,,,,,,,,,,,,,,,,
,MON00925,,,,,,,,,DHARMA,CC0,MON00925,,,,,,,,,,,,,,,,,,,,,,,,,,,
,MON00926,,,,,,,,,DHARMA,CC0,MON00926,,,,,,,,,,,,,,,,,,,,,,,,,,,
,MON00927,,,,,,,,,DHARMA,CC0,MON00927,,,,,,,,,,,,,,,,,,,,,,,,,,,
,MON00928,,,,,,,,,DHARMA,CC0,MON00928,,,,,,,,,,,,,,,,,,,,,,,,,,,
,MON00929,,,,,,,,,DHARMA,CC0,MON00929,,,,,,,,,,,,,,,,,,,,,,,,,,,
,MON00930,,,,,,,,,DHARMA,CC0,MON00930,,,,,,,,,,,,,,,,,,,,,,,,,,,
,MON00931,,,,,,,,,DHARMA,CC0,MON00931,,,,,,,,,,,,,,,,,,,,,,,,,,,
,MON00932,,,,,,,,,DHARMA,CC0,MON00932,,,,,,,,,,,,,,,,,,,,,,,,,,,
,MON00933,,,,,,,,,DHARMA,CC0,MON00933,,,,,,,,,,,,,,,,,,,,,,,,,,,
,MON00934,,,,,,,,,DHARMA,CC0,MON00934,,,,,,,,,,,,,,,,,,,,,,,,,,,
,MON00935,,,,,,,,,DHARMA,CC0,MON00935,,,,,,,,,,,,,,,,,,,,,,,,,,,
,MON00936,,,,,,,,,DHARMA,CC0,MON00936,,,,,,,,,,,,,,,,,,,,,,,,,,,
,MON00937,,,,,,,,,DHARMA,CC0,MON00937,,,,,,,,,,,,,,,,,,,,,,,,,,,
,MON00938,,,,,,,,,DHARMA,CC0,MON00938,,,,,,,,,,,,,,,,,,,,,,,,,,,
,MON00939,,,,,,,,,DHARMA,CC0,MON00939,,,,,,,,,,,,,,,,,,,,,,,,,,,
,MON00940,,,,,,,,,DHARMA,CC0,MON00940,,,,,,,,,,,,,,,,,,,,,,,,,,,
,MON00941,,,,,,,,,DHARMA,CC0,MON00941,,,,,,,,,,,,,,,,,,,,,,,,,,,
,MON00942,,,,,,,,,DHARMA,CC0,MON00942,,,,,,,,,,,,,,,,,,,,,,,,,,,
,MON00943,,,,,,,,,DHARMA,CC0,MON00943,,,,,,,,,,,,,,,,,,,,,,,,,,,
,MON00944,,,,,,,,,DHARMA,CC0,MON00944,,,,,,,,,,,,,,,,,,,,,,,,,,,
,MON00945,,,,,,,,,DHARMA,CC0,MON00945,,,,,,,,,,,,,,,,,,,,,,,,,,,
,MON00946,,,,,,,,,DHARMA,CC0,MON00946,,,,,,,,,,,,,,,,,,,,,,,,,,,
,MON00947,,,,,,,,,DHARMA,CC0,MON00947,,,,,,,,,,,,,,,,,,,,,,,,,,,
,MON00948,,,,,,,,,DHARMA,CC0,MON00948,,,,,,,,,,,,,,,,,,,,,,,,,,,
,MON00949,,,,,,,,,DHARMA,CC0,MON00949,,,,,,,,,,,,,,,,,,,,,,,,,,,
,MON00950,,,,,,,,,DHARMA,CC0,MON00950,,,,,,,,,,,,,,,,,,,,,,,,,,,
,MON00951,,,,,,,,,DHARMA,CC0,MON00951,,,,,,,,,,,,,,,,,,,,,,,,,,,
,MON00952,,,,,,,,,DHARMA,CC0,MON00952,,,,,,,,,,,,,,,,,,,,,,,,,,,
,MON00953,,,,,,,,,DHARMA,CC0,MON00953,,,,,,,,,,,,,,,,,,,,,,,,,,,
,MON00954,,,,,,,,,DHARMA,CC0,MON00954,,,,,,,,,,,,,,,,,,,,,,,,,,,
,MON00955,,,,,,,,,DHARMA,CC0,MON00955,,,,,,,,,,,,,,,,,,,,,,,,,,,
,MON00956,,,,,,,,,DHARMA,CC0,MON00956,,,,,,,,,,,,,,,,,,,,,,,,,,,
,MON00957,,,,,,,,,DHARMA,CC0,MON00957,,,,,,,,,,,,,,,,,,,,,,,,,,,
,MON00958,,,,,,,,,DHARMA,CC0,MON00958,,,,,,,,,,,,,,,,,,,,,,,,,,,
,MON00959,,,,,,,,,DHARMA,CC0,MON00959,,,,,,,,,,,,,,,,,,,,,,,,,,,
,MON00960,,,,,,,,,DHARMA,CC0,MON00960,,,,,,,,,,,,,,,,,,,,,,,,,,,
,MON00961,,,,,,,,,DHARMA,CC0,MON00961,,,,,,,,,,,,,,,,,,,,,,,,,,,
,MON00962,,,,,,,,,DHARMA,CC0,MON00962,,,,,,,,,,,,,,,,,,,,,,,,,,,
,MON00963,,,,,,,,,DHARMA,CC0,MON00963,,,,,,,,,,,,,,,,,,,,,,,,,,,
,MON00964,,,,,,,,,DHARMA,CC0,MON00964,,,,,,,,,,,,,,,,,,,,,,,,,,,
,MON00965,,,,,,,,,DHARMA,CC0,MON00965,,,,,,,,,,,,,,,,,,,,,,,,,,,
,MON00966,,,,,,,,,DHARMA,CC0,MON00966,,,,,,,,,,,,,,,,,,,,,,,,,,,
,MON00967,,,,,,,,,DHARMA,CC0,MON00967,,,,,,,,,,,,,,,,,,,,,,,,,,,
,MON00968,,,,,,,,,DHARMA,CC0,MON00968,,,,,,,,,,,,,,,,,,,,,,,,,,,
,MON00969,,,,,,,,,DHARMA,CC0,MON00969,,,,,,,,,,,,,,,,,,,,,,,,,,,
,MON00970,,,,,,,,,DHARMA,CC0,MON00970,,,,,,,,,,,,,,,,,,,,,,,,,,,
,MON00971,,,,,,,,,DHARMA,CC0,MON00971,,,,,,,,,,,,,,,,,,,,,,,,,,,
,MON00972,,,,,,,,,DHARMA,CC0,MON00972,,,,,,,,,,,,,,,,,,,,,,,,,,,
,MON00973,,,,,,,,,DHARMA,CC0,MON00973,,,,,,,,,,,,,,,,,,,,,,,,,,,
,MON00974,,,,,,,,,DHARMA,CC0,MON00974,,,,,,,,,,,,,,,,,,,,,,,,,,,
,MON00975,,,,,,,,,DHARMA,CC0,MON00975,,,,,,,,,,,,,,,,,,,,,,,,,,,
,MON00976,,,,,,,,,DHARMA,CC0,MON00976,,,,,,,,,,,,,,,,,,,,,,,,,,,
,MON00977,,,,,,,,,DHARMA,CC0,MON00977,,,,,,,,,,,,,,,,,,,,,,,,,,,
,MON00978,,,,,,,,,DHARMA,CC0,MON00978,,,,,,,,,,,,,,,,,,,,,,,,,,,
,MON00979,,,,,,,,,DHARMA,CC0,MON00979,,,,,,,,,,,,,,,,,,,,,,,,,,,
,MON00980,,,,,,,,,DHARMA,CC0,MON00980,,,,,,,,,,,,,,,,,,,,,,,,,,,
,MON00981,,,,,,,,,DHARMA,CC0,MON00981,,,,,,,,,,,,,,,,,,,,,,,,,,,
,MON00982,,,,,,,,,DHARMA,CC0,MON00982,,,,,,,,,,,,,,,,,,,,,,,,,,,
,MON00983,,,,,,,,,DHARMA,CC0,MON00983,,,,,,,,,,,,,,,,,,,,,,,,,,,
,MON00984,,,,,,,,,DHARMA,CC0,MON00984,,,,,,,,,,,,,,,,,,,,,,,,,,,
,MON00985,,,,,,,,,DHARMA,CC0,MON00985,,,,,,,,,,,,,,,,,,,,,,,,,,,
,MON00986,,,,,,,,,DHARMA,CC0,MON00986,,,,,,,,,,,,,,,,,,,,,,,,,,,
,MON00987,,,,,,,,,DHARMA,CC0,MON00987,,,,,,,,,,,,,,,,,,,,,,,,,,,
,MON00988,,,,,,,,,DHARMA,CC0,MON00988,,,,,,,,,,,,,,,,,,,,,,,,,,,
,MON00989,,,,,,,,,DHARMA,CC0,MON00989,,,,,,,,,,,,,,,,,,,,,,,,,,,
,MON00990,,,,,,,,,DHARMA,CC0,MON00990,,,,,,,,,,,,,,,,,,,,,,,,,,,
,MON00991,,,,,,,,,DHARMA,CC0,MON00991,,,,,,,,,,,,,,,,,,,,,,,,,,,
,MON00992,,,,,,,,,DHARMA,CC0,MON00992,,,,,,,,,,,,,,,,,,,,,,,,,,,
,MON00993,,,,,,,,,DHARMA,CC0,MON00993,,,,,,,,,,,,,,,,,,,,,,,,,,,
,MON00994,,,,,,,,,DHARMA,CC0,MON00994,,,,,,,,,,,,,,,,,,,,,,,,,,,
,MON00995,,,,,,,,,DHARMA,CC0,MON00995,,,,,,,,,,,,,,,,,,,,,,,,,,,
,MON00996,,,,,,,,,DHARMA,CC0,MON00996,,,,,,,,,,,,,,,,,,,,,,,,,,,
,MON00997,,,,,,,,,DHARMA,CC0,MON00997,,,,,,,,,,,,,,,,,,,,,,,,,,,
,MON00998,,,,,,,,,DHARMA,CC0,MON00998,,,,,,,,,,,,,,,,,,,,,,,,,,,
,MON00999,,,,,,,,,DHARMA,CC0,MON00999,,,,,,,,,,,,,,,,,,,,,,,,,,,