Fields group,Management of the resource,,,,,,,,,,,Authority list of collections,,,,,,,,,,,
,,,,,,,,,,,,,,,Responsibility ,,,,,,,,
Fields,Identifier of the resource,Origin of the metadata,DHARMA import,Editor of the metadata,Date of the edition,Contributor of the metadata,Reviewer,Date of review,Project,Corpus,Distribution rights of the metadata,Identifier of the collection,Name of the collection,Type of collection,Authority responsible of the collection,Name of the institution,Person responsible ,Name of the place,ID of the place,Date notBefore,History of the collection,Remarks,Bibliographical references
Description of the fields,"Identifier of the collection. 
 Syntax: COL00001 (according to the DHARMA FNC)",Origin of the metadata: database or publication,Date of conversion of previously available metadata to the DHARMA model,"Person(s) who supplied metadata (use the DHARMA members' Ids and separate them by $, if more than one editor)",Start date of metadata input/editing for DHARMA (YYYY-MM-DD),"Person(s) who entered/edited metadata (use the DHARMA members' Ids and separate them by $, if more than one editor)","Validating person (use the DHARMA members' Ids and separate them by $, if more than one editor)",Date of metadata validation (YYYY-MM-DD),Project responsible for making these metadata available,Corpus to which the inscription pertains,Licence applicable to metadata,"Identifier of the collection. 
 Syntax: COL00001 (according to the DHARMA FNC)",Name of the collection,Type of collection (public or private),,,Person responsible of the collection (fonction or private person),normalized syntax,,Begining of activity,Description of what is known or recorded about the origin and subsequent history of the place (free text),Remarks on collection-related metadata (free text),
,COL00001,,,emfr,2021-10-28,,,,,DHARMA,CC0,COL00001,,,,,,,,,,,
,COL00002,,,emfr,2021-10-28,,,,,DHARMA,CC0,COL00002,,,,,,,,,,,
,COL00003,,,,,,,,,DHARMA,CC0,COL00003,,,,,,,,,,,
,COL00004,,,,,,,,,DHARMA,CC0,COL00004,,,,,,,,,,,
,COL00005,,,,,,,,,DHARMA,CC0,COL00005,,,,,,,,,,,
,COL00006,,,,,,,,,DHARMA,CC0,COL00006,,,,,,,,,,,
,COL00007,,,,,,,,,DHARMA,CC0,COL00007,,,,,,,,,,,
,COL00008,,,,,,,,,DHARMA,CC0,COL00008,,,,,,,,,,,
,COL00009,,,,,,,,,DHARMA,CC0,COL00009,,,,,,,,,,,
,COL00010,,,,,,,,,DHARMA,CC0,COL00010,,,,,,,,,,,
,COL00011,,,,,,,,,DHARMA,CC0,COL00011,,,,,,,,,,,
,COL00012,,,,,,,,,DHARMA,CC0,COL00012,,,,,,,,,,,
,COL00013,,,,,,,,,DHARMA,CC0,COL00013,,,,,,,,,,,
,COL00014,,,,,,,,,DHARMA,CC0,COL00014,,,,,,,,,,,
,COL00015,,,,,,,,,DHARMA,CC0,COL00015,,,,,,,,,,,
,COL00016,,,,,,,,,DHARMA,CC0,COL00016,,,,,,,,,,,
,COL00017,,,,,,,,,DHARMA,CC0,COL00017,,,,,,,,,,,
,COL00018,,,,,,,,,DHARMA,CC0,COL00018,,,,,,,,,,,
,COL00019,,,,,,,,,DHARMA,CC0,COL00019,,,,,,,,,,,
,COL00020,,,,,,,,,DHARMA,CC0,COL00020,,,,,,,,,,,
,COL00021,,,,,,,,,DHARMA,CC0,COL00021,,,,,,,,,,,
,COL00022,,,,,,,,,DHARMA,CC0,COL00022,,,,,,,,,,,
,COL00023,,,,,,,,,DHARMA,CC0,COL00023,,,,,,,,,,,
,COL00024,,,,,,,,,DHARMA,CC0,COL00024,,,,,,,,,,,
,COL00025,,,,,,,,,DHARMA,CC0,COL00025,,,,,,,,,,,
,COL00026,,,,,,,,,DHARMA,CC0,COL00026,,,,,,,,,,,
,COL00027,,,,,,,,,DHARMA,CC0,COL00027,,,,,,,,,,,
,COL00028,,,,,,,,,DHARMA,CC0,COL00028,,,,,,,,,,,
,COL00029,,,,,,,,,DHARMA,CC0,COL00029,,,,,,,,,,,
,COL00030,,,,,,,,,DHARMA,CC0,COL00030,,,,,,,,,,,
,COL00031,,,,,,,,,DHARMA,CC0,COL00031,,,,,,,,,,,
,COL00032,,,,,,,,,DHARMA,CC0,COL00032,,,,,,,,,,,
,COL00033,,,,,,,,,DHARMA,CC0,COL00033,,,,,,,,,,,
,COL00034,,,,,,,,,DHARMA,CC0,COL00034,,,,,,,,,,,
,COL00035,,,,,,,,,DHARMA,CC0,COL00035,,,,,,,,,,,
,COL00036,,,,,,,,,DHARMA,CC0,COL00036,,,,,,,,,,,
,COL00037,,,,,,,,,DHARMA,CC0,COL00037,,,,,,,,,,,
,COL00038,,,,,,,,,DHARMA,CC0,COL00038,,,,,,,,,,,
,COL00039,,,,,,,,,DHARMA,CC0,COL00039,,,,,,,,,,,
,COL00040,,,,,,,,,DHARMA,CC0,COL00040,,,,,,,,,,,
,COL00041,,,,,,,,,DHARMA,CC0,COL00041,,,,,,,,,,,
,COL00042,,,,,,,,,DHARMA,CC0,COL00042,,,,,,,,,,,
,COL00043,,,,,,,,,DHARMA,CC0,COL00043,,,,,,,,,,,
,COL00044,,,,,,,,,DHARMA,CC0,COL00044,,,,,,,,,,,
,COL00045,,,,,,,,,DHARMA,CC0,COL00045,,,,,,,,,,,
,COL00046,,,,,,,,,DHARMA,CC0,COL00046,,,,,,,,,,,
,COL00047,,,,,,,,,DHARMA,CC0,COL00047,,,,,,,,,,,
,COL00048,,,,,,,,,DHARMA,CC0,COL00048,,,,,,,,,,,
,COL00049,,,,,,,,,DHARMA,CC0,COL00049,,,,,,,,,,,
,COL00050,,,,,,,,,DHARMA,CC0,COL00050,,,,,,,,,,,
,COL00051,,,,,,,,,DHARMA,CC0,COL00051,,,,,,,,,,,
,COL00052,,,,,,,,,DHARMA,CC0,COL00052,,,,,,,,,,,
,COL00053,,,,,,,,,DHARMA,CC0,COL00053,,,,,,,,,,,
,COL00054,,,,,,,,,DHARMA,CC0,COL00054,,,,,,,,,,,
,COL00055,,,,,,,,,DHARMA,CC0,COL00055,,,,,,,,,,,
,COL00056,,,,,,,,,DHARMA,CC0,COL00056,,,,,,,,,,,
,COL00057,,,,,,,,,DHARMA,CC0,COL00057,,,,,,,,,,,
,COL00058,,,,,,,,,DHARMA,CC0,COL00058,,,,,,,,,,,
,COL00059,,,,,,,,,DHARMA,CC0,COL00059,,,,,,,,,,,
,COL00060,,,,,,,,,DHARMA,CC0,COL00060,,,,,,,,,,,
,COL00061,,,,,,,,,DHARMA,CC0,COL00061,,,,,,,,,,,
,COL00062,,,,,,,,,DHARMA,CC0,COL00062,,,,,,,,,,,
,COL00063,,,,,,,,,DHARMA,CC0,COL00063,,,,,,,,,,,
,COL00064,,,,,,,,,DHARMA,CC0,COL00064,,,,,,,,,,,
,COL00065,,,,,,,,,DHARMA,CC0,COL00065,,,,,,,,,,,
,COL00066,,,,,,,,,DHARMA,CC0,COL00066,,,,,,,,,,,
,COL00067,,,,,,,,,DHARMA,CC0,COL00067,,,,,,,,,,,
,COL00068,,,,,,,,,DHARMA,CC0,COL00068,,,,,,,,,,,
,COL00069,,,,,,,,,DHARMA,CC0,COL00069,,,,,,,,,,,
,COL00070,,,,,,,,,DHARMA,CC0,COL00070,,,,,,,,,,,
,COL00071,,,,,,,,,DHARMA,CC0,COL00071,,,,,,,,,,,
,COL00072,,,,,,,,,DHARMA,CC0,COL00072,,,,,,,,,,,
,COL00073,,,,,,,,,DHARMA,CC0,COL00073,,,,,,,,,,,
,COL00074,,,,,,,,,DHARMA,CC0,COL00074,,,,,,,,,,,
,COL00075,,,,,,,,,DHARMA,CC0,COL00075,,,,,,,,,,,
,COL00076,,,,,,,,,DHARMA,CC0,COL00076,,,,,,,,,,,
,COL00077,,,,,,,,,DHARMA,CC0,COL00077,,,,,,,,,,,
,COL00078,,,,,,,,,DHARMA,CC0,COL00078,,,,,,,,,,,
,COL00079,,,,,,,,,DHARMA,CC0,COL00079,,,,,,,,,,,
,COL00080,,,,,,,,,DHARMA,CC0,COL00080,,,,,,,,,,,
,COL00081,,,,,,,,,DHARMA,CC0,COL00081,,,,,,,,,,,
,COL00082,,,,,,,,,DHARMA,CC0,COL00082,,,,,,,,,,,
,COL00083,,,,,,,,,DHARMA,CC0,COL00083,,,,,,,,,,,
,COL00084,,,,,,,,,DHARMA,CC0,COL00084,,,,,,,,,,,
,COL00085,,,,,,,,,DHARMA,CC0,COL00085,,,,,,,,,,,
,COL00086,,,,,,,,,DHARMA,CC0,COL00086,,,,,,,,,,,
,COL00087,,,,,,,,,DHARMA,CC0,COL00087,,,,,,,,,,,
,COL00088,,,,,,,,,DHARMA,CC0,COL00088,,,,,,,,,,,
,COL00089,,,,,,,,,DHARMA,CC0,COL00089,,,,,,,,,,,
,COL00090,,,,,,,,,DHARMA,CC0,COL00090,,,,,,,,,,,
,COL00091,,,,,,,,,DHARMA,CC0,COL00091,,,,,,,,,,,
,COL00092,,,,,,,,,DHARMA,CC0,COL00092,,,,,,,,,,,
,COL00093,,,,,,,,,DHARMA,CC0,COL00093,,,,,,,,,,,
,COL00094,,,,,,,,,DHARMA,CC0,COL00094,,,,,,,,,,,
,COL00095,,,,,,,,,DHARMA,CC0,COL00095,,,,,,,,,,,
,COL00096,,,,,,,,,DHARMA,CC0,COL00096,,,,,,,,,,,
,COL00097,,,,,,,,,DHARMA,CC0,COL00097,,,,,,,,,,,
,COL00098,,,,,,,,,DHARMA,CC0,COL00098,,,,,,,,,,,
,COL00099,,,,,,,,,DHARMA,CC0,COL00099,,,,,,,,,,,
,COL00100,,,,,,,,,DHARMA,CC0,COL00100,,,,,,,,,,,
,COL00101,,,,,,,,,DHARMA,CC0,COL00101,,,,,,,,,,,
,COL00102,,,,,,,,,DHARMA,CC0,COL00102,,,,,,,,,,,
,COL00103,,,,,,,,,DHARMA,CC0,COL00103,,,,,,,,,,,
,COL00104,,,,,,,,,DHARMA,CC0,COL00104,,,,,,,,,,,
,COL00105,,,,,,,,,DHARMA,CC0,COL00105,,,,,,,,,,,
,COL00106,,,,,,,,,DHARMA,CC0,COL00106,,,,,,,,,,,
,COL00107,,,,,,,,,DHARMA,CC0,COL00107,,,,,,,,,,,
,COL00108,,,,,,,,,DHARMA,CC0,COL00108,,,,,,,,,,,
,COL00109,,,,,,,,,DHARMA,CC0,COL00109,,,,,,,,,,,
,COL00110,,,,,,,,,DHARMA,CC0,COL00110,,,,,,,,,,,
,COL00111,,,,,,,,,DHARMA,CC0,COL00111,,,,,,,,,,,
,COL00112,,,,,,,,,DHARMA,CC0,COL00112,,,,,,,,,,,
,COL00113,,,,,,,,,DHARMA,CC0,COL00113,,,,,,,,,,,
,COL00114,,,,,,,,,DHARMA,CC0,COL00114,,,,,,,,,,,
,COL00115,,,,,,,,,DHARMA,CC0,COL00115,,,,,,,,,,,
,COL00116,,,,,,,,,DHARMA,CC0,COL00116,,,,,,,,,,,
,COL00117,,,,,,,,,DHARMA,CC0,COL00117,,,,,,,,,,,
,COL00118,,,,,,,,,DHARMA,CC0,COL00118,,,,,,,,,,,
,COL00119,,,,,,,,,DHARMA,CC0,COL00119,,,,,,,,,,,
,COL00120,,,,,,,,,DHARMA,CC0,COL00120,,,,,,,,,,,
,COL00121,,,,,,,,,DHARMA,CC0,COL00121,,,,,,,,,,,
,COL00122,,,,,,,,,DHARMA,CC0,COL00122,,,,,,,,,,,
,COL00123,,,,,,,,,DHARMA,CC0,COL00123,,,,,,,,,,,
,COL00124,,,,,,,,,DHARMA,CC0,COL00124,,,,,,,,,,,
,COL00125,,,,,,,,,DHARMA,CC0,COL00125,,,,,,,,,,,
,COL00126,,,,,,,,,DHARMA,CC0,COL00126,,,,,,,,,,,
,COL00127,,,,,,,,,DHARMA,CC0,COL00127,,,,,,,,,,,
,COL00128,,,,,,,,,DHARMA,CC0,COL00128,,,,,,,,,,,
,COL00129,,,,,,,,,DHARMA,CC0,COL00129,,,,,,,,,,,
,COL00130,,,,,,,,,DHARMA,CC0,COL00130,,,,,,,,,,,
,COL00131,,,,,,,,,DHARMA,CC0,COL00131,,,,,,,,,,,
,COL00132,,,,,,,,,DHARMA,CC0,COL00132,,,,,,,,,,,
,COL00133,,,,,,,,,DHARMA,CC0,COL00133,,,,,,,,,,,
,COL00134,,,,,,,,,DHARMA,CC0,COL00134,,,,,,,,,,,
,COL00135,,,,,,,,,DHARMA,CC0,COL00135,,,,,,,,,,,
,COL00136,,,,,,,,,DHARMA,CC0,COL00136,,,,,,,,,,,
,COL00137,,,,,,,,,DHARMA,CC0,COL00137,,,,,,,,,,,
,COL00138,,,,,,,,,DHARMA,CC0,COL00138,,,,,,,,,,,
,COL00139,,,,,,,,,DHARMA,CC0,COL00139,,,,,,,,,,,
,COL00140,,,,,,,,,DHARMA,CC0,COL00140,,,,,,,,,,,
,COL00141,,,,,,,,,DHARMA,CC0,COL00141,,,,,,,,,,,
,COL00142,,,,,,,,,DHARMA,CC0,COL00142,,,,,,,,,,,
,COL00143,,,,,,,,,DHARMA,CC0,COL00143,,,,,,,,,,,
,COL00144,,,,,,,,,DHARMA,CC0,COL00144,,,,,,,,,,,
,COL00145,,,,,,,,,DHARMA,CC0,COL00145,,,,,,,,,,,
,COL00146,,,,,,,,,DHARMA,CC0,COL00146,,,,,,,,,,,
,COL00147,,,,,,,,,DHARMA,CC0,COL00147,,,,,,,,,,,
,COL00148,,,,,,,,,DHARMA,CC0,COL00148,,,,,,,,,,,
,COL00149,,,,,,,,,DHARMA,CC0,COL00149,,,,,,,,,,,
,COL00150,,,,,,,,,DHARMA,CC0,COL00150,,,,,,,,,,,
,COL00151,,,,,,,,,DHARMA,CC0,COL00151,,,,,,,,,,,
,COL00152,,,,,,,,,DHARMA,CC0,COL00152,,,,,,,,,,,
,COL00153,,,,,,,,,DHARMA,CC0,COL00153,,,,,,,,,,,
,COL00154,,,,,,,,,DHARMA,CC0,COL00154,,,,,,,,,,,
,COL00155,,,,,,,,,DHARMA,CC0,COL00155,,,,,,,,,,,
,COL00156,,,,,,,,,DHARMA,CC0,COL00156,,,,,,,,,,,
,COL00157,,,,,,,,,DHARMA,CC0,COL00157,,,,,,,,,,,
,COL00158,,,,,,,,,DHARMA,CC0,COL00158,,,,,,,,,,,
,COL00159,,,,,,,,,DHARMA,CC0,COL00159,,,,,,,,,,,
,COL00160,,,,,,,,,DHARMA,CC0,COL00160,,,,,,,,,,,
,COL00161,,,,,,,,,DHARMA,CC0,COL00161,,,,,,,,,,,
,COL00162,,,,,,,,,DHARMA,CC0,COL00162,,,,,,,,,,,
,COL00163,,,,,,,,,DHARMA,CC0,COL00163,,,,,,,,,,,
,COL00164,,,,,,,,,DHARMA,CC0,COL00164,,,,,,,,,,,
,COL00165,,,,,,,,,DHARMA,CC0,COL00165,,,,,,,,,,,
,COL00166,,,,,,,,,DHARMA,CC0,COL00166,,,,,,,,,,,
,COL00167,,,,,,,,,DHARMA,CC0,COL00167,,,,,,,,,,,
,COL00168,,,,,,,,,DHARMA,CC0,COL00168,,,,,,,,,,,
,COL00169,,,,,,,,,DHARMA,CC0,COL00169,,,,,,,,,,,
,COL00170,,,,,,,,,DHARMA,CC0,COL00170,,,,,,,,,,,
,COL00171,,,,,,,,,DHARMA,CC0,COL00171,,,,,,,,,,,
,COL00172,,,,,,,,,DHARMA,CC0,COL00172,,,,,,,,,,,
,COL00173,,,,,,,,,DHARMA,CC0,COL00173,,,,,,,,,,,
,COL00174,,,,,,,,,DHARMA,CC0,COL00174,,,,,,,,,,,
,COL00175,,,,,,,,,DHARMA,CC0,COL00175,,,,,,,,,,,
,COL00176,,,,,,,,,DHARMA,CC0,COL00176,,,,,,,,,,,
,COL00177,,,,,,,,,DHARMA,CC0,COL00177,,,,,,,,,,,
,COL00178,,,,,,,,,DHARMA,CC0,COL00178,,,,,,,,,,,
,COL00179,,,,,,,,,DHARMA,CC0,COL00179,,,,,,,,,,,
,COL00180,,,,,,,,,DHARMA,CC0,COL00180,,,,,,,,,,,
,COL00181,,,,,,,,,DHARMA,CC0,COL00181,,,,,,,,,,,
,COL00182,,,,,,,,,DHARMA,CC0,COL00182,,,,,,,,,,,
,COL00183,,,,,,,,,DHARMA,CC0,COL00183,,,,,,,,,,,
,COL00184,,,,,,,,,DHARMA,CC0,COL00184,,,,,,,,,,,
,COL00185,,,,,,,,,DHARMA,CC0,COL00185,,,,,,,,,,,
,COL00186,,,,,,,,,DHARMA,CC0,COL00186,,,,,,,,,,,
,COL00187,,,,,,,,,DHARMA,CC0,COL00187,,,,,,,,,,,
,COL00188,,,,,,,,,DHARMA,CC0,COL00188,,,,,,,,,,,
,COL00189,,,,,,,,,DHARMA,CC0,COL00189,,,,,,,,,,,
,COL00190,,,,,,,,,DHARMA,CC0,COL00190,,,,,,,,,,,
,COL00191,,,,,,,,,DHARMA,CC0,COL00191,,,,,,,,,,,
,COL00192,,,,,,,,,DHARMA,CC0,COL00192,,,,,,,,,,,
,COL00193,,,,,,,,,DHARMA,CC0,COL00193,,,,,,,,,,,
,COL00194,,,,,,,,,DHARMA,CC0,COL00194,,,,,,,,,,,
,COL00195,,,,,,,,,DHARMA,CC0,COL00195,,,,,,,,,,,
,COL00196,,,,,,,,,DHARMA,CC0,COL00196,,,,,,,,,,,
,COL00197,,,,,,,,,DHARMA,CC0,COL00197,,,,,,,,,,,
,COL00198,,,,,,,,,DHARMA,CC0,COL00198,,,,,,,,,,,
,COL00199,,,,,,,,,DHARMA,CC0,COL00199,,,,,,,,,,,
,COL00200,,,,,,,,,DHARMA,CC0,COL00200,,,,,,,,,,,
,COL00201,,,,,,,,,DHARMA,CC0,COL00201,,,,,,,,,,,
,COL00202,,,,,,,,,DHARMA,CC0,COL00202,,,,,,,,,,,
,COL00203,,,,,,,,,DHARMA,CC0,COL00203,,,,,,,,,,,
,COL00204,,,,,,,,,DHARMA,CC0,COL00204,,,,,,,,,,,
,COL00205,,,,,,,,,DHARMA,CC0,COL00205,,,,,,,,,,,
,COL00206,,,,,,,,,DHARMA,CC0,COL00206,,,,,,,,,,,
,COL00207,,,,,,,,,DHARMA,CC0,COL00207,,,,,,,,,,,
,COL00208,,,,,,,,,DHARMA,CC0,COL00208,,,,,,,,,,,
,COL00209,,,,,,,,,DHARMA,CC0,COL00209,,,,,,,,,,,
,COL00210,,,,,,,,,DHARMA,CC0,COL00210,,,,,,,,,,,
,COL00211,,,,,,,,,DHARMA,CC0,COL00211,,,,,,,,,,,
,COL00212,,,,,,,,,DHARMA,CC0,COL00212,,,,,,,,,,,
,COL00213,,,,,,,,,DHARMA,CC0,COL00213,,,,,,,,,,,
,COL00214,,,,,,,,,DHARMA,CC0,COL00214,,,,,,,,,,,
,COL00215,,,,,,,,,DHARMA,CC0,COL00215,,,,,,,,,,,
,COL00216,,,,,,,,,DHARMA,CC0,COL00216,,,,,,,,,,,
,COL00217,,,,,,,,,DHARMA,CC0,COL00217,,,,,,,,,,,
,COL00218,,,,,,,,,DHARMA,CC0,COL00218,,,,,,,,,,,
,COL00219,,,,,,,,,DHARMA,CC0,COL00219,,,,,,,,,,,
,COL00220,,,,,,,,,DHARMA,CC0,COL00220,,,,,,,,,,,
,COL00221,,,,,,,,,DHARMA,CC0,COL00221,,,,,,,,,,,
,COL00222,,,,,,,,,DHARMA,CC0,COL00222,,,,,,,,,,,
,COL00223,,,,,,,,,DHARMA,CC0,COL00223,,,,,,,,,,,
,COL00224,,,,,,,,,DHARMA,CC0,COL00224,,,,,,,,,,,
,COL00225,,,,,,,,,DHARMA,CC0,COL00225,,,,,,,,,,,
,COL00226,,,,,,,,,DHARMA,CC0,COL00226,,,,,,,,,,,
,COL00227,,,,,,,,,DHARMA,CC0,COL00227,,,,,,,,,,,
,COL00228,,,,,,,,,DHARMA,CC0,COL00228,,,,,,,,,,,
,COL00229,,,,,,,,,DHARMA,CC0,COL00229,,,,,,,,,,,
,COL00230,,,,,,,,,DHARMA,CC0,COL00230,,,,,,,,,,,
,COL00231,,,,,,,,,DHARMA,CC0,COL00231,,,,,,,,,,,
,COL00232,,,,,,,,,DHARMA,CC0,COL00232,,,,,,,,,,,
,COL00233,,,,,,,,,DHARMA,CC0,COL00233,,,,,,,,,,,
,COL00234,,,,,,,,,DHARMA,CC0,COL00234,,,,,,,,,,,
,COL00235,,,,,,,,,DHARMA,CC0,COL00235,,,,,,,,,,,
,COL00236,,,,,,,,,DHARMA,CC0,COL00236,,,,,,,,,,,
,COL00237,,,,,,,,,DHARMA,CC0,COL00237,,,,,,,,,,,
,COL00238,,,,,,,,,DHARMA,CC0,COL00238,,,,,,,,,,,
,COL00239,,,,,,,,,DHARMA,CC0,COL00239,,,,,,,,,,,
,COL00240,,,,,,,,,DHARMA,CC0,COL00240,,,,,,,,,,,
,COL00241,,,,,,,,,DHARMA,CC0,COL00241,,,,,,,,,,,
,COL00242,,,,,,,,,DHARMA,CC0,COL00242,,,,,,,,,,,
,COL00243,,,,,,,,,DHARMA,CC0,COL00243,,,,,,,,,,,
,COL00244,,,,,,,,,DHARMA,CC0,COL00244,,,,,,,,,,,
,COL00245,,,,,,,,,DHARMA,CC0,COL00245,,,,,,,,,,,
,COL00246,,,,,,,,,DHARMA,CC0,COL00246,,,,,,,,,,,
,COL00247,,,,,,,,,DHARMA,CC0,COL00247,,,,,,,,,,,
,COL00248,,,,,,,,,DHARMA,CC0,COL00248,,,,,,,,,,,
,COL00249,,,,,,,,,DHARMA,CC0,COL00249,,,,,,,,,,,
,COL00250,,,,,,,,,DHARMA,CC0,COL00250,,,,,,,,,,,
,COL00251,,,,,,,,,DHARMA,CC0,COL00251,,,,,,,,,,,
,COL00252,,,,,,,,,DHARMA,CC0,COL00252,,,,,,,,,,,
,COL00253,,,,,,,,,DHARMA,CC0,COL00253,,,,,,,,,,,
,COL00254,,,,,,,,,DHARMA,CC0,COL00254,,,,,,,,,,,
,COL00255,,,,,,,,,DHARMA,CC0,COL00255,,,,,,,,,,,
,COL00256,,,,,,,,,DHARMA,CC0,COL00256,,,,,,,,,,,
,COL00257,,,,,,,,,DHARMA,CC0,COL00257,,,,,,,,,,,
,COL00258,,,,,,,,,DHARMA,CC0,COL00258,,,,,,,,,,,
,COL00259,,,,,,,,,DHARMA,CC0,COL00259,,,,,,,,,,,
,COL00260,,,,,,,,,DHARMA,CC0,COL00260,,,,,,,,,,,
,COL00261,,,,,,,,,DHARMA,CC0,COL00261,,,,,,,,,,,
,COL00262,,,,,,,,,DHARMA,CC0,COL00262,,,,,,,,,,,
,COL00263,,,,,,,,,DHARMA,CC0,COL00263,,,,,,,,,,,
,COL00264,,,,,,,,,DHARMA,CC0,COL00264,,,,,,,,,,,
,COL00265,,,,,,,,,DHARMA,CC0,COL00265,,,,,,,,,,,
,COL00266,,,,,,,,,DHARMA,CC0,COL00266,,,,,,,,,,,
,COL00267,,,,,,,,,DHARMA,CC0,COL00267,,,,,,,,,,,
,COL00268,,,,,,,,,DHARMA,CC0,COL00268,,,,,,,,,,,
,COL00269,,,,,,,,,DHARMA,CC0,COL00269,,,,,,,,,,,
,COL00270,,,,,,,,,DHARMA,CC0,COL00270,,,,,,,,,,,
,COL00271,,,,,,,,,DHARMA,CC0,COL00271,,,,,,,,,,,
,COL00272,,,,,,,,,DHARMA,CC0,COL00272,,,,,,,,,,,
,COL00273,,,,,,,,,DHARMA,CC0,COL00273,,,,,,,,,,,
,COL00274,,,,,,,,,DHARMA,CC0,COL00274,,,,,,,,,,,
,COL00275,,,,,,,,,DHARMA,CC0,COL00275,,,,,,,,,,,
,COL00276,,,,,,,,,DHARMA,CC0,COL00276,,,,,,,,,,,
,COL00277,,,,,,,,,DHARMA,CC0,COL00277,,,,,,,,,,,
,COL00278,,,,,,,,,DHARMA,CC0,COL00278,,,,,,,,,,,
,COL00279,,,,,,,,,DHARMA,CC0,COL00279,,,,,,,,,,,
,COL00280,,,,,,,,,DHARMA,CC0,COL00280,,,,,,,,,,,
,COL00281,,,,,,,,,DHARMA,CC0,COL00281,,,,,,,,,,,
,COL00282,,,,,,,,,DHARMA,CC0,COL00282,,,,,,,,,,,
,COL00283,,,,,,,,,DHARMA,CC0,COL00283,,,,,,,,,,,
,COL00284,,,,,,,,,DHARMA,CC0,COL00284,,,,,,,,,,,
,COL00285,,,,,,,,,DHARMA,CC0,COL00285,,,,,,,,,,,
,COL00286,,,,,,,,,DHARMA,CC0,COL00286,,,,,,,,,,,
,COL00287,,,,,,,,,DHARMA,CC0,COL00287,,,,,,,,,,,
,COL00288,,,,,,,,,DHARMA,CC0,COL00288,,,,,,,,,,,
,COL00289,,,,,,,,,DHARMA,CC0,COL00289,,,,,,,,,,,
,COL00290,,,,,,,,,DHARMA,CC0,COL00290,,,,,,,,,,,
,COL00291,,,,,,,,,DHARMA,CC0,COL00291,,,,,,,,,,,
,COL00292,,,,,,,,,DHARMA,CC0,COL00292,,,,,,,,,,,
,COL00293,,,,,,,,,DHARMA,CC0,COL00293,,,,,,,,,,,
,COL00294,,,,,,,,,DHARMA,CC0,COL00294,,,,,,,,,,,
,COL00295,,,,,,,,,DHARMA,CC0,COL00295,,,,,,,,,,,
,COL00296,,,,,,,,,DHARMA,CC0,COL00296,,,,,,,,,,,
,COL00297,,,,,,,,,DHARMA,CC0,COL00297,,,,,,,,,,,
,COL00298,,,,,,,,,DHARMA,CC0,COL00298,,,,,,,,,,,
,COL00299,,,,,,,,,DHARMA,CC0,COL00299,,,,,,,,,,,
,COL00300,,,,,,,,,DHARMA,CC0,COL00300,,,,,,,,,,,
,COL00301,,,,,,,,,DHARMA,CC0,COL00301,,,,,,,,,,,
,COL00302,,,,,,,,,DHARMA,CC0,COL00302,,,,,,,,,,,
,COL00303,,,,,,,,,DHARMA,CC0,COL00303,,,,,,,,,,,
,COL00304,,,,,,,,,DHARMA,CC0,COL00304,,,,,,,,,,,
,COL00305,,,,,,,,,DHARMA,CC0,COL00305,,,,,,,,,,,
,COL00306,,,,,,,,,DHARMA,CC0,COL00306,,,,,,,,,,,
,COL00307,,,,,,,,,DHARMA,CC0,COL00307,,,,,,,,,,,
,COL00308,,,,,,,,,DHARMA,CC0,COL00308,,,,,,,,,,,
,COL00309,,,,,,,,,DHARMA,CC0,COL00309,,,,,,,,,,,
,COL00310,,,,,,,,,DHARMA,CC0,COL00310,,,,,,,,,,,
,COL00311,,,,,,,,,DHARMA,CC0,COL00311,,,,,,,,,,,
,COL00312,,,,,,,,,DHARMA,CC0,COL00312,,,,,,,,,,,
,COL00313,,,,,,,,,DHARMA,CC0,COL00313,,,,,,,,,,,
,COL00314,,,,,,,,,DHARMA,CC0,COL00314,,,,,,,,,,,
,COL00315,,,,,,,,,DHARMA,CC0,COL00315,,,,,,,,,,,
,COL00316,,,,,,,,,DHARMA,CC0,COL00316,,,,,,,,,,,
,COL00317,,,,,,,,,DHARMA,CC0,COL00317,,,,,,,,,,,
,COL00318,,,,,,,,,DHARMA,CC0,COL00318,,,,,,,,,,,
,COL00319,,,,,,,,,DHARMA,CC0,COL00319,,,,,,,,,,,
,COL00320,,,,,,,,,DHARMA,CC0,COL00320,,,,,,,,,,,
,COL00321,,,,,,,,,DHARMA,CC0,COL00321,,,,,,,,,,,
,COL00322,,,,,,,,,DHARMA,CC0,COL00322,,,,,,,,,,,
,COL00323,,,,,,,,,DHARMA,CC0,COL00323,,,,,,,,,,,
,COL00324,,,,,,,,,DHARMA,CC0,COL00324,,,,,,,,,,,
,COL00325,,,,,,,,,DHARMA,CC0,COL00325,,,,,,,,,,,
,COL00326,,,,,,,,,DHARMA,CC0,COL00326,,,,,,,,,,,
,COL00327,,,,,,,,,DHARMA,CC0,COL00327,,,,,,,,,,,
,COL00328,,,,,,,,,DHARMA,CC0,COL00328,,,,,,,,,,,
,COL00329,,,,,,,,,DHARMA,CC0,COL00329,,,,,,,,,,,
,COL00330,,,,,,,,,DHARMA,CC0,COL00330,,,,,,,,,,,
,COL00331,,,,,,,,,DHARMA,CC0,COL00331,,,,,,,,,,,
,COL00332,,,,,,,,,DHARMA,CC0,COL00332,,,,,,,,,,,
,COL00333,,,,,,,,,DHARMA,CC0,COL00333,,,,,,,,,,,
,COL00334,,,,,,,,,DHARMA,CC0,COL00334,,,,,,,,,,,
,COL00335,,,,,,,,,DHARMA,CC0,COL00335,,,,,,,,,,,
,COL00336,,,,,,,,,DHARMA,CC0,COL00336,,,,,,,,,,,
,COL00337,,,,,,,,,DHARMA,CC0,COL00337,,,,,,,,,,,
,COL00338,,,,,,,,,DHARMA,CC0,COL00338,,,,,,,,,,,
,COL00339,,,,,,,,,DHARMA,CC0,COL00339,,,,,,,,,,,
,COL00340,,,,,,,,,DHARMA,CC0,COL00340,,,,,,,,,,,
,COL00341,,,,,,,,,DHARMA,CC0,COL00341,,,,,,,,,,,
,COL00342,,,,,,,,,DHARMA,CC0,COL00342,,,,,,,,,,,
,COL00343,,,,,,,,,DHARMA,CC0,COL00343,,,,,,,,,,,
,COL00344,,,,,,,,,DHARMA,CC0,COL00344,,,,,,,,,,,
,COL00345,,,,,,,,,DHARMA,CC0,COL00345,,,,,,,,,,,
,COL00346,,,,,,,,,DHARMA,CC0,COL00346,,,,,,,,,,,
,COL00347,,,,,,,,,DHARMA,CC0,COL00347,,,,,,,,,,,
,COL00348,,,,,,,,,DHARMA,CC0,COL00348,,,,,,,,,,,
,COL00349,,,,,,,,,DHARMA,CC0,COL00349,,,,,,,,,,,
,COL00350,,,,,,,,,DHARMA,CC0,COL00350,,,,,,,,,,,
,COL00351,,,,,,,,,DHARMA,CC0,COL00351,,,,,,,,,,,
,COL00352,,,,,,,,,DHARMA,CC0,COL00352,,,,,,,,,,,
,COL00353,,,,,,,,,DHARMA,CC0,COL00353,,,,,,,,,,,
,COL00354,,,,,,,,,DHARMA,CC0,COL00354,,,,,,,,,,,
,COL00355,,,,,,,,,DHARMA,CC0,COL00355,,,,,,,,,,,
,COL00356,,,,,,,,,DHARMA,CC0,COL00356,,,,,,,,,,,
,COL00357,,,,,,,,,DHARMA,CC0,COL00357,,,,,,,,,,,
,COL00358,,,,,,,,,DHARMA,CC0,COL00358,,,,,,,,,,,
,COL00359,,,,,,,,,DHARMA,CC0,COL00359,,,,,,,,,,,
,COL00360,,,,,,,,,DHARMA,CC0,COL00360,,,,,,,,,,,
,COL00361,,,,,,,,,DHARMA,CC0,COL00361,,,,,,,,,,,
,COL00362,,,,,,,,,DHARMA,CC0,COL00362,,,,,,,,,,,
,COL00363,,,,,,,,,DHARMA,CC0,COL00363,,,,,,,,,,,
,COL00364,,,,,,,,,DHARMA,CC0,COL00364,,,,,,,,,,,
,COL00365,,,,,,,,,DHARMA,CC0,COL00365,,,,,,,,,,,
,COL00366,,,,,,,,,DHARMA,CC0,COL00366,,,,,,,,,,,
,COL00367,,,,,,,,,DHARMA,CC0,COL00367,,,,,,,,,,,
,COL00368,,,,,,,,,DHARMA,CC0,COL00368,,,,,,,,,,,
,COL00369,,,,,,,,,DHARMA,CC0,COL00369,,,,,,,,,,,
,COL00370,,,,,,,,,DHARMA,CC0,COL00370,,,,,,,,,,,
,COL00371,,,,,,,,,DHARMA,CC0,COL00371,,,,,,,,,,,
,COL00372,,,,,,,,,DHARMA,CC0,COL00372,,,,,,,,,,,
,COL00373,,,,,,,,,DHARMA,CC0,COL00373,,,,,,,,,,,
,COL00374,,,,,,,,,DHARMA,CC0,COL00374,,,,,,,,,,,
,COL00375,,,,,,,,,DHARMA,CC0,COL00375,,,,,,,,,,,
,COL00376,,,,,,,,,DHARMA,CC0,COL00376,,,,,,,,,,,
,COL00377,,,,,,,,,DHARMA,CC0,COL00377,,,,,,,,,,,
,COL00378,,,,,,,,,DHARMA,CC0,COL00378,,,,,,,,,,,
,COL00379,,,,,,,,,DHARMA,CC0,COL00379,,,,,,,,,,,
,COL00380,,,,,,,,,DHARMA,CC0,COL00380,,,,,,,,,,,
,COL00381,,,,,,,,,DHARMA,CC0,COL00381,,,,,,,,,,,
,COL00382,,,,,,,,,DHARMA,CC0,COL00382,,,,,,,,,,,
,COL00383,,,,,,,,,DHARMA,CC0,COL00383,,,,,,,,,,,
,COL00384,,,,,,,,,DHARMA,CC0,COL00384,,,,,,,,,,,
,COL00385,,,,,,,,,DHARMA,CC0,COL00385,,,,,,,,,,,
,COL00386,,,,,,,,,DHARMA,CC0,COL00386,,,,,,,,,,,
,COL00387,,,,,,,,,DHARMA,CC0,COL00387,,,,,,,,,,,
,COL00388,,,,,,,,,DHARMA,CC0,COL00388,,,,,,,,,,,
,COL00389,,,,,,,,,DHARMA,CC0,COL00389,,,,,,,,,,,
,COL00390,,,,,,,,,DHARMA,CC0,COL00390,,,,,,,,,,,
,COL00391,,,,,,,,,DHARMA,CC0,COL00391,,,,,,,,,,,
,COL00392,,,,,,,,,DHARMA,CC0,COL00392,,,,,,,,,,,
,COL00393,,,,,,,,,DHARMA,CC0,COL00393,,,,,,,,,,,
,COL00394,,,,,,,,,DHARMA,CC0,COL00394,,,,,,,,,,,
,COL00395,,,,,,,,,DHARMA,CC0,COL00395,,,,,,,,,,,
,COL00396,,,,,,,,,DHARMA,CC0,COL00396,,,,,,,,,,,
,COL00397,,,,,,,,,DHARMA,CC0,COL00397,,,,,,,,,,,
,COL00398,,,,,,,,,DHARMA,CC0,COL00398,,,,,,,,,,,
,COL00399,,,,,,,,,DHARMA,CC0,COL00399,,,,,,,,,,,
,COL00400,,,,,,,,,DHARMA,CC0,COL00400,,,,,,,,,,,
,COL00401,,,,,,,,,DHARMA,CC0,COL00401,,,,,,,,,,,
,COL00402,,,,,,,,,DHARMA,CC0,COL00402,,,,,,,,,,,
,COL00403,,,,,,,,,DHARMA,CC0,COL00403,,,,,,,,,,,
,COL00404,,,,,,,,,DHARMA,CC0,COL00404,,,,,,,,,,,
,COL00405,,,,,,,,,DHARMA,CC0,COL00405,,,,,,,,,,,
,COL00406,,,,,,,,,DHARMA,CC0,COL00406,,,,,,,,,,,
,COL00407,,,,,,,,,DHARMA,CC0,COL00407,,,,,,,,,,,
,COL00408,,,,,,,,,DHARMA,CC0,COL00408,,,,,,,,,,,
,COL00409,,,,,,,,,DHARMA,CC0,COL00409,,,,,,,,,,,
,COL00410,,,,,,,,,DHARMA,CC0,COL00410,,,,,,,,,,,
,COL00411,,,,,,,,,DHARMA,CC0,COL00411,,,,,,,,,,,
,COL00412,,,,,,,,,DHARMA,CC0,COL00412,,,,,,,,,,,
,COL00413,,,,,,,,,DHARMA,CC0,COL00413,,,,,,,,,,,
,COL00414,,,,,,,,,DHARMA,CC0,COL00414,,,,,,,,,,,
,COL00415,,,,,,,,,DHARMA,CC0,COL00415,,,,,,,,,,,
,COL00416,,,,,,,,,DHARMA,CC0,COL00416,,,,,,,,,,,
,COL00417,,,,,,,,,DHARMA,CC0,COL00417,,,,,,,,,,,
,COL00418,,,,,,,,,DHARMA,CC0,COL00418,,,,,,,,,,,
,COL00419,,,,,,,,,DHARMA,CC0,COL00419,,,,,,,,,,,
,COL00420,,,,,,,,,DHARMA,CC0,COL00420,,,,,,,,,,,
,COL00421,,,,,,,,,DHARMA,CC0,COL00421,,,,,,,,,,,
,COL00422,,,,,,,,,DHARMA,CC0,COL00422,,,,,,,,,,,
,COL00423,,,,,,,,,DHARMA,CC0,COL00423,,,,,,,,,,,
,COL00424,,,,,,,,,DHARMA,CC0,COL00424,,,,,,,,,,,
,COL00425,,,,,,,,,DHARMA,CC0,COL00425,,,,,,,,,,,
,COL00426,,,,,,,,,DHARMA,CC0,COL00426,,,,,,,,,,,
,COL00427,,,,,,,,,DHARMA,CC0,COL00427,,,,,,,,,,,
,COL00428,,,,,,,,,DHARMA,CC0,COL00428,,,,,,,,,,,
,COL00429,,,,,,,,,DHARMA,CC0,COL00429,,,,,,,,,,,
,COL00430,,,,,,,,,DHARMA,CC0,COL00430,,,,,,,,,,,
,COL00431,,,,,,,,,DHARMA,CC0,COL00431,,,,,,,,,,,
,COL00432,,,,,,,,,DHARMA,CC0,COL00432,,,,,,,,,,,
,COL00433,,,,,,,,,DHARMA,CC0,COL00433,,,,,,,,,,,
,COL00434,,,,,,,,,DHARMA,CC0,COL00434,,,,,,,,,,,
,COL00435,,,,,,,,,DHARMA,CC0,COL00435,,,,,,,,,,,
,COL00436,,,,,,,,,DHARMA,CC0,COL00436,,,,,,,,,,,
,COL00437,,,,,,,,,DHARMA,CC0,COL00437,,,,,,,,,,,
,COL00438,,,,,,,,,DHARMA,CC0,COL00438,,,,,,,,,,,
,COL00439,,,,,,,,,DHARMA,CC0,COL00439,,,,,,,,,,,
,COL00440,,,,,,,,,DHARMA,CC0,COL00440,,,,,,,,,,,
,COL00441,,,,,,,,,DHARMA,CC0,COL00441,,,,,,,,,,,
,COL00442,,,,,,,,,DHARMA,CC0,COL00442,,,,,,,,,,,
,COL00443,,,,,,,,,DHARMA,CC0,COL00443,,,,,,,,,,,
,COL00444,,,,,,,,,DHARMA,CC0,COL00444,,,,,,,,,,,
,COL00445,,,,,,,,,DHARMA,CC0,COL00445,,,,,,,,,,,
,COL00446,,,,,,,,,DHARMA,CC0,COL00446,,,,,,,,,,,
,COL00447,,,,,,,,,DHARMA,CC0,COL00447,,,,,,,,,,,
,COL00448,,,,,,,,,DHARMA,CC0,COL00448,,,,,,,,,,,
,COL00449,,,,,,,,,DHARMA,CC0,COL00449,,,,,,,,,,,
,COL00450,,,,,,,,,DHARMA,CC0,COL00450,,,,,,,,,,,
,COL00451,,,,,,,,,DHARMA,CC0,COL00451,,,,,,,,,,,
,COL00452,,,,,,,,,DHARMA,CC0,COL00452,,,,,,,,,,,
,COL00453,,,,,,,,,DHARMA,CC0,COL00453,,,,,,,,,,,
,COL00454,,,,,,,,,DHARMA,CC0,COL00454,,,,,,,,,,,
,COL00455,,,,,,,,,DHARMA,CC0,COL00455,,,,,,,,,,,
,COL00456,,,,,,,,,DHARMA,CC0,COL00456,,,,,,,,,,,
,COL00457,,,,,,,,,DHARMA,CC0,COL00457,,,,,,,,,,,
,COL00458,,,,,,,,,DHARMA,CC0,COL00458,,,,,,,,,,,
,COL00459,,,,,,,,,DHARMA,CC0,COL00459,,,,,,,,,,,
,COL00460,,,,,,,,,DHARMA,CC0,COL00460,,,,,,,,,,,
,COL00461,,,,,,,,,DHARMA,CC0,COL00461,,,,,,,,,,,
,COL00462,,,,,,,,,DHARMA,CC0,COL00462,,,,,,,,,,,
,COL00463,,,,,,,,,DHARMA,CC0,COL00463,,,,,,,,,,,
,COL00464,,,,,,,,,DHARMA,CC0,COL00464,,,,,,,,,,,
,COL00465,,,,,,,,,DHARMA,CC0,COL00465,,,,,,,,,,,
,COL00466,,,,,,,,,DHARMA,CC0,COL00466,,,,,,,,,,,
,COL00467,,,,,,,,,DHARMA,CC0,COL00467,,,,,,,,,,,
,COL00468,,,,,,,,,DHARMA,CC0,COL00468,,,,,,,,,,,
,COL00469,,,,,,,,,DHARMA,CC0,COL00469,,,,,,,,,,,
,COL00470,,,,,,,,,DHARMA,CC0,COL00470,,,,,,,,,,,
,COL00471,,,,,,,,,DHARMA,CC0,COL00471,,,,,,,,,,,
,COL00472,,,,,,,,,DHARMA,CC0,COL00472,,,,,,,,,,,
,COL00473,,,,,,,,,DHARMA,CC0,COL00473,,,,,,,,,,,
,COL00474,,,,,,,,,DHARMA,CC0,COL00474,,,,,,,,,,,
,COL00475,,,,,,,,,DHARMA,CC0,COL00475,,,,,,,,,,,
,COL00476,,,,,,,,,DHARMA,CC0,COL00476,,,,,,,,,,,
,COL00477,,,,,,,,,DHARMA,CC0,COL00477,,,,,,,,,,,
,COL00478,,,,,,,,,DHARMA,CC0,COL00478,,,,,,,,,,,
,COL00479,,,,,,,,,DHARMA,CC0,COL00479,,,,,,,,,,,
,COL00480,,,,,,,,,DHARMA,CC0,COL00480,,,,,,,,,,,
,COL00481,,,,,,,,,DHARMA,CC0,COL00481,,,,,,,,,,,
,COL00482,,,,,,,,,DHARMA,CC0,COL00482,,,,,,,,,,,
,COL00483,,,,,,,,,DHARMA,CC0,COL00483,,,,,,,,,,,
,COL00484,,,,,,,,,DHARMA,CC0,COL00484,,,,,,,,,,,
,COL00485,,,,,,,,,DHARMA,CC0,COL00485,,,,,,,,,,,
,COL00486,,,,,,,,,DHARMA,CC0,COL00486,,,,,,,,,,,
,COL00487,,,,,,,,,DHARMA,CC0,COL00487,,,,,,,,,,,
,COL00488,,,,,,,,,DHARMA,CC0,COL00488,,,,,,,,,,,
,COL00489,,,,,,,,,DHARMA,CC0,COL00489,,,,,,,,,,,
,COL00490,,,,,,,,,DHARMA,CC0,COL00490,,,,,,,,,,,
,COL00491,,,,,,,,,DHARMA,CC0,COL00491,,,,,,,,,,,
,COL00492,,,,,,,,,DHARMA,CC0,COL00492,,,,,,,,,,,
,COL00493,,,,,,,,,DHARMA,CC0,COL00493,,,,,,,,,,,
,COL00494,,,,,,,,,DHARMA,CC0,COL00494,,,,,,,,,,,
,COL00495,,,,,,,,,DHARMA,CC0,COL00495,,,,,,,,,,,
,COL00496,,,,,,,,,DHARMA,CC0,COL00496,,,,,,,,,,,
,COL00497,,,,,,,,,DHARMA,CC0,COL00497,,,,,,,,,,,
,COL00498,,,,,,,,,DHARMA,CC0,COL00498,,,,,,,,,,,
,COL00499,,,,,,,,,DHARMA,CC0,COL00499,,,,,,,,,,,
,COL00500,,,,,,,,,DHARMA,CC0,COL00500,,,,,,,,,,,
,COL00501,,,,,,,,,DHARMA,CC0,COL00501,,,,,,,,,,,
,COL00502,,,,,,,,,DHARMA,CC0,COL00502,,,,,,,,,,,
,COL00503,,,,,,,,,DHARMA,CC0,COL00503,,,,,,,,,,,
,COL00504,,,,,,,,,DHARMA,CC0,COL00504,,,,,,,,,,,
,COL00505,,,,,,,,,DHARMA,CC0,COL00505,,,,,,,,,,,
,COL00506,,,,,,,,,DHARMA,CC0,COL00506,,,,,,,,,,,
,COL00507,,,,,,,,,DHARMA,CC0,COL00507,,,,,,,,,,,
,COL00508,,,,,,,,,DHARMA,CC0,COL00508,,,,,,,,,,,
,COL00509,,,,,,,,,DHARMA,CC0,COL00509,,,,,,,,,,,
,COL00510,,,,,,,,,DHARMA,CC0,COL00510,,,,,,,,,,,
,COL00511,,,,,,,,,DHARMA,CC0,COL00511,,,,,,,,,,,
,COL00512,,,,,,,,,DHARMA,CC0,COL00512,,,,,,,,,,,
,COL00513,,,,,,,,,DHARMA,CC0,COL00513,,,,,,,,,,,
,COL00514,,,,,,,,,DHARMA,CC0,COL00514,,,,,,,,,,,
,COL00515,,,,,,,,,DHARMA,CC0,COL00515,,,,,,,,,,,
,COL00516,,,,,,,,,DHARMA,CC0,COL00516,,,,,,,,,,,
,COL00517,,,,,,,,,DHARMA,CC0,COL00517,,,,,,,,,,,
,COL00518,,,,,,,,,DHARMA,CC0,COL00518,,,,,,,,,,,
,COL00519,,,,,,,,,DHARMA,CC0,COL00519,,,,,,,,,,,
,COL00520,,,,,,,,,DHARMA,CC0,COL00520,,,,,,,,,,,
,COL00521,,,,,,,,,DHARMA,CC0,COL00521,,,,,,,,,,,
,COL00522,,,,,,,,,DHARMA,CC0,COL00522,,,,,,,,,,,
,COL00523,,,,,,,,,DHARMA,CC0,COL00523,,,,,,,,,,,
,COL00524,,,,,,,,,DHARMA,CC0,COL00524,,,,,,,,,,,
,COL00525,,,,,,,,,DHARMA,CC0,COL00525,,,,,,,,,,,
,COL00526,,,,,,,,,DHARMA,CC0,COL00526,,,,,,,,,,,
,COL00527,,,,,,,,,DHARMA,CC0,COL00527,,,,,,,,,,,
,COL00528,,,,,,,,,DHARMA,CC0,COL00528,,,,,,,,,,,
,COL00529,,,,,,,,,DHARMA,CC0,COL00529,,,,,,,,,,,
,COL00530,,,,,,,,,DHARMA,CC0,COL00530,,,,,,,,,,,
,COL00531,,,,,,,,,DHARMA,CC0,COL00531,,,,,,,,,,,
,COL00532,,,,,,,,,DHARMA,CC0,COL00532,,,,,,,,,,,
,COL00533,,,,,,,,,DHARMA,CC0,COL00533,,,,,,,,,,,
,COL00534,,,,,,,,,DHARMA,CC0,COL00534,,,,,,,,,,,
,COL00535,,,,,,,,,DHARMA,CC0,COL00535,,,,,,,,,,,
,COL00536,,,,,,,,,DHARMA,CC0,COL00536,,,,,,,,,,,
,COL00537,,,,,,,,,DHARMA,CC0,COL00537,,,,,,,,,,,
,COL00538,,,,,,,,,DHARMA,CC0,COL00538,,,,,,,,,,,
,COL00539,,,,,,,,,DHARMA,CC0,COL00539,,,,,,,,,,,
,COL00540,,,,,,,,,DHARMA,CC0,COL00540,,,,,,,,,,,
,COL00541,,,,,,,,,DHARMA,CC0,COL00541,,,,,,,,,,,
,COL00542,,,,,,,,,DHARMA,CC0,COL00542,,,,,,,,,,,
,COL00543,,,,,,,,,DHARMA,CC0,COL00543,,,,,,,,,,,
,COL00544,,,,,,,,,DHARMA,CC0,COL00544,,,,,,,,,,,
,COL00545,,,,,,,,,DHARMA,CC0,COL00545,,,,,,,,,,,
,COL00546,,,,,,,,,DHARMA,CC0,COL00546,,,,,,,,,,,
,COL00547,,,,,,,,,DHARMA,CC0,COL00547,,,,,,,,,,,
,COL00548,,,,,,,,,DHARMA,CC0,COL00548,,,,,,,,,,,
,COL00549,,,,,,,,,DHARMA,CC0,COL00549,,,,,,,,,,,
,COL00550,,,,,,,,,DHARMA,CC0,COL00550,,,,,,,,,,,
,COL00551,,,,,,,,,DHARMA,CC0,COL00551,,,,,,,,,,,
,COL00552,,,,,,,,,DHARMA,CC0,COL00552,,,,,,,,,,,
,COL00553,,,,,,,,,DHARMA,CC0,COL00553,,,,,,,,,,,
,COL00554,,,,,,,,,DHARMA,CC0,COL00554,,,,,,,,,,,
,COL00555,,,,,,,,,DHARMA,CC0,COL00555,,,,,,,,,,,
,COL00556,,,,,,,,,DHARMA,CC0,COL00556,,,,,,,,,,,
,COL00557,,,,,,,,,DHARMA,CC0,COL00557,,,,,,,,,,,
,COL00558,,,,,,,,,DHARMA,CC0,COL00558,,,,,,,,,,,
,COL00559,,,,,,,,,DHARMA,CC0,COL00559,,,,,,,,,,,
,COL00560,,,,,,,,,DHARMA,CC0,COL00560,,,,,,,,,,,
,COL00561,,,,,,,,,DHARMA,CC0,COL00561,,,,,,,,,,,
,COL00562,,,,,,,,,DHARMA,CC0,COL00562,,,,,,,,,,,
,COL00563,,,,,,,,,DHARMA,CC0,COL00563,,,,,,,,,,,
,COL00564,,,,,,,,,DHARMA,CC0,COL00564,,,,,,,,,,,
,COL00565,,,,,,,,,DHARMA,CC0,COL00565,,,,,,,,,,,
,COL00566,,,,,,,,,DHARMA,CC0,COL00566,,,,,,,,,,,
,COL00567,,,,,,,,,DHARMA,CC0,COL00567,,,,,,,,,,,
,COL00568,,,,,,,,,DHARMA,CC0,COL00568,,,,,,,,,,,
,COL00569,,,,,,,,,DHARMA,CC0,COL00569,,,,,,,,,,,
,COL00570,,,,,,,,,DHARMA,CC0,COL00570,,,,,,,,,,,
,COL00571,,,,,,,,,DHARMA,CC0,COL00571,,,,,,,,,,,
,COL00572,,,,,,,,,DHARMA,CC0,COL00572,,,,,,,,,,,
,COL00573,,,,,,,,,DHARMA,CC0,COL00573,,,,,,,,,,,
,COL00574,,,,,,,,,DHARMA,CC0,COL00574,,,,,,,,,,,
,COL00575,,,,,,,,,DHARMA,CC0,COL00575,,,,,,,,,,,
,COL00576,,,,,,,,,DHARMA,CC0,COL00576,,,,,,,,,,,
,COL00577,,,,,,,,,DHARMA,CC0,COL00577,,,,,,,,,,,
,COL00578,,,,,,,,,DHARMA,CC0,COL00578,,,,,,,,,,,
,COL00579,,,,,,,,,DHARMA,CC0,COL00579,,,,,,,,,,,
,COL00580,,,,,,,,,DHARMA,CC0,COL00580,,,,,,,,,,,
,COL00581,,,,,,,,,DHARMA,CC0,COL00581,,,,,,,,,,,
,COL00582,,,,,,,,,DHARMA,CC0,COL00582,,,,,,,,,,,
,COL00583,,,,,,,,,DHARMA,CC0,COL00583,,,,,,,,,,,
,COL00584,,,,,,,,,DHARMA,CC0,COL00584,,,,,,,,,,,
,COL00585,,,,,,,,,DHARMA,CC0,COL00585,,,,,,,,,,,
,COL00586,,,,,,,,,DHARMA,CC0,COL00586,,,,,,,,,,,
,COL00587,,,,,,,,,DHARMA,CC0,COL00587,,,,,,,,,,,
,COL00588,,,,,,,,,DHARMA,CC0,COL00588,,,,,,,,,,,
,COL00589,,,,,,,,,DHARMA,CC0,COL00589,,,,,,,,,,,
,COL00590,,,,,,,,,DHARMA,CC0,COL00590,,,,,,,,,,,
,COL00591,,,,,,,,,DHARMA,CC0,COL00591,,,,,,,,,,,
,COL00592,,,,,,,,,DHARMA,CC0,COL00592,,,,,,,,,,,
,COL00593,,,,,,,,,DHARMA,CC0,COL00593,,,,,,,,,,,
,COL00594,,,,,,,,,DHARMA,CC0,COL00594,,,,,,,,,,,
,COL00595,,,,,,,,,DHARMA,CC0,COL00595,,,,,,,,,,,
,COL00596,,,,,,,,,DHARMA,CC0,COL00596,,,,,,,,,,,
,COL00597,,,,,,,,,DHARMA,CC0,COL00597,,,,,,,,,,,
,COL00598,,,,,,,,,DHARMA,CC0,COL00598,,,,,,,,,,,
,COL00599,,,,,,,,,DHARMA,CC0,COL00599,,,,,,,,,,,
,COL00600,,,,,,,,,DHARMA,CC0,COL00600,,,,,,,,,,,
,COL00601,,,,,,,,,DHARMA,CC0,COL00601,,,,,,,,,,,
,COL00602,,,,,,,,,DHARMA,CC0,COL00602,,,,,,,,,,,
,COL00603,,,,,,,,,DHARMA,CC0,COL00603,,,,,,,,,,,
,COL00604,,,,,,,,,DHARMA,CC0,COL00604,,,,,,,,,,,
,COL00605,,,,,,,,,DHARMA,CC0,COL00605,,,,,,,,,,,
,COL00606,,,,,,,,,DHARMA,CC0,COL00606,,,,,,,,,,,
,COL00607,,,,,,,,,DHARMA,CC0,COL00607,,,,,,,,,,,
,COL00608,,,,,,,,,DHARMA,CC0,COL00608,,,,,,,,,,,
,COL00609,,,,,,,,,DHARMA,CC0,COL00609,,,,,,,,,,,
,COL00610,,,,,,,,,DHARMA,CC0,COL00610,,,,,,,,,,,
,COL00611,,,,,,,,,DHARMA,CC0,COL00611,,,,,,,,,,,
,COL00612,,,,,,,,,DHARMA,CC0,COL00612,,,,,,,,,,,
,COL00613,,,,,,,,,DHARMA,CC0,COL00613,,,,,,,,,,,
,COL00614,,,,,,,,,DHARMA,CC0,COL00614,,,,,,,,,,,
,COL00615,,,,,,,,,DHARMA,CC0,COL00615,,,,,,,,,,,
,COL00616,,,,,,,,,DHARMA,CC0,COL00616,,,,,,,,,,,
,COL00617,,,,,,,,,DHARMA,CC0,COL00617,,,,,,,,,,,
,COL00618,,,,,,,,,DHARMA,CC0,COL00618,,,,,,,,,,,
,COL00619,,,,,,,,,DHARMA,CC0,COL00619,,,,,,,,,,,
,COL00620,,,,,,,,,DHARMA,CC0,COL00620,,,,,,,,,,,
,COL00621,,,,,,,,,DHARMA,CC0,COL00621,,,,,,,,,,,
,COL00622,,,,,,,,,DHARMA,CC0,COL00622,,,,,,,,,,,
,COL00623,,,,,,,,,DHARMA,CC0,COL00623,,,,,,,,,,,
,COL00624,,,,,,,,,DHARMA,CC0,COL00624,,,,,,,,,,,
,COL00625,,,,,,,,,DHARMA,CC0,COL00625,,,,,,,,,,,
,COL00626,,,,,,,,,DHARMA,CC0,COL00626,,,,,,,,,,,
,COL00627,,,,,,,,,DHARMA,CC0,COL00627,,,,,,,,,,,
,COL00628,,,,,,,,,DHARMA,CC0,COL00628,,,,,,,,,,,
,COL00629,,,,,,,,,DHARMA,CC0,COL00629,,,,,,,,,,,
,COL00630,,,,,,,,,DHARMA,CC0,COL00630,,,,,,,,,,,
,COL00631,,,,,,,,,DHARMA,CC0,COL00631,,,,,,,,,,,
,COL00632,,,,,,,,,DHARMA,CC0,COL00632,,,,,,,,,,,
,COL00633,,,,,,,,,DHARMA,CC0,COL00633,,,,,,,,,,,
,COL00634,,,,,,,,,DHARMA,CC0,COL00634,,,,,,,,,,,
,COL00635,,,,,,,,,DHARMA,CC0,COL00635,,,,,,,,,,,
,COL00636,,,,,,,,,DHARMA,CC0,COL00636,,,,,,,,,,,
,COL00637,,,,,,,,,DHARMA,CC0,COL00637,,,,,,,,,,,
,COL00638,,,,,,,,,DHARMA,CC0,COL00638,,,,,,,,,,,
,COL00639,,,,,,,,,DHARMA,CC0,COL00639,,,,,,,,,,,
,COL00640,,,,,,,,,DHARMA,CC0,COL00640,,,,,,,,,,,
,COL00641,,,,,,,,,DHARMA,CC0,COL00641,,,,,,,,,,,
,COL00642,,,,,,,,,DHARMA,CC0,COL00642,,,,,,,,,,,
,COL00643,,,,,,,,,DHARMA,CC0,COL00643,,,,,,,,,,,
,COL00644,,,,,,,,,DHARMA,CC0,COL00644,,,,,,,,,,,
,COL00645,,,,,,,,,DHARMA,CC0,COL00645,,,,,,,,,,,
,COL00646,,,,,,,,,DHARMA,CC0,COL00646,,,,,,,,,,,
,COL00647,,,,,,,,,DHARMA,CC0,COL00647,,,,,,,,,,,
,COL00648,,,,,,,,,DHARMA,CC0,COL00648,,,,,,,,,,,
,COL00649,,,,,,,,,DHARMA,CC0,COL00649,,,,,,,,,,,
,COL00650,,,,,,,,,DHARMA,CC0,COL00650,,,,,,,,,,,
,COL00651,,,,,,,,,DHARMA,CC0,COL00651,,,,,,,,,,,
,COL00652,,,,,,,,,DHARMA,CC0,COL00652,,,,,,,,,,,
,COL00653,,,,,,,,,DHARMA,CC0,COL00653,,,,,,,,,,,
,COL00654,,,,,,,,,DHARMA,CC0,COL00654,,,,,,,,,,,
,COL00655,,,,,,,,,DHARMA,CC0,COL00655,,,,,,,,,,,
,COL00656,,,,,,,,,DHARMA,CC0,COL00656,,,,,,,,,,,
,COL00657,,,,,,,,,DHARMA,CC0,COL00657,,,,,,,,,,,
,COL00658,,,,,,,,,DHARMA,CC0,COL00658,,,,,,,,,,,
,COL00659,,,,,,,,,DHARMA,CC0,COL00659,,,,,,,,,,,
,COL00660,,,,,,,,,DHARMA,CC0,COL00660,,,,,,,,,,,
,COL00661,,,,,,,,,DHARMA,CC0,COL00661,,,,,,,,,,,
,COL00662,,,,,,,,,DHARMA,CC0,COL00662,,,,,,,,,,,
,COL00663,,,,,,,,,DHARMA,CC0,COL00663,,,,,,,,,,,
,COL00664,,,,,,,,,DHARMA,CC0,COL00664,,,,,,,,,,,
,COL00665,,,,,,,,,DHARMA,CC0,COL00665,,,,,,,,,,,
,COL00666,,,,,,,,,DHARMA,CC0,COL00666,,,,,,,,,,,
,COL00667,,,,,,,,,DHARMA,CC0,COL00667,,,,,,,,,,,
,COL00668,,,,,,,,,DHARMA,CC0,COL00668,,,,,,,,,,,
,COL00669,,,,,,,,,DHARMA,CC0,COL00669,,,,,,,,,,,
,COL00670,,,,,,,,,DHARMA,CC0,COL00670,,,,,,,,,,,
,COL00671,,,,,,,,,DHARMA,CC0,COL00671,,,,,,,,,,,
,COL00672,,,,,,,,,DHARMA,CC0,COL00672,,,,,,,,,,,
,COL00673,,,,,,,,,DHARMA,CC0,COL00673,,,,,,,,,,,
,COL00674,,,,,,,,,DHARMA,CC0,COL00674,,,,,,,,,,,
,COL00675,,,,,,,,,DHARMA,CC0,COL00675,,,,,,,,,,,
,COL00676,,,,,,,,,DHARMA,CC0,COL00676,,,,,,,,,,,
,COL00677,,,,,,,,,DHARMA,CC0,COL00677,,,,,,,,,,,
,COL00678,,,,,,,,,DHARMA,CC0,COL00678,,,,,,,,,,,
,COL00679,,,,,,,,,DHARMA,CC0,COL00679,,,,,,,,,,,
,COL00680,,,,,,,,,DHARMA,CC0,COL00680,,,,,,,,,,,
,COL00681,,,,,,,,,DHARMA,CC0,COL00681,,,,,,,,,,,
,COL00682,,,,,,,,,DHARMA,CC0,COL00682,,,,,,,,,,,
,COL00683,,,,,,,,,DHARMA,CC0,COL00683,,,,,,,,,,,
,COL00684,,,,,,,,,DHARMA,CC0,COL00684,,,,,,,,,,,
,COL00685,,,,,,,,,DHARMA,CC0,COL00685,,,,,,,,,,,
,COL00686,,,,,,,,,DHARMA,CC0,COL00686,,,,,,,,,,,
,COL00687,,,,,,,,,DHARMA,CC0,COL00687,,,,,,,,,,,
,COL00688,,,,,,,,,DHARMA,CC0,COL00688,,,,,,,,,,,
,COL00689,,,,,,,,,DHARMA,CC0,COL00689,,,,,,,,,,,
,COL00690,,,,,,,,,DHARMA,CC0,COL00690,,,,,,,,,,,
,COL00691,,,,,,,,,DHARMA,CC0,COL00691,,,,,,,,,,,
,COL00692,,,,,,,,,DHARMA,CC0,COL00692,,,,,,,,,,,
,COL00693,,,,,,,,,DHARMA,CC0,COL00693,,,,,,,,,,,
,COL00694,,,,,,,,,DHARMA,CC0,COL00694,,,,,,,,,,,
,COL00695,,,,,,,,,DHARMA,CC0,COL00695,,,,,,,,,,,
,COL00696,,,,,,,,,DHARMA,CC0,COL00696,,,,,,,,,,,
,COL00697,,,,,,,,,DHARMA,CC0,COL00697,,,,,,,,,,,
,COL00698,,,,,,,,,DHARMA,CC0,COL00698,,,,,,,,,,,
,COL00699,,,,,,,,,DHARMA,CC0,COL00699,,,,,,,,,,,
,COL00700,,,,,,,,,DHARMA,CC0,COL00700,,,,,,,,,,,
,COL00701,,,,,,,,,DHARMA,CC0,COL00701,,,,,,,,,,,
,COL00702,,,,,,,,,DHARMA,CC0,COL00702,,,,,,,,,,,
,COL00703,,,,,,,,,DHARMA,CC0,COL00703,,,,,,,,,,,
,COL00704,,,,,,,,,DHARMA,CC0,COL00704,,,,,,,,,,,
,COL00705,,,,,,,,,DHARMA,CC0,COL00705,,,,,,,,,,,
,COL00706,,,,,,,,,DHARMA,CC0,COL00706,,,,,,,,,,,
,COL00707,,,,,,,,,DHARMA,CC0,COL00707,,,,,,,,,,,
,COL00708,,,,,,,,,DHARMA,CC0,COL00708,,,,,,,,,,,
,COL00709,,,,,,,,,DHARMA,CC0,COL00709,,,,,,,,,,,
,COL00710,,,,,,,,,DHARMA,CC0,COL00710,,,,,,,,,,,
,COL00711,,,,,,,,,DHARMA,CC0,COL00711,,,,,,,,,,,
,COL00712,,,,,,,,,DHARMA,CC0,COL00712,,,,,,,,,,,
,COL00713,,,,,,,,,DHARMA,CC0,COL00713,,,,,,,,,,,
,COL00714,,,,,,,,,DHARMA,CC0,COL00714,,,,,,,,,,,
,COL00715,,,,,,,,,DHARMA,CC0,COL00715,,,,,,,,,,,
,COL00716,,,,,,,,,DHARMA,CC0,COL00716,,,,,,,,,,,
,COL00717,,,,,,,,,DHARMA,CC0,COL00717,,,,,,,,,,,
,COL00718,,,,,,,,,DHARMA,CC0,COL00718,,,,,,,,,,,
,COL00719,,,,,,,,,DHARMA,CC0,COL00719,,,,,,,,,,,
,COL00720,,,,,,,,,DHARMA,CC0,COL00720,,,,,,,,,,,
,COL00721,,,,,,,,,DHARMA,CC0,COL00721,,,,,,,,,,,
,COL00722,,,,,,,,,DHARMA,CC0,COL00722,,,,,,,,,,,
,COL00723,,,,,,,,,DHARMA,CC0,COL00723,,,,,,,,,,,
,COL00724,,,,,,,,,DHARMA,CC0,COL00724,,,,,,,,,,,
,COL00725,,,,,,,,,DHARMA,CC0,COL00725,,,,,,,,,,,
,COL00726,,,,,,,,,DHARMA,CC0,COL00726,,,,,,,,,,,
,COL00727,,,,,,,,,DHARMA,CC0,COL00727,,,,,,,,,,,
,COL00728,,,,,,,,,DHARMA,CC0,COL00728,,,,,,,,,,,
,COL00729,,,,,,,,,DHARMA,CC0,COL00729,,,,,,,,,,,
,COL00730,,,,,,,,,DHARMA,CC0,COL00730,,,,,,,,,,,
,COL00731,,,,,,,,,DHARMA,CC0,COL00731,,,,,,,,,,,
,COL00732,,,,,,,,,DHARMA,CC0,COL00732,,,,,,,,,,,
,COL00733,,,,,,,,,DHARMA,CC0,COL00733,,,,,,,,,,,
,COL00734,,,,,,,,,DHARMA,CC0,COL00734,,,,,,,,,,,
,COL00735,,,,,,,,,DHARMA,CC0,COL00735,,,,,,,,,,,
,COL00736,,,,,,,,,DHARMA,CC0,COL00736,,,,,,,,,,,
,COL00737,,,,,,,,,DHARMA,CC0,COL00737,,,,,,,,,,,
,COL00738,,,,,,,,,DHARMA,CC0,COL00738,,,,,,,,,,,
,COL00739,,,,,,,,,DHARMA,CC0,COL00739,,,,,,,,,,,
,COL00740,,,,,,,,,DHARMA,CC0,COL00740,,,,,,,,,,,
,COL00741,,,,,,,,,DHARMA,CC0,COL00741,,,,,,,,,,,
,COL00742,,,,,,,,,DHARMA,CC0,COL00742,,,,,,,,,,,
,COL00743,,,,,,,,,DHARMA,CC0,COL00743,,,,,,,,,,,
,COL00744,,,,,,,,,DHARMA,CC0,COL00744,,,,,,,,,,,
,COL00745,,,,,,,,,DHARMA,CC0,COL00745,,,,,,,,,,,
,COL00746,,,,,,,,,DHARMA,CC0,COL00746,,,,,,,,,,,
,COL00747,,,,,,,,,DHARMA,CC0,COL00747,,,,,,,,,,,
,COL00748,,,,,,,,,DHARMA,CC0,COL00748,,,,,,,,,,,
,COL00749,,,,,,,,,DHARMA,CC0,COL00749,,,,,,,,,,,
,COL00750,,,,,,,,,DHARMA,CC0,COL00750,,,,,,,,,,,
,COL00751,,,,,,,,,DHARMA,CC0,COL00751,,,,,,,,,,,
,COL00752,,,,,,,,,DHARMA,CC0,COL00752,,,,,,,,,,,
,COL00753,,,,,,,,,DHARMA,CC0,COL00753,,,,,,,,,,,
,COL00754,,,,,,,,,DHARMA,CC0,COL00754,,,,,,,,,,,
,COL00755,,,,,,,,,DHARMA,CC0,COL00755,,,,,,,,,,,
,COL00756,,,,,,,,,DHARMA,CC0,COL00756,,,,,,,,,,,
,COL00757,,,,,,,,,DHARMA,CC0,COL00757,,,,,,,,,,,
,COL00758,,,,,,,,,DHARMA,CC0,COL00758,,,,,,,,,,,
,COL00759,,,,,,,,,DHARMA,CC0,COL00759,,,,,,,,,,,
,COL00760,,,,,,,,,DHARMA,CC0,COL00760,,,,,,,,,,,
,COL00761,,,,,,,,,DHARMA,CC0,COL00761,,,,,,,,,,,
,COL00762,,,,,,,,,DHARMA,CC0,COL00762,,,,,,,,,,,
,COL00763,,,,,,,,,DHARMA,CC0,COL00763,,,,,,,,,,,
,COL00764,,,,,,,,,DHARMA,CC0,COL00764,,,,,,,,,,,
,COL00765,,,,,,,,,DHARMA,CC0,COL00765,,,,,,,,,,,
,COL00766,,,,,,,,,DHARMA,CC0,COL00766,,,,,,,,,,,
,COL00767,,,,,,,,,DHARMA,CC0,COL00767,,,,,,,,,,,
,COL00768,,,,,,,,,DHARMA,CC0,COL00768,,,,,,,,,,,
,COL00769,,,,,,,,,DHARMA,CC0,COL00769,,,,,,,,,,,
,COL00770,,,,,,,,,DHARMA,CC0,COL00770,,,,,,,,,,,
,COL00771,,,,,,,,,DHARMA,CC0,COL00771,,,,,,,,,,,
,COL00772,,,,,,,,,DHARMA,CC0,COL00772,,,,,,,,,,,
,COL00773,,,,,,,,,DHARMA,CC0,COL00773,,,,,,,,,,,
,COL00774,,,,,,,,,DHARMA,CC0,COL00774,,,,,,,,,,,
,COL00775,,,,,,,,,DHARMA,CC0,COL00775,,,,,,,,,,,
,COL00776,,,,,,,,,DHARMA,CC0,COL00776,,,,,,,,,,,
,COL00777,,,,,,,,,DHARMA,CC0,COL00777,,,,,,,,,,,
,COL00778,,,,,,,,,DHARMA,CC0,COL00778,,,,,,,,,,,
,COL00779,,,,,,,,,DHARMA,CC0,COL00779,,,,,,,,,,,
,COL00780,,,,,,,,,DHARMA,CC0,COL00780,,,,,,,,,,,
,COL00781,,,,,,,,,DHARMA,CC0,COL00781,,,,,,,,,,,
,COL00782,,,,,,,,,DHARMA,CC0,COL00782,,,,,,,,,,,
,COL00783,,,,,,,,,DHARMA,CC0,COL00783,,,,,,,,,,,
,COL00784,,,,,,,,,DHARMA,CC0,COL00784,,,,,,,,,,,
,COL00785,,,,,,,,,DHARMA,CC0,COL00785,,,,,,,,,,,
,COL00786,,,,,,,,,DHARMA,CC0,COL00786,,,,,,,,,,,
,COL00787,,,,,,,,,DHARMA,CC0,COL00787,,,,,,,,,,,
,COL00788,,,,,,,,,DHARMA,CC0,COL00788,,,,,,,,,,,
,COL00789,,,,,,,,,DHARMA,CC0,COL00789,,,,,,,,,,,
,COL00790,,,,,,,,,DHARMA,CC0,COL00790,,,,,,,,,,,
,COL00791,,,,,,,,,DHARMA,CC0,COL00791,,,,,,,,,,,
,COL00792,,,,,,,,,DHARMA,CC0,COL00792,,,,,,,,,,,
,COL00793,,,,,,,,,DHARMA,CC0,COL00793,,,,,,,,,,,
,COL00794,,,,,,,,,DHARMA,CC0,COL00794,,,,,,,,,,,
,COL00795,,,,,,,,,DHARMA,CC0,COL00795,,,,,,,,,,,
,COL00796,,,,,,,,,DHARMA,CC0,COL00796,,,,,,,,,,,
,COL00797,,,,,,,,,DHARMA,CC0,COL00797,,,,,,,,,,,
,COL00798,,,,,,,,,DHARMA,CC0,COL00798,,,,,,,,,,,
,COL00799,,,,,,,,,DHARMA,CC0,COL00799,,,,,,,,,,,
,COL00800,,,,,,,,,DHARMA,CC0,COL00800,,,,,,,,,,,
,COL00801,,,,,,,,,DHARMA,CC0,COL00801,,,,,,,,,,,
,COL00802,,,,,,,,,DHARMA,CC0,COL00802,,,,,,,,,,,
,COL00803,,,,,,,,,DHARMA,CC0,COL00803,,,,,,,,,,,
,COL00804,,,,,,,,,DHARMA,CC0,COL00804,,,,,,,,,,,
,COL00805,,,,,,,,,DHARMA,CC0,COL00805,,,,,,,,,,,
,COL00806,,,,,,,,,DHARMA,CC0,COL00806,,,,,,,,,,,
,COL00807,,,,,,,,,DHARMA,CC0,COL00807,,,,,,,,,,,
,COL00808,,,,,,,,,DHARMA,CC0,COL00808,,,,,,,,,,,
,COL00809,,,,,,,,,DHARMA,CC0,COL00809,,,,,,,,,,,
,COL00810,,,,,,,,,DHARMA,CC0,COL00810,,,,,,,,,,,
,COL00811,,,,,,,,,DHARMA,CC0,COL00811,,,,,,,,,,,
,COL00812,,,,,,,,,DHARMA,CC0,COL00812,,,,,,,,,,,
,COL00813,,,,,,,,,DHARMA,CC0,COL00813,,,,,,,,,,,
,COL00814,,,,,,,,,DHARMA,CC0,COL00814,,,,,,,,,,,
,COL00815,,,,,,,,,DHARMA,CC0,COL00815,,,,,,,,,,,
,COL00816,,,,,,,,,DHARMA,CC0,COL00816,,,,,,,,,,,
,COL00817,,,,,,,,,DHARMA,CC0,COL00817,,,,,,,,,,,
,COL00818,,,,,,,,,DHARMA,CC0,COL00818,,,,,,,,,,,
,COL00819,,,,,,,,,DHARMA,CC0,COL00819,,,,,,,,,,,
,COL00820,,,,,,,,,DHARMA,CC0,COL00820,,,,,,,,,,,
,COL00821,,,,,,,,,DHARMA,CC0,COL00821,,,,,,,,,,,
,COL00822,,,,,,,,,DHARMA,CC0,COL00822,,,,,,,,,,,
,COL00823,,,,,,,,,DHARMA,CC0,COL00823,,,,,,,,,,,
,COL00824,,,,,,,,,DHARMA,CC0,COL00824,,,,,,,,,,,
,COL00825,,,,,,,,,DHARMA,CC0,COL00825,,,,,,,,,,,
,COL00826,,,,,,,,,DHARMA,CC0,COL00826,,,,,,,,,,,
,COL00827,,,,,,,,,DHARMA,CC0,COL00827,,,,,,,,,,,
,COL00828,,,,,,,,,DHARMA,CC0,COL00828,,,,,,,,,,,
,COL00829,,,,,,,,,DHARMA,CC0,COL00829,,,,,,,,,,,
,COL00830,,,,,,,,,DHARMA,CC0,COL00830,,,,,,,,,,,
,COL00831,,,,,,,,,DHARMA,CC0,COL00831,,,,,,,,,,,
,COL00832,,,,,,,,,DHARMA,CC0,COL00832,,,,,,,,,,,
,COL00833,,,,,,,,,DHARMA,CC0,COL00833,,,,,,,,,,,
,COL00834,,,,,,,,,DHARMA,CC0,COL00834,,,,,,,,,,,
,COL00835,,,,,,,,,DHARMA,CC0,COL00835,,,,,,,,,,,
,COL00836,,,,,,,,,DHARMA,CC0,COL00836,,,,,,,,,,,
,COL00837,,,,,,,,,DHARMA,CC0,COL00837,,,,,,,,,,,
,COL00838,,,,,,,,,DHARMA,CC0,COL00838,,,,,,,,,,,
,COL00839,,,,,,,,,DHARMA,CC0,COL00839,,,,,,,,,,,
,COL00840,,,,,,,,,DHARMA,CC0,COL00840,,,,,,,,,,,
,COL00841,,,,,,,,,DHARMA,CC0,COL00841,,,,,,,,,,,
,COL00842,,,,,,,,,DHARMA,CC0,COL00842,,,,,,,,,,,
,COL00843,,,,,,,,,DHARMA,CC0,COL00843,,,,,,,,,,,
,COL00844,,,,,,,,,DHARMA,CC0,COL00844,,,,,,,,,,,
,COL00845,,,,,,,,,DHARMA,CC0,COL00845,,,,,,,,,,,
,COL00846,,,,,,,,,DHARMA,CC0,COL00846,,,,,,,,,,,
,COL00847,,,,,,,,,DHARMA,CC0,COL00847,,,,,,,,,,,
,COL00848,,,,,,,,,DHARMA,CC0,COL00848,,,,,,,,,,,
,COL00849,,,,,,,,,DHARMA,CC0,COL00849,,,,,,,,,,,
,COL00850,,,,,,,,,DHARMA,CC0,COL00850,,,,,,,,,,,
,COL00851,,,,,,,,,DHARMA,CC0,COL00851,,,,,,,,,,,
,COL00852,,,,,,,,,DHARMA,CC0,COL00852,,,,,,,,,,,
,COL00853,,,,,,,,,DHARMA,CC0,COL00853,,,,,,,,,,,
,COL00854,,,,,,,,,DHARMA,CC0,COL00854,,,,,,,,,,,
,COL00855,,,,,,,,,DHARMA,CC0,COL00855,,,,,,,,,,,
,COL00856,,,,,,,,,DHARMA,CC0,COL00856,,,,,,,,,,,
,COL00857,,,,,,,,,DHARMA,CC0,COL00857,,,,,,,,,,,
,COL00858,,,,,,,,,DHARMA,CC0,COL00858,,,,,,,,,,,
,COL00859,,,,,,,,,DHARMA,CC0,COL00859,,,,,,,,,,,
,COL00860,,,,,,,,,DHARMA,CC0,COL00860,,,,,,,,,,,
,COL00861,,,,,,,,,DHARMA,CC0,COL00861,,,,,,,,,,,
,COL00862,,,,,,,,,DHARMA,CC0,COL00862,,,,,,,,,,,
,COL00863,,,,,,,,,DHARMA,CC0,COL00863,,,,,,,,,,,
,COL00864,,,,,,,,,DHARMA,CC0,COL00864,,,,,,,,,,,
,COL00865,,,,,,,,,DHARMA,CC0,COL00865,,,,,,,,,,,
,COL00866,,,,,,,,,DHARMA,CC0,COL00866,,,,,,,,,,,
,COL00867,,,,,,,,,DHARMA,CC0,COL00867,,,,,,,,,,,
,COL00868,,,,,,,,,DHARMA,CC0,COL00868,,,,,,,,,,,
,COL00869,,,,,,,,,DHARMA,CC0,COL00869,,,,,,,,,,,
,COL00870,,,,,,,,,DHARMA,CC0,COL00870,,,,,,,,,,,
,COL00871,,,,,,,,,DHARMA,CC0,COL00871,,,,,,,,,,,
,COL00872,,,,,,,,,DHARMA,CC0,COL00872,,,,,,,,,,,
,COL00873,,,,,,,,,DHARMA,CC0,COL00873,,,,,,,,,,,
,COL00874,,,,,,,,,DHARMA,CC0,COL00874,,,,,,,,,,,
,COL00875,,,,,,,,,DHARMA,CC0,COL00875,,,,,,,,,,,
,COL00876,,,,,,,,,DHARMA,CC0,COL00876,,,,,,,,,,,
,COL00877,,,,,,,,,DHARMA,CC0,COL00877,,,,,,,,,,,
,COL00878,,,,,,,,,DHARMA,CC0,COL00878,,,,,,,,,,,
,COL00879,,,,,,,,,DHARMA,CC0,COL00879,,,,,,,,,,,
,COL00880,,,,,,,,,DHARMA,CC0,COL00880,,,,,,,,,,,
,COL00881,,,,,,,,,DHARMA,CC0,COL00881,,,,,,,,,,,
,COL00882,,,,,,,,,DHARMA,CC0,COL00882,,,,,,,,,,,
,COL00883,,,,,,,,,DHARMA,CC0,COL00883,,,,,,,,,,,
,COL00884,,,,,,,,,DHARMA,CC0,COL00884,,,,,,,,,,,
,COL00885,,,,,,,,,DHARMA,CC0,COL00885,,,,,,,,,,,
,COL00886,,,,,,,,,DHARMA,CC0,COL00886,,,,,,,,,,,
,COL00887,,,,,,,,,DHARMA,CC0,COL00887,,,,,,,,,,,
,COL00888,,,,,,,,,DHARMA,CC0,COL00888,,,,,,,,,,,
,COL00889,,,,,,,,,DHARMA,CC0,COL00889,,,,,,,,,,,
,COL00890,,,,,,,,,DHARMA,CC0,COL00890,,,,,,,,,,,
,COL00891,,,,,,,,,DHARMA,CC0,COL00891,,,,,,,,,,,
,COL00892,,,,,,,,,DHARMA,CC0,COL00892,,,,,,,,,,,
,COL00893,,,,,,,,,DHARMA,CC0,COL00893,,,,,,,,,,,
,COL00894,,,,,,,,,DHARMA,CC0,COL00894,,,,,,,,,,,
,COL00895,,,,,,,,,DHARMA,CC0,COL00895,,,,,,,,,,,
,COL00896,,,,,,,,,DHARMA,CC0,COL00896,,,,,,,,,,,
,COL00897,,,,,,,,,DHARMA,CC0,COL00897,,,,,,,,,,,
,COL00898,,,,,,,,,DHARMA,CC0,COL00898,,,,,,,,,,,
,COL00899,,,,,,,,,DHARMA,CC0,COL00899,,,,,,,,,,,
,COL00900,,,,,,,,,DHARMA,CC0,COL00900,,,,,,,,,,,
,COL00901,,,,,,,,,DHARMA,CC0,COL00901,,,,,,,,,,,
,COL00902,,,,,,,,,DHARMA,CC0,COL00902,,,,,,,,,,,
,COL00903,,,,,,,,,DHARMA,CC0,COL00903,,,,,,,,,,,
,COL00904,,,,,,,,,DHARMA,CC0,COL00904,,,,,,,,,,,
,COL00905,,,,,,,,,DHARMA,CC0,COL00905,,,,,,,,,,,
,COL00906,,,,,,,,,DHARMA,CC0,COL00906,,,,,,,,,,,
,COL00907,,,,,,,,,DHARMA,CC0,COL00907,,,,,,,,,,,
,COL00908,,,,,,,,,DHARMA,CC0,COL00908,,,,,,,,,,,
,COL00909,,,,,,,,,DHARMA,CC0,COL00909,,,,,,,,,,,
,COL00910,,,,,,,,,DHARMA,CC0,COL00910,,,,,,,,,,,
,COL00911,,,,,,,,,DHARMA,CC0,COL00911,,,,,,,,,,,
,COL00912,,,,,,,,,DHARMA,CC0,COL00912,,,,,,,,,,,
,COL00913,,,,,,,,,DHARMA,CC0,COL00913,,,,,,,,,,,
,COL00914,,,,,,,,,DHARMA,CC0,COL00914,,,,,,,,,,,
,COL00915,,,,,,,,,DHARMA,CC0,COL00915,,,,,,,,,,,
,COL00916,,,,,,,,,DHARMA,CC0,COL00916,,,,,,,,,,,
,COL00917,,,,,,,,,DHARMA,CC0,COL00917,,,,,,,,,,,
,COL00918,,,,,,,,,DHARMA,CC0,COL00918,,,,,,,,,,,
,COL00919,,,,,,,,,DHARMA,CC0,COL00919,,,,,,,,,,,
,COL00920,,,,,,,,,DHARMA,CC0,COL00920,,,,,,,,,,,
,COL00921,,,,,,,,,DHARMA,CC0,COL00921,,,,,,,,,,,
,COL00922,,,,,,,,,DHARMA,CC0,COL00922,,,,,,,,,,,
,COL00923,,,,,,,,,DHARMA,CC0,COL00923,,,,,,,,,,,
,COL00924,,,,,,,,,DHARMA,CC0,COL00924,,,,,,,,,,,
,COL00925,,,,,,,,,DHARMA,CC0,COL00925,,,,,,,,,,,
,COL00926,,,,,,,,,DHARMA,CC0,COL00926,,,,,,,,,,,
,COL00927,,,,,,,,,DHARMA,CC0,COL00927,,,,,,,,,,,
,COL00928,,,,,,,,,DHARMA,CC0,COL00928,,,,,,,,,,,
,COL00929,,,,,,,,,DHARMA,CC0,COL00929,,,,,,,,,,,
,COL00930,,,,,,,,,DHARMA,CC0,COL00930,,,,,,,,,,,
,COL00931,,,,,,,,,DHARMA,CC0,COL00931,,,,,,,,,,,
,COL00932,,,,,,,,,DHARMA,CC0,COL00932,,,,,,,,,,,
,COL00933,,,,,,,,,DHARMA,CC0,COL00933,,,,,,,,,,,
,COL00934,,,,,,,,,DHARMA,CC0,COL00934,,,,,,,,,,,
,COL00935,,,,,,,,,DHARMA,CC0,COL00935,,,,,,,,,,,
,COL00936,,,,,,,,,DHARMA,CC0,COL00936,,,,,,,,,,,
,COL00937,,,,,,,,,DHARMA,CC0,COL00937,,,,,,,,,,,
,COL00938,,,,,,,,,DHARMA,CC0,COL00938,,,,,,,,,,,
,COL00939,,,,,,,,,DHARMA,CC0,COL00939,,,,,,,,,,,
,COL00940,,,,,,,,,DHARMA,CC0,COL00940,,,,,,,,,,,
,COL00941,,,,,,,,,DHARMA,CC0,COL00941,,,,,,,,,,,
,COL00942,,,,,,,,,DHARMA,CC0,COL00942,,,,,,,,,,,
,COL00943,,,,,,,,,DHARMA,CC0,COL00943,,,,,,,,,,,
,COL00944,,,,,,,,,DHARMA,CC0,COL00944,,,,,,,,,,,
,COL00945,,,,,,,,,DHARMA,CC0,COL00945,,,,,,,,,,,
,COL00946,,,,,,,,,DHARMA,CC0,COL00946,,,,,,,,,,,
,COL00947,,,,,,,,,DHARMA,CC0,COL00947,,,,,,,,,,,
,COL00948,,,,,,,,,DHARMA,CC0,COL00948,,,,,,,,,,,
,COL00949,,,,,,,,,DHARMA,CC0,COL00949,,,,,,,,,,,
,COL00950,,,,,,,,,DHARMA,CC0,COL00950,,,,,,,,,,,
,COL00951,,,,,,,,,DHARMA,CC0,COL00951,,,,,,,,,,,
,COL00952,,,,,,,,,DHARMA,CC0,COL00952,,,,,,,,,,,
,COL00953,,,,,,,,,DHARMA,CC0,COL00953,,,,,,,,,,,
,COL00954,,,,,,,,,DHARMA,CC0,COL00954,,,,,,,,,,,
,COL00955,,,,,,,,,DHARMA,CC0,COL00955,,,,,,,,,,,
,COL00956,,,,,,,,,DHARMA,CC0,COL00956,,,,,,,,,,,
,COL00957,,,,,,,,,DHARMA,CC0,COL00957,,,,,,,,,,,
,COL00958,,,,,,,,,DHARMA,CC0,COL00958,,,,,,,,,,,
,COL00959,,,,,,,,,DHARMA,CC0,COL00959,,,,,,,,,,,
,COL00960,,,,,,,,,DHARMA,CC0,COL00960,,,,,,,,,,,
,COL00961,,,,,,,,,DHARMA,CC0,COL00961,,,,,,,,,,,
,COL00962,,,,,,,,,DHARMA,CC0,COL00962,,,,,,,,,,,
,COL00963,,,,,,,,,DHARMA,CC0,COL00963,,,,,,,,,,,
,COL00964,,,,,,,,,DHARMA,CC0,COL00964,,,,,,,,,,,
,COL00965,,,,,,,,,DHARMA,CC0,COL00965,,,,,,,,,,,
,COL00966,,,,,,,,,DHARMA,CC0,COL00966,,,,,,,,,,,
,COL00967,,,,,,,,,DHARMA,CC0,COL00967,,,,,,,,,,,
,COL00968,,,,,,,,,DHARMA,CC0,COL00968,,,,,,,,,,,
,COL00969,,,,,,,,,DHARMA,CC0,COL00969,,,,,,,,,,,
,COL00970,,,,,,,,,DHARMA,CC0,COL00970,,,,,,,,,,,
,COL00971,,,,,,,,,DHARMA,CC0,COL00971,,,,,,,,,,,
,COL00972,,,,,,,,,DHARMA,CC0,COL00972,,,,,,,,,,,
,COL00973,,,,,,,,,DHARMA,CC0,COL00973,,,,,,,,,,,
,COL00974,,,,,,,,,DHARMA,CC0,COL00974,,,,,,,,,,,
,COL00975,,,,,,,,,DHARMA,CC0,COL00975,,,,,,,,,,,
,COL00976,,,,,,,,,DHARMA,CC0,COL00976,,,,,,,,,,,
,COL00977,,,,,,,,,DHARMA,CC0,COL00977,,,,,,,,,,,
,COL00978,,,,,,,,,DHARMA,CC0,COL00978,,,,,,,,,,,
,COL00979,,,,,,,,,DHARMA,CC0,COL00979,,,,,,,,,,,
,COL00980,,,,,,,,,DHARMA,CC0,COL00980,,,,,,,,,,,
,COL00981,,,,,,,,,DHARMA,CC0,COL00981,,,,,,,,,,,
,COL00982,,,,,,,,,DHARMA,CC0,COL00982,,,,,,,,,,,
,COL00983,,,,,,,,,DHARMA,CC0,COL00983,,,,,,,,,,,
,COL00984,,,,,,,,,DHARMA,CC0,COL00984,,,,,,,,,,,
,COL00985,,,,,,,,,DHARMA,CC0,COL00985,,,,,,,,,,,
,COL00986,,,,,,,,,DHARMA,CC0,COL00986,,,,,,,,,,,
,COL00987,,,,,,,,,DHARMA,CC0,COL00987,,,,,,,,,,,
,COL00988,,,,,,,,,DHARMA,CC0,COL00988,,,,,,,,,,,
,COL00989,,,,,,,,,DHARMA,CC0,COL00989,,,,,,,,,,,
,COL00990,,,,,,,,,DHARMA,CC0,COL00990,,,,,,,,,,,
,COL00991,,,,,,,,,DHARMA,CC0,COL00991,,,,,,,,,,,
,COL00992,,,,,,,,,DHARMA,CC0,COL00992,,,,,,,,,,,
,COL00993,,,,,,,,,DHARMA,CC0,COL00993,,,,,,,,,,,
,COL00994,,,,,,,,,DHARMA,CC0,COL00994,,,,,,,,,,,
,COL00995,,,,,,,,,DHARMA,CC0,COL00995,,,,,,,,,,,
,COL00996,,,,,,,,,DHARMA,CC0,COL00996,,,,,,,,,,,
,COL00997,,,,,,,,,DHARMA,CC0,COL00997,,,,,,,,,,,
,COL00998,,,,,,,,,DHARMA,CC0,COL00998,,,,,,,,,,,
,COL00999,,,,,,,,,DHARMA,CC0,COL00999,,,,,,,,,,,