Fields group,Management of the resource,,,,,,,,,,,Authority list of places,,,,,,,,,,,,,,,,,,,,
,,,,,,,,,,,,,,,,,,Location,,,,,,,,,,,,,,
Fields,Identifier of the resource,Origin of the metadata,DHARMA import,Editor of the metadata,Date of the edition,Contributor of the metadata,Reviewer,Date of review,Project,Corpus,Distribution rights of the metadata,Identifier of the place,Name of the place,Language,Name of the place,Type of place,Date notBefore,Country,State,Province,District,Subdistrict,City/Village,Hamlet,Site,Coordinates latitude,Coordinates longitude,Coordinates elevation,Polygon,History of the place,Remarks,Bibliographical references
Description of the fields,"Identifier of the place. Syntax: PLC00001 (according to the DHARMA FNC)",Origin of the metadata: database or publication,Date of conversion of previously available metadata to the DHARMA model,"Person(s) who supplied metadata (use the DHARMA members' Ids and separate them by $, if more than one editor)",Start date of metadata input/editing for DHARMA (YYYY-MM-DD),"Person(s) who entered/edited metadata (use the DHARMA members' Ids and separate them by $, if more than one editor)","Validating person (use the DHARMA members' Ids and separate them by $, if more than one editor)",Date of metadata validation (YYYY-MM-DD),Project responsible for making these metadata available,Corpus to which the inscription pertains,Licence applicable to metadata,"Identifier of the place. Syntax: PLC00001 (according to the DHARMA FNC)",Name of the place,Define the language of the name,normalized syntax,,Begining of activity,,,,,,,,,,,,,Description of what is known or recorded about the origin and subsequent history of the place (free text),Remarks on place-related metadata (free text),
,PLC00001,,,emfr,2021-10-28,,,,,DHARMA,CC0,PLC00001,Tiruvālaṅkāṭu,Tamil,Tiruvalangadu,,,India,,,Ceṅkalpaṭṭu,Tiruttaṇi,,,,,,,,,,
,PLC00002,,,emfr,2021-10-28,,,,,DHARMA,CC0,PLC00002,Koṭumpāḷūr,Tamil,Kodumbalur,,,India,,,Putukkōṭṭai,Iluppūr,,,,,,,,,,
,PLC00003,,,,,,,,,DHARMA,CC0,PLC00003,,,,,,,,,,,,,,,,,,,,
,PLC00004,,,,,,,,,DHARMA,CC0,PLC00004,,,,,,,,,,,,,,,,,,,,
,PLC00005,,,,,,,,,DHARMA,CC0,PLC00005,,,,,,,,,,,,,,,,,,,,
,PLC00006,,,,,,,,,DHARMA,CC0,PLC00006,,,,,,,,,,,,,,,,,,,,
,PLC00007,,,,,,,,,DHARMA,CC0,PLC00007,,,,,,,,,,,,,,,,,,,,
,PLC00008,,,,,,,,,DHARMA,CC0,PLC00008,,,,,,,,,,,,,,,,,,,,
,PLC00009,,,,,,,,,DHARMA,CC0,PLC00009,,,,,,,,,,,,,,,,,,,,
,PLC00010,,,,,,,,,DHARMA,CC0,PLC00010,,,,,,,,,,,,,,,,,,,,
,PLC00011,,,,,,,,,DHARMA,CC0,PLC00011,,,,,,,,,,,,,,,,,,,,
,PLC00012,,,,,,,,,DHARMA,CC0,PLC00012,,,,,,,,,,,,,,,,,,,,
,PLC00013,,,,,,,,,DHARMA,CC0,PLC00013,,,,,,,,,,,,,,,,,,,,
,PLC00014,,,,,,,,,DHARMA,CC0,PLC00014,,,,,,,,,,,,,,,,,,,,
,PLC00015,,,,,,,,,DHARMA,CC0,PLC00015,,,,,,,,,,,,,,,,,,,,
,PLC00016,,,,,,,,,DHARMA,CC0,PLC00016,,,,,,,,,,,,,,,,,,,,
,PLC00017,,,,,,,,,DHARMA,CC0,PLC00017,,,,,,,,,,,,,,,,,,,,
,PLC00018,,,,,,,,,DHARMA,CC0,PLC00018,,,,,,,,,,,,,,,,,,,,
,PLC00019,,,,,,,,,DHARMA,CC0,PLC00019,,,,,,,,,,,,,,,,,,,,
,PLC00020,,,,,,,,,DHARMA,CC0,PLC00020,,,,,,,,,,,,,,,,,,,,
,PLC00021,,,,,,,,,DHARMA,CC0,PLC00021,,,,,,,,,,,,,,,,,,,,
,PLC00022,,,,,,,,,DHARMA,CC0,PLC00022,,,,,,,,,,,,,,,,,,,,
,PLC00023,,,,,,,,,DHARMA,CC0,PLC00023,,,,,,,,,,,,,,,,,,,,
,PLC00024,,,,,,,,,DHARMA,CC0,PLC00024,,,,,,,,,,,,,,,,,,,,
,PLC00025,,,,,,,,,DHARMA,CC0,PLC00025,,,,,,,,,,,,,,,,,,,,
,PLC00026,,,,,,,,,DHARMA,CC0,PLC00026,,,,,,,,,,,,,,,,,,,,
,PLC00027,,,,,,,,,DHARMA,CC0,PLC00027,,,,,,,,,,,,,,,,,,,,
,PLC00028,,,,,,,,,DHARMA,CC0,PLC00028,,,,,,,,,,,,,,,,,,,,
,PLC00029,,,,,,,,,DHARMA,CC0,PLC00029,,,,,,,,,,,,,,,,,,,,
,PLC00030,,,,,,,,,DHARMA,CC0,PLC00030,,,,,,,,,,,,,,,,,,,,
,PLC00031,,,,,,,,,DHARMA,CC0,PLC00031,,,,,,,,,,,,,,,,,,,,
,PLC00032,,,,,,,,,DHARMA,CC0,PLC00032,,,,,,,,,,,,,,,,,,,,
,PLC00033,,,,,,,,,DHARMA,CC0,PLC00033,,,,,,,,,,,,,,,,,,,,
,PLC00034,,,,,,,,,DHARMA,CC0,PLC00034,,,,,,,,,,,,,,,,,,,,
,PLC00035,,,,,,,,,DHARMA,CC0,PLC00035,,,,,,,,,,,,,,,,,,,,
,PLC00036,,,,,,,,,DHARMA,CC0,PLC00036,,,,,,,,,,,,,,,,,,,,
,PLC00037,,,,,,,,,DHARMA,CC0,PLC00037,,,,,,,,,,,,,,,,,,,,
,PLC00038,,,,,,,,,DHARMA,CC0,PLC00038,,,,,,,,,,,,,,,,,,,,
,PLC00039,,,,,,,,,DHARMA,CC0,PLC00039,,,,,,,,,,,,,,,,,,,,
,PLC00040,,,,,,,,,DHARMA,CC0,PLC00040,,,,,,,,,,,,,,,,,,,,
,PLC00041,,,,,,,,,DHARMA,CC0,PLC00041,,,,,,,,,,,,,,,,,,,,
,PLC00042,,,,,,,,,DHARMA,CC0,PLC00042,,,,,,,,,,,,,,,,,,,,
,PLC00043,,,,,,,,,DHARMA,CC0,PLC00043,,,,,,,,,,,,,,,,,,,,
,PLC00044,,,,,,,,,DHARMA,CC0,PLC00044,,,,,,,,,,,,,,,,,,,,
,PLC00045,,,,,,,,,DHARMA,CC0,PLC00045,,,,,,,,,,,,,,,,,,,,
,PLC00046,,,,,,,,,DHARMA,CC0,PLC00046,,,,,,,,,,,,,,,,,,,,
,PLC00047,,,,,,,,,DHARMA,CC0,PLC00047,,,,,,,,,,,,,,,,,,,,
,PLC00048,,,,,,,,,DHARMA,CC0,PLC00048,,,,,,,,,,,,,,,,,,,,
,PLC00049,,,,,,,,,DHARMA,CC0,PLC00049,,,,,,,,,,,,,,,,,,,,
,PLC00050,,,,,,,,,DHARMA,CC0,PLC00050,,,,,,,,,,,,,,,,,,,,
,PLC00051,,,,,,,,,DHARMA,CC0,PLC00051,,,,,,,,,,,,,,,,,,,,
,PLC00052,,,,,,,,,DHARMA,CC0,PLC00052,,,,,,,,,,,,,,,,,,,,
,PLC00053,,,,,,,,,DHARMA,CC0,PLC00053,,,,,,,,,,,,,,,,,,,,
,PLC00054,,,,,,,,,DHARMA,CC0,PLC00054,,,,,,,,,,,,,,,,,,,,
,PLC00055,,,,,,,,,DHARMA,CC0,PLC00055,,,,,,,,,,,,,,,,,,,,
,PLC00056,,,,,,,,,DHARMA,CC0,PLC00056,,,,,,,,,,,,,,,,,,,,
,PLC00057,,,,,,,,,DHARMA,CC0,PLC00057,,,,,,,,,,,,,,,,,,,,
,PLC00058,,,,,,,,,DHARMA,CC0,PLC00058,,,,,,,,,,,,,,,,,,,,
,PLC00059,,,,,,,,,DHARMA,CC0,PLC00059,,,,,,,,,,,,,,,,,,,,
,PLC00060,,,,,,,,,DHARMA,CC0,PLC00060,,,,,,,,,,,,,,,,,,,,
,PLC00061,,,,,,,,,DHARMA,CC0,PLC00061,,,,,,,,,,,,,,,,,,,,
,PLC00062,,,,,,,,,DHARMA,CC0,PLC00062,,,,,,,,,,,,,,,,,,,,
,PLC00063,,,,,,,,,DHARMA,CC0,PLC00063,,,,,,,,,,,,,,,,,,,,
,PLC00064,,,,,,,,,DHARMA,CC0,PLC00064,,,,,,,,,,,,,,,,,,,,
,PLC00065,,,,,,,,,DHARMA,CC0,PLC00065,,,,,,,,,,,,,,,,,,,,
,PLC00066,,,,,,,,,DHARMA,CC0,PLC00066,,,,,,,,,,,,,,,,,,,,
,PLC00067,,,,,,,,,DHARMA,CC0,PLC00067,,,,,,,,,,,,,,,,,,,,
,PLC00068,,,,,,,,,DHARMA,CC0,PLC00068,,,,,,,,,,,,,,,,,,,,
,PLC00069,,,,,,,,,DHARMA,CC0,PLC00069,,,,,,,,,,,,,,,,,,,,
,PLC00070,,,,,,,,,DHARMA,CC0,PLC00070,,,,,,,,,,,,,,,,,,,,
,PLC00071,,,,,,,,,DHARMA,CC0,PLC00071,,,,,,,,,,,,,,,,,,,,
,PLC00072,,,,,,,,,DHARMA,CC0,PLC00072,,,,,,,,,,,,,,,,,,,,
,PLC00073,,,,,,,,,DHARMA,CC0,PLC00073,,,,,,,,,,,,,,,,,,,,
,PLC00074,,,,,,,,,DHARMA,CC0,PLC00074,,,,,,,,,,,,,,,,,,,,
,PLC00075,,,,,,,,,DHARMA,CC0,PLC00075,,,,,,,,,,,,,,,,,,,,
,PLC00076,,,,,,,,,DHARMA,CC0,PLC00076,,,,,,,,,,,,,,,,,,,,
,PLC00077,,,,,,,,,DHARMA,CC0,PLC00077,,,,,,,,,,,,,,,,,,,,
,PLC00078,,,,,,,,,DHARMA,CC0,PLC00078,,,,,,,,,,,,,,,,,,,,
,PLC00079,,,,,,,,,DHARMA,CC0,PLC00079,,,,,,,,,,,,,,,,,,,,
,PLC00080,,,,,,,,,DHARMA,CC0,PLC00080,,,,,,,,,,,,,,,,,,,,
,PLC00081,,,,,,,,,DHARMA,CC0,PLC00081,,,,,,,,,,,,,,,,,,,,
,PLC00082,,,,,,,,,DHARMA,CC0,PLC00082,,,,,,,,,,,,,,,,,,,,
,PLC00083,,,,,,,,,DHARMA,CC0,PLC00083,,,,,,,,,,,,,,,,,,,,
,PLC00084,,,,,,,,,DHARMA,CC0,PLC00084,,,,,,,,,,,,,,,,,,,,
,PLC00085,,,,,,,,,DHARMA,CC0,PLC00085,,,,,,,,,,,,,,,,,,,,
,PLC00086,,,,,,,,,DHARMA,CC0,PLC00086,,,,,,,,,,,,,,,,,,,,
,PLC00087,,,,,,,,,DHARMA,CC0,PLC00087,,,,,,,,,,,,,,,,,,,,
,PLC00088,,,,,,,,,DHARMA,CC0,PLC00088,,,,,,,,,,,,,,,,,,,,
,PLC00089,,,,,,,,,DHARMA,CC0,PLC00089,,,,,,,,,,,,,,,,,,,,
,PLC00090,,,,,,,,,DHARMA,CC0,PLC00090,,,,,,,,,,,,,,,,,,,,
,PLC00091,,,,,,,,,DHARMA,CC0,PLC00091,,,,,,,,,,,,,,,,,,,,
,PLC00092,,,,,,,,,DHARMA,CC0,PLC00092,,,,,,,,,,,,,,,,,,,,
,PLC00093,,,,,,,,,DHARMA,CC0,PLC00093,,,,,,,,,,,,,,,,,,,,
,PLC00094,,,,,,,,,DHARMA,CC0,PLC00094,,,,,,,,,,,,,,,,,,,,
,PLC00095,,,,,,,,,DHARMA,CC0,PLC00095,,,,,,,,,,,,,,,,,,,,
,PLC00096,,,,,,,,,DHARMA,CC0,PLC00096,,,,,,,,,,,,,,,,,,,,
,PLC00097,,,,,,,,,DHARMA,CC0,PLC00097,,,,,,,,,,,,,,,,,,,,
,PLC00098,,,,,,,,,DHARMA,CC0,PLC00098,,,,,,,,,,,,,,,,,,,,
,PLC00099,,,,,,,,,DHARMA,CC0,PLC00099,,,,,,,,,,,,,,,,,,,,
,PLC00100,,,,,,,,,DHARMA,CC0,PLC00100,,,,,,,,,,,,,,,,,,,,
,PLC00101,,,,,,,,,DHARMA,CC0,PLC00101,,,,,,,,,,,,,,,,,,,,
,PLC00102,,,,,,,,,DHARMA,CC0,PLC00102,,,,,,,,,,,,,,,,,,,,
,PLC00103,,,,,,,,,DHARMA,CC0,PLC00103,,,,,,,,,,,,,,,,,,,,
,PLC00104,,,,,,,,,DHARMA,CC0,PLC00104,,,,,,,,,,,,,,,,,,,,
,PLC00105,,,,,,,,,DHARMA,CC0,PLC00105,,,,,,,,,,,,,,,,,,,,
,PLC00106,,,,,,,,,DHARMA,CC0,PLC00106,,,,,,,,,,,,,,,,,,,,
,PLC00107,,,,,,,,,DHARMA,CC0,PLC00107,,,,,,,,,,,,,,,,,,,,
,PLC00108,,,,,,,,,DHARMA,CC0,PLC00108,,,,,,,,,,,,,,,,,,,,
,PLC00109,,,,,,,,,DHARMA,CC0,PLC00109,,,,,,,,,,,,,,,,,,,,
,PLC00110,,,,,,,,,DHARMA,CC0,PLC00110,,,,,,,,,,,,,,,,,,,,
,PLC00111,,,,,,,,,DHARMA,CC0,PLC00111,,,,,,,,,,,,,,,,,,,,
,PLC00112,,,,,,,,,DHARMA,CC0,PLC00112,,,,,,,,,,,,,,,,,,,,
,PLC00113,,,,,,,,,DHARMA,CC0,PLC00113,,,,,,,,,,,,,,,,,,,,
,PLC00114,,,,,,,,,DHARMA,CC0,PLC00114,,,,,,,,,,,,,,,,,,,,
,PLC00115,,,,,,,,,DHARMA,CC0,PLC00115,,,,,,,,,,,,,,,,,,,,
,PLC00116,,,,,,,,,DHARMA,CC0,PLC00116,,,,,,,,,,,,,,,,,,,,
,PLC00117,,,,,,,,,DHARMA,CC0,PLC00117,,,,,,,,,,,,,,,,,,,,
,PLC00118,,,,,,,,,DHARMA,CC0,PLC00118,,,,,,,,,,,,,,,,,,,,
,PLC00119,,,,,,,,,DHARMA,CC0,PLC00119,,,,,,,,,,,,,,,,,,,,
,PLC00120,,,,,,,,,DHARMA,CC0,PLC00120,,,,,,,,,,,,,,,,,,,,
,PLC00121,,,,,,,,,DHARMA,CC0,PLC00121,,,,,,,,,,,,,,,,,,,,
,PLC00122,,,,,,,,,DHARMA,CC0,PLC00122,,,,,,,,,,,,,,,,,,,,
,PLC00123,,,,,,,,,DHARMA,CC0,PLC00123,,,,,,,,,,,,,,,,,,,,
,PLC00124,,,,,,,,,DHARMA,CC0,PLC00124,,,,,,,,,,,,,,,,,,,,
,PLC00125,,,,,,,,,DHARMA,CC0,PLC00125,,,,,,,,,,,,,,,,,,,,
,PLC00126,,,,,,,,,DHARMA,CC0,PLC00126,,,,,,,,,,,,,,,,,,,,
,PLC00127,,,,,,,,,DHARMA,CC0,PLC00127,,,,,,,,,,,,,,,,,,,,
,PLC00128,,,,,,,,,DHARMA,CC0,PLC00128,,,,,,,,,,,,,,,,,,,,
,PLC00129,,,,,,,,,DHARMA,CC0,PLC00129,,,,,,,,,,,,,,,,,,,,
,PLC00130,,,,,,,,,DHARMA,CC0,PLC00130,,,,,,,,,,,,,,,,,,,,
,PLC00131,,,,,,,,,DHARMA,CC0,PLC00131,,,,,,,,,,,,,,,,,,,,
,PLC00132,,,,,,,,,DHARMA,CC0,PLC00132,,,,,,,,,,,,,,,,,,,,
,PLC00133,,,,,,,,,DHARMA,CC0,PLC00133,,,,,,,,,,,,,,,,,,,,
,PLC00134,,,,,,,,,DHARMA,CC0,PLC00134,,,,,,,,,,,,,,,,,,,,
,PLC00135,,,,,,,,,DHARMA,CC0,PLC00135,,,,,,,,,,,,,,,,,,,,
,PLC00136,,,,,,,,,DHARMA,CC0,PLC00136,,,,,,,,,,,,,,,,,,,,
,PLC00137,,,,,,,,,DHARMA,CC0,PLC00137,,,,,,,,,,,,,,,,,,,,
,PLC00138,,,,,,,,,DHARMA,CC0,PLC00138,,,,,,,,,,,,,,,,,,,,
,PLC00139,,,,,,,,,DHARMA,CC0,PLC00139,,,,,,,,,,,,,,,,,,,,
,PLC00140,,,,,,,,,DHARMA,CC0,PLC00140,,,,,,,,,,,,,,,,,,,,
,PLC00141,,,,,,,,,DHARMA,CC0,PLC00141,,,,,,,,,,,,,,,,,,,,
,PLC00142,,,,,,,,,DHARMA,CC0,PLC00142,,,,,,,,,,,,,,,,,,,,
,PLC00143,,,,,,,,,DHARMA,CC0,PLC00143,,,,,,,,,,,,,,,,,,,,
,PLC00144,,,,,,,,,DHARMA,CC0,PLC00144,,,,,,,,,,,,,,,,,,,,
,PLC00145,,,,,,,,,DHARMA,CC0,PLC00145,,,,,,,,,,,,,,,,,,,,
,PLC00146,,,,,,,,,DHARMA,CC0,PLC00146,,,,,,,,,,,,,,,,,,,,
,PLC00147,,,,,,,,,DHARMA,CC0,PLC00147,,,,,,,,,,,,,,,,,,,,
,PLC00148,,,,,,,,,DHARMA,CC0,PLC00148,,,,,,,,,,,,,,,,,,,,
,PLC00149,,,,,,,,,DHARMA,CC0,PLC00149,,,,,,,,,,,,,,,,,,,,
,PLC00150,,,,,,,,,DHARMA,CC0,PLC00150,,,,,,,,,,,,,,,,,,,,
,PLC00151,,,,,,,,,DHARMA,CC0,PLC00151,,,,,,,,,,,,,,,,,,,,
,PLC00152,,,,,,,,,DHARMA,CC0,PLC00152,,,,,,,,,,,,,,,,,,,,
,PLC00153,,,,,,,,,DHARMA,CC0,PLC00153,,,,,,,,,,,,,,,,,,,,
,PLC00154,,,,,,,,,DHARMA,CC0,PLC00154,,,,,,,,,,,,,,,,,,,,
,PLC00155,,,,,,,,,DHARMA,CC0,PLC00155,,,,,,,,,,,,,,,,,,,,
,PLC00156,,,,,,,,,DHARMA,CC0,PLC00156,,,,,,,,,,,,,,,,,,,,
,PLC00157,,,,,,,,,DHARMA,CC0,PLC00157,,,,,,,,,,,,,,,,,,,,
,PLC00158,,,,,,,,,DHARMA,CC0,PLC00158,,,,,,,,,,,,,,,,,,,,
,PLC00159,,,,,,,,,DHARMA,CC0,PLC00159,,,,,,,,,,,,,,,,,,,,
,PLC00160,,,,,,,,,DHARMA,CC0,PLC00160,,,,,,,,,,,,,,,,,,,,
,PLC00161,,,,,,,,,DHARMA,CC0,PLC00161,,,,,,,,,,,,,,,,,,,,
,PLC00162,,,,,,,,,DHARMA,CC0,PLC00162,,,,,,,,,,,,,,,,,,,,
,PLC00163,,,,,,,,,DHARMA,CC0,PLC00163,,,,,,,,,,,,,,,,,,,,
,PLC00164,,,,,,,,,DHARMA,CC0,PLC00164,,,,,,,,,,,,,,,,,,,,
,PLC00165,,,,,,,,,DHARMA,CC0,PLC00165,,,,,,,,,,,,,,,,,,,,
,PLC00166,,,,,,,,,DHARMA,CC0,PLC00166,,,,,,,,,,,,,,,,,,,,
,PLC00167,,,,,,,,,DHARMA,CC0,PLC00167,,,,,,,,,,,,,,,,,,,,
,PLC00168,,,,,,,,,DHARMA,CC0,PLC00168,,,,,,,,,,,,,,,,,,,,
,PLC00169,,,,,,,,,DHARMA,CC0,PLC00169,,,,,,,,,,,,,,,,,,,,
,PLC00170,,,,,,,,,DHARMA,CC0,PLC00170,,,,,,,,,,,,,,,,,,,,
,PLC00171,,,,,,,,,DHARMA,CC0,PLC00171,,,,,,,,,,,,,,,,,,,,
,PLC00172,,,,,,,,,DHARMA,CC0,PLC00172,,,,,,,,,,,,,,,,,,,,
,PLC00173,,,,,,,,,DHARMA,CC0,PLC00173,,,,,,,,,,,,,,,,,,,,
,PLC00174,,,,,,,,,DHARMA,CC0,PLC00174,,,,,,,,,,,,,,,,,,,,
,PLC00175,,,,,,,,,DHARMA,CC0,PLC00175,,,,,,,,,,,,,,,,,,,,
,PLC00176,,,,,,,,,DHARMA,CC0,PLC00176,,,,,,,,,,,,,,,,,,,,
,PLC00177,,,,,,,,,DHARMA,CC0,PLC00177,,,,,,,,,,,,,,,,,,,,
,PLC00178,,,,,,,,,DHARMA,CC0,PLC00178,,,,,,,,,,,,,,,,,,,,
,PLC00179,,,,,,,,,DHARMA,CC0,PLC00179,,,,,,,,,,,,,,,,,,,,
,PLC00180,,,,,,,,,DHARMA,CC0,PLC00180,,,,,,,,,,,,,,,,,,,,
,PLC00181,,,,,,,,,DHARMA,CC0,PLC00181,,,,,,,,,,,,,,,,,,,,
,PLC00182,,,,,,,,,DHARMA,CC0,PLC00182,,,,,,,,,,,,,,,,,,,,
,PLC00183,,,,,,,,,DHARMA,CC0,PLC00183,,,,,,,,,,,,,,,,,,,,
,PLC00184,,,,,,,,,DHARMA,CC0,PLC00184,,,,,,,,,,,,,,,,,,,,
,PLC00185,,,,,,,,,DHARMA,CC0,PLC00185,,,,,,,,,,,,,,,,,,,,
,PLC00186,,,,,,,,,DHARMA,CC0,PLC00186,,,,,,,,,,,,,,,,,,,,
,PLC00187,,,,,,,,,DHARMA,CC0,PLC00187,,,,,,,,,,,,,,,,,,,,
,PLC00188,,,,,,,,,DHARMA,CC0,PLC00188,,,,,,,,,,,,,,,,,,,,
,PLC00189,,,,,,,,,DHARMA,CC0,PLC00189,,,,,,,,,,,,,,,,,,,,
,PLC00190,,,,,,,,,DHARMA,CC0,PLC00190,,,,,,,,,,,,,,,,,,,,
,PLC00191,,,,,,,,,DHARMA,CC0,PLC00191,,,,,,,,,,,,,,,,,,,,
,PLC00192,,,,,,,,,DHARMA,CC0,PLC00192,,,,,,,,,,,,,,,,,,,,
,PLC00193,,,,,,,,,DHARMA,CC0,PLC00193,,,,,,,,,,,,,,,,,,,,
,PLC00194,,,,,,,,,DHARMA,CC0,PLC00194,,,,,,,,,,,,,,,,,,,,
,PLC00195,,,,,,,,,DHARMA,CC0,PLC00195,,,,,,,,,,,,,,,,,,,,
,PLC00196,,,,,,,,,DHARMA,CC0,PLC00196,,,,,,,,,,,,,,,,,,,,
,PLC00197,,,,,,,,,DHARMA,CC0,PLC00197,,,,,,,,,,,,,,,,,,,,
,PLC00198,,,,,,,,,DHARMA,CC0,PLC00198,,,,,,,,,,,,,,,,,,,,
,PLC00199,,,,,,,,,DHARMA,CC0,PLC00199,,,,,,,,,,,,,,,,,,,,
,PLC00200,,,,,,,,,DHARMA,CC0,PLC00200,,,,,,,,,,,,,,,,,,,,
,PLC00201,,,,,,,,,DHARMA,CC0,PLC00201,,,,,,,,,,,,,,,,,,,,
,PLC00202,,,,,,,,,DHARMA,CC0,PLC00202,,,,,,,,,,,,,,,,,,,,
,PLC00203,,,,,,,,,DHARMA,CC0,PLC00203,,,,,,,,,,,,,,,,,,,,
,PLC00204,,,,,,,,,DHARMA,CC0,PLC00204,,,,,,,,,,,,,,,,,,,,
,PLC00205,,,,,,,,,DHARMA,CC0,PLC00205,,,,,,,,,,,,,,,,,,,,
,PLC00206,,,,,,,,,DHARMA,CC0,PLC00206,,,,,,,,,,,,,,,,,,,,
,PLC00207,,,,,,,,,DHARMA,CC0,PLC00207,,,,,,,,,,,,,,,,,,,,
,PLC00208,,,,,,,,,DHARMA,CC0,PLC00208,,,,,,,,,,,,,,,,,,,,
,PLC00209,,,,,,,,,DHARMA,CC0,PLC00209,,,,,,,,,,,,,,,,,,,,
,PLC00210,,,,,,,,,DHARMA,CC0,PLC00210,,,,,,,,,,,,,,,,,,,,
,PLC00211,,,,,,,,,DHARMA,CC0,PLC00211,,,,,,,,,,,,,,,,,,,,
,PLC00212,,,,,,,,,DHARMA,CC0,PLC00212,,,,,,,,,,,,,,,,,,,,
,PLC00213,,,,,,,,,DHARMA,CC0,PLC00213,,,,,,,,,,,,,,,,,,,,
,PLC00214,,,,,,,,,DHARMA,CC0,PLC00214,,,,,,,,,,,,,,,,,,,,
,PLC00215,,,,,,,,,DHARMA,CC0,PLC00215,,,,,,,,,,,,,,,,,,,,
,PLC00216,,,,,,,,,DHARMA,CC0,PLC00216,,,,,,,,,,,,,,,,,,,,
,PLC00217,,,,,,,,,DHARMA,CC0,PLC00217,,,,,,,,,,,,,,,,,,,,
,PLC00218,,,,,,,,,DHARMA,CC0,PLC00218,,,,,,,,,,,,,,,,,,,,
,PLC00219,,,,,,,,,DHARMA,CC0,PLC00219,,,,,,,,,,,,,,,,,,,,
,PLC00220,,,,,,,,,DHARMA,CC0,PLC00220,,,,,,,,,,,,,,,,,,,,
,PLC00221,,,,,,,,,DHARMA,CC0,PLC00221,,,,,,,,,,,,,,,,,,,,
,PLC00222,,,,,,,,,DHARMA,CC0,PLC00222,,,,,,,,,,,,,,,,,,,,
,PLC00223,,,,,,,,,DHARMA,CC0,PLC00223,,,,,,,,,,,,,,,,,,,,
,PLC00224,,,,,,,,,DHARMA,CC0,PLC00224,,,,,,,,,,,,,,,,,,,,
,PLC00225,,,,,,,,,DHARMA,CC0,PLC00225,,,,,,,,,,,,,,,,,,,,
,PLC00226,,,,,,,,,DHARMA,CC0,PLC00226,,,,,,,,,,,,,,,,,,,,
,PLC00227,,,,,,,,,DHARMA,CC0,PLC00227,,,,,,,,,,,,,,,,,,,,
,PLC00228,,,,,,,,,DHARMA,CC0,PLC00228,,,,,,,,,,,,,,,,,,,,
,PLC00229,,,,,,,,,DHARMA,CC0,PLC00229,,,,,,,,,,,,,,,,,,,,
,PLC00230,,,,,,,,,DHARMA,CC0,PLC00230,,,,,,,,,,,,,,,,,,,,
,PLC00231,,,,,,,,,DHARMA,CC0,PLC00231,,,,,,,,,,,,,,,,,,,,
,PLC00232,,,,,,,,,DHARMA,CC0,PLC00232,,,,,,,,,,,,,,,,,,,,
,PLC00233,,,,,,,,,DHARMA,CC0,PLC00233,,,,,,,,,,,,,,,,,,,,
,PLC00234,,,,,,,,,DHARMA,CC0,PLC00234,,,,,,,,,,,,,,,,,,,,
,PLC00235,,,,,,,,,DHARMA,CC0,PLC00235,,,,,,,,,,,,,,,,,,,,
,PLC00236,,,,,,,,,DHARMA,CC0,PLC00236,,,,,,,,,,,,,,,,,,,,
,PLC00237,,,,,,,,,DHARMA,CC0,PLC00237,,,,,,,,,,,,,,,,,,,,
,PLC00238,,,,,,,,,DHARMA,CC0,PLC00238,,,,,,,,,,,,,,,,,,,,
,PLC00239,,,,,,,,,DHARMA,CC0,PLC00239,,,,,,,,,,,,,,,,,,,,
,PLC00240,,,,,,,,,DHARMA,CC0,PLC00240,,,,,,,,,,,,,,,,,,,,
,PLC00241,,,,,,,,,DHARMA,CC0,PLC00241,,,,,,,,,,,,,,,,,,,,
,PLC00242,,,,,,,,,DHARMA,CC0,PLC00242,,,,,,,,,,,,,,,,,,,,
,PLC00243,,,,,,,,,DHARMA,CC0,PLC00243,,,,,,,,,,,,,,,,,,,,
,PLC00244,,,,,,,,,DHARMA,CC0,PLC00244,,,,,,,,,,,,,,,,,,,,
,PLC00245,,,,,,,,,DHARMA,CC0,PLC00245,,,,,,,,,,,,,,,,,,,,
,PLC00246,,,,,,,,,DHARMA,CC0,PLC00246,,,,,,,,,,,,,,,,,,,,
,PLC00247,,,,,,,,,DHARMA,CC0,PLC00247,,,,,,,,,,,,,,,,,,,,
,PLC00248,,,,,,,,,DHARMA,CC0,PLC00248,,,,,,,,,,,,,,,,,,,,
,PLC00249,,,,,,,,,DHARMA,CC0,PLC00249,,,,,,,,,,,,,,,,,,,,
,PLC00250,,,,,,,,,DHARMA,CC0,PLC00250,,,,,,,,,,,,,,,,,,,,
,PLC00251,,,,,,,,,DHARMA,CC0,PLC00251,,,,,,,,,,,,,,,,,,,,
,PLC00252,,,,,,,,,DHARMA,CC0,PLC00252,,,,,,,,,,,,,,,,,,,,
,PLC00253,,,,,,,,,DHARMA,CC0,PLC00253,,,,,,,,,,,,,,,,,,,,
,PLC00254,,,,,,,,,DHARMA,CC0,PLC00254,,,,,,,,,,,,,,,,,,,,
,PLC00255,,,,,,,,,DHARMA,CC0,PLC00255,,,,,,,,,,,,,,,,,,,,
,PLC00256,,,,,,,,,DHARMA,CC0,PLC00256,,,,,,,,,,,,,,,,,,,,
,PLC00257,,,,,,,,,DHARMA,CC0,PLC00257,,,,,,,,,,,,,,,,,,,,
,PLC00258,,,,,,,,,DHARMA,CC0,PLC00258,,,,,,,,,,,,,,,,,,,,
,PLC00259,,,,,,,,,DHARMA,CC0,PLC00259,,,,,,,,,,,,,,,,,,,,
,PLC00260,,,,,,,,,DHARMA,CC0,PLC00260,,,,,,,,,,,,,,,,,,,,
,PLC00261,,,,,,,,,DHARMA,CC0,PLC00261,,,,,,,,,,,,,,,,,,,,
,PLC00262,,,,,,,,,DHARMA,CC0,PLC00262,,,,,,,,,,,,,,,,,,,,
,PLC00263,,,,,,,,,DHARMA,CC0,PLC00263,,,,,,,,,,,,,,,,,,,,
,PLC00264,,,,,,,,,DHARMA,CC0,PLC00264,,,,,,,,,,,,,,,,,,,,
,PLC00265,,,,,,,,,DHARMA,CC0,PLC00265,,,,,,,,,,,,,,,,,,,,
,PLC00266,,,,,,,,,DHARMA,CC0,PLC00266,,,,,,,,,,,,,,,,,,,,
,PLC00267,,,,,,,,,DHARMA,CC0,PLC00267,,,,,,,,,,,,,,,,,,,,
,PLC00268,,,,,,,,,DHARMA,CC0,PLC00268,,,,,,,,,,,,,,,,,,,,
,PLC00269,,,,,,,,,DHARMA,CC0,PLC00269,,,,,,,,,,,,,,,,,,,,
,PLC00270,,,,,,,,,DHARMA,CC0,PLC00270,,,,,,,,,,,,,,,,,,,,
,PLC00271,,,,,,,,,DHARMA,CC0,PLC00271,,,,,,,,,,,,,,,,,,,,
,PLC00272,,,,,,,,,DHARMA,CC0,PLC00272,,,,,,,,,,,,,,,,,,,,
,PLC00273,,,,,,,,,DHARMA,CC0,PLC00273,,,,,,,,,,,,,,,,,,,,
,PLC00274,,,,,,,,,DHARMA,CC0,PLC00274,,,,,,,,,,,,,,,,,,,,
,PLC00275,,,,,,,,,DHARMA,CC0,PLC00275,,,,,,,,,,,,,,,,,,,,
,PLC00276,,,,,,,,,DHARMA,CC0,PLC00276,,,,,,,,,,,,,,,,,,,,
,PLC00277,,,,,,,,,DHARMA,CC0,PLC00277,,,,,,,,,,,,,,,,,,,,
,PLC00278,,,,,,,,,DHARMA,CC0,PLC00278,,,,,,,,,,,,,,,,,,,,
,PLC00279,,,,,,,,,DHARMA,CC0,PLC00279,,,,,,,,,,,,,,,,,,,,
,PLC00280,,,,,,,,,DHARMA,CC0,PLC00280,,,,,,,,,,,,,,,,,,,,
,PLC00281,,,,,,,,,DHARMA,CC0,PLC00281,,,,,,,,,,,,,,,,,,,,
,PLC00282,,,,,,,,,DHARMA,CC0,PLC00282,,,,,,,,,,,,,,,,,,,,
,PLC00283,,,,,,,,,DHARMA,CC0,PLC00283,,,,,,,,,,,,,,,,,,,,
,PLC00284,,,,,,,,,DHARMA,CC0,PLC00284,,,,,,,,,,,,,,,,,,,,
,PLC00285,,,,,,,,,DHARMA,CC0,PLC00285,,,,,,,,,,,,,,,,,,,,
,PLC00286,,,,,,,,,DHARMA,CC0,PLC00286,,,,,,,,,,,,,,,,,,,,
,PLC00287,,,,,,,,,DHARMA,CC0,PLC00287,,,,,,,,,,,,,,,,,,,,
,PLC00288,,,,,,,,,DHARMA,CC0,PLC00288,,,,,,,,,,,,,,,,,,,,
,PLC00289,,,,,,,,,DHARMA,CC0,PLC00289,,,,,,,,,,,,,,,,,,,,
,PLC00290,,,,,,,,,DHARMA,CC0,PLC00290,,,,,,,,,,,,,,,,,,,,
,PLC00291,,,,,,,,,DHARMA,CC0,PLC00291,,,,,,,,,,,,,,,,,,,,
,PLC00292,,,,,,,,,DHARMA,CC0,PLC00292,,,,,,,,,,,,,,,,,,,,
,PLC00293,,,,,,,,,DHARMA,CC0,PLC00293,,,,,,,,,,,,,,,,,,,,
,PLC00294,,,,,,,,,DHARMA,CC0,PLC00294,,,,,,,,,,,,,,,,,,,,
,PLC00295,,,,,,,,,DHARMA,CC0,PLC00295,,,,,,,,,,,,,,,,,,,,
,PLC00296,,,,,,,,,DHARMA,CC0,PLC00296,,,,,,,,,,,,,,,,,,,,
,PLC00297,,,,,,,,,DHARMA,CC0,PLC00297,,,,,,,,,,,,,,,,,,,,
,PLC00298,,,,,,,,,DHARMA,CC0,PLC00298,,,,,,,,,,,,,,,,,,,,
,PLC00299,,,,,,,,,DHARMA,CC0,PLC00299,,,,,,,,,,,,,,,,,,,,
,PLC00300,,,,,,,,,DHARMA,CC0,PLC00300,,,,,,,,,,,,,,,,,,,,
,PLC00301,,,,,,,,,DHARMA,CC0,PLC00301,,,,,,,,,,,,,,,,,,,,
,PLC00302,,,,,,,,,DHARMA,CC0,PLC00302,,,,,,,,,,,,,,,,,,,,
,PLC00303,,,,,,,,,DHARMA,CC0,PLC00303,,,,,,,,,,,,,,,,,,,,
,PLC00304,,,,,,,,,DHARMA,CC0,PLC00304,,,,,,,,,,,,,,,,,,,,
,PLC00305,,,,,,,,,DHARMA,CC0,PLC00305,,,,,,,,,,,,,,,,,,,,
,PLC00306,,,,,,,,,DHARMA,CC0,PLC00306,,,,,,,,,,,,,,,,,,,,
,PLC00307,,,,,,,,,DHARMA,CC0,PLC00307,,,,,,,,,,,,,,,,,,,,
,PLC00308,,,,,,,,,DHARMA,CC0,PLC00308,,,,,,,,,,,,,,,,,,,,
,PLC00309,,,,,,,,,DHARMA,CC0,PLC00309,,,,,,,,,,,,,,,,,,,,
,PLC00310,,,,,,,,,DHARMA,CC0,PLC00310,,,,,,,,,,,,,,,,,,,,
,PLC00311,,,,,,,,,DHARMA,CC0,PLC00311,,,,,,,,,,,,,,,,,,,,
,PLC00312,,,,,,,,,DHARMA,CC0,PLC00312,,,,,,,,,,,,,,,,,,,,
,PLC00313,,,,,,,,,DHARMA,CC0,PLC00313,,,,,,,,,,,,,,,,,,,,
,PLC00314,,,,,,,,,DHARMA,CC0,PLC00314,,,,,,,,,,,,,,,,,,,,
,PLC00315,,,,,,,,,DHARMA,CC0,PLC00315,,,,,,,,,,,,,,,,,,,,
,PLC00316,,,,,,,,,DHARMA,CC0,PLC00316,,,,,,,,,,,,,,,,,,,,
,PLC00317,,,,,,,,,DHARMA,CC0,PLC00317,,,,,,,,,,,,,,,,,,,,
,PLC00318,,,,,,,,,DHARMA,CC0,PLC00318,,,,,,,,,,,,,,,,,,,,
,PLC00319,,,,,,,,,DHARMA,CC0,PLC00319,,,,,,,,,,,,,,,,,,,,
,PLC00320,,,,,,,,,DHARMA,CC0,PLC00320,,,,,,,,,,,,,,,,,,,,
,PLC00321,,,,,,,,,DHARMA,CC0,PLC00321,,,,,,,,,,,,,,,,,,,,
,PLC00322,,,,,,,,,DHARMA,CC0,PLC00322,,,,,,,,,,,,,,,,,,,,
,PLC00323,,,,,,,,,DHARMA,CC0,PLC00323,,,,,,,,,,,,,,,,,,,,
,PLC00324,,,,,,,,,DHARMA,CC0,PLC00324,,,,,,,,,,,,,,,,,,,,
,PLC00325,,,,,,,,,DHARMA,CC0,PLC00325,,,,,,,,,,,,,,,,,,,,
,PLC00326,,,,,,,,,DHARMA,CC0,PLC00326,,,,,,,,,,,,,,,,,,,,
,PLC00327,,,,,,,,,DHARMA,CC0,PLC00327,,,,,,,,,,,,,,,,,,,,
,PLC00328,,,,,,,,,DHARMA,CC0,PLC00328,,,,,,,,,,,,,,,,,,,,
,PLC00329,,,,,,,,,DHARMA,CC0,PLC00329,,,,,,,,,,,,,,,,,,,,
,PLC00330,,,,,,,,,DHARMA,CC0,PLC00330,,,,,,,,,,,,,,,,,,,,
,PLC00331,,,,,,,,,DHARMA,CC0,PLC00331,,,,,,,,,,,,,,,,,,,,
,PLC00332,,,,,,,,,DHARMA,CC0,PLC00332,,,,,,,,,,,,,,,,,,,,
,PLC00333,,,,,,,,,DHARMA,CC0,PLC00333,,,,,,,,,,,,,,,,,,,,
,PLC00334,,,,,,,,,DHARMA,CC0,PLC00334,,,,,,,,,,,,,,,,,,,,
,PLC00335,,,,,,,,,DHARMA,CC0,PLC00335,,,,,,,,,,,,,,,,,,,,
,PLC00336,,,,,,,,,DHARMA,CC0,PLC00336,,,,,,,,,,,,,,,,,,,,
,PLC00337,,,,,,,,,DHARMA,CC0,PLC00337,,,,,,,,,,,,,,,,,,,,
,PLC00338,,,,,,,,,DHARMA,CC0,PLC00338,,,,,,,,,,,,,,,,,,,,
,PLC00339,,,,,,,,,DHARMA,CC0,PLC00339,,,,,,,,,,,,,,,,,,,,
,PLC00340,,,,,,,,,DHARMA,CC0,PLC00340,,,,,,,,,,,,,,,,,,,,
,PLC00341,,,,,,,,,DHARMA,CC0,PLC00341,,,,,,,,,,,,,,,,,,,,
,PLC00342,,,,,,,,,DHARMA,CC0,PLC00342,,,,,,,,,,,,,,,,,,,,
,PLC00343,,,,,,,,,DHARMA,CC0,PLC00343,,,,,,,,,,,,,,,,,,,,
,PLC00344,,,,,,,,,DHARMA,CC0,PLC00344,,,,,,,,,,,,,,,,,,,,
,PLC00345,,,,,,,,,DHARMA,CC0,PLC00345,,,,,,,,,,,,,,,,,,,,
,PLC00346,,,,,,,,,DHARMA,CC0,PLC00346,,,,,,,,,,,,,,,,,,,,
,PLC00347,,,,,,,,,DHARMA,CC0,PLC00347,,,,,,,,,,,,,,,,,,,,
,PLC00348,,,,,,,,,DHARMA,CC0,PLC00348,,,,,,,,,,,,,,,,,,,,
,PLC00349,,,,,,,,,DHARMA,CC0,PLC00349,,,,,,,,,,,,,,,,,,,,
,PLC00350,,,,,,,,,DHARMA,CC0,PLC00350,,,,,,,,,,,,,,,,,,,,
,PLC00351,,,,,,,,,DHARMA,CC0,PLC00351,,,,,,,,,,,,,,,,,,,,
,PLC00352,,,,,,,,,DHARMA,CC0,PLC00352,,,,,,,,,,,,,,,,,,,,
,PLC00353,,,,,,,,,DHARMA,CC0,PLC00353,,,,,,,,,,,,,,,,,,,,
,PLC00354,,,,,,,,,DHARMA,CC0,PLC00354,,,,,,,,,,,,,,,,,,,,
,PLC00355,,,,,,,,,DHARMA,CC0,PLC00355,,,,,,,,,,,,,,,,,,,,
,PLC00356,,,,,,,,,DHARMA,CC0,PLC00356,,,,,,,,,,,,,,,,,,,,
,PLC00357,,,,,,,,,DHARMA,CC0,PLC00357,,,,,,,,,,,,,,,,,,,,
,PLC00358,,,,,,,,,DHARMA,CC0,PLC00358,,,,,,,,,,,,,,,,,,,,
,PLC00359,,,,,,,,,DHARMA,CC0,PLC00359,,,,,,,,,,,,,,,,,,,,
,PLC00360,,,,,,,,,DHARMA,CC0,PLC00360,,,,,,,,,,,,,,,,,,,,
,PLC00361,,,,,,,,,DHARMA,CC0,PLC00361,,,,,,,,,,,,,,,,,,,,
,PLC00362,,,,,,,,,DHARMA,CC0,PLC00362,,,,,,,,,,,,,,,,,,,,
,PLC00363,,,,,,,,,DHARMA,CC0,PLC00363,,,,,,,,,,,,,,,,,,,,
,PLC00364,,,,,,,,,DHARMA,CC0,PLC00364,,,,,,,,,,,,,,,,,,,,
,PLC00365,,,,,,,,,DHARMA,CC0,PLC00365,,,,,,,,,,,,,,,,,,,,
,PLC00366,,,,,,,,,DHARMA,CC0,PLC00366,,,,,,,,,,,,,,,,,,,,
,PLC00367,,,,,,,,,DHARMA,CC0,PLC00367,,,,,,,,,,,,,,,,,,,,
,PLC00368,,,,,,,,,DHARMA,CC0,PLC00368,,,,,,,,,,,,,,,,,,,,
,PLC00369,,,,,,,,,DHARMA,CC0,PLC00369,,,,,,,,,,,,,,,,,,,,
,PLC00370,,,,,,,,,DHARMA,CC0,PLC00370,,,,,,,,,,,,,,,,,,,,
,PLC00371,,,,,,,,,DHARMA,CC0,PLC00371,,,,,,,,,,,,,,,,,,,,
,PLC00372,,,,,,,,,DHARMA,CC0,PLC00372,,,,,,,,,,,,,,,,,,,,
,PLC00373,,,,,,,,,DHARMA,CC0,PLC00373,,,,,,,,,,,,,,,,,,,,
,PLC00374,,,,,,,,,DHARMA,CC0,PLC00374,,,,,,,,,,,,,,,,,,,,
,PLC00375,,,,,,,,,DHARMA,CC0,PLC00375,,,,,,,,,,,,,,,,,,,,
,PLC00376,,,,,,,,,DHARMA,CC0,PLC00376,,,,,,,,,,,,,,,,,,,,
,PLC00377,,,,,,,,,DHARMA,CC0,PLC00377,,,,,,,,,,,,,,,,,,,,
,PLC00378,,,,,,,,,DHARMA,CC0,PLC00378,,,,,,,,,,,,,,,,,,,,
,PLC00379,,,,,,,,,DHARMA,CC0,PLC00379,,,,,,,,,,,,,,,,,,,,
,PLC00380,,,,,,,,,DHARMA,CC0,PLC00380,,,,,,,,,,,,,,,,,,,,
,PLC00381,,,,,,,,,DHARMA,CC0,PLC00381,,,,,,,,,,,,,,,,,,,,
,PLC00382,,,,,,,,,DHARMA,CC0,PLC00382,,,,,,,,,,,,,,,,,,,,
,PLC00383,,,,,,,,,DHARMA,CC0,PLC00383,,,,,,,,,,,,,,,,,,,,
,PLC00384,,,,,,,,,DHARMA,CC0,PLC00384,,,,,,,,,,,,,,,,,,,,
,PLC00385,,,,,,,,,DHARMA,CC0,PLC00385,,,,,,,,,,,,,,,,,,,,
,PLC00386,,,,,,,,,DHARMA,CC0,PLC00386,,,,,,,,,,,,,,,,,,,,
,PLC00387,,,,,,,,,DHARMA,CC0,PLC00387,,,,,,,,,,,,,,,,,,,,
,PLC00388,,,,,,,,,DHARMA,CC0,PLC00388,,,,,,,,,,,,,,,,,,,,
,PLC00389,,,,,,,,,DHARMA,CC0,PLC00389,,,,,,,,,,,,,,,,,,,,
,PLC00390,,,,,,,,,DHARMA,CC0,PLC00390,,,,,,,,,,,,,,,,,,,,
,PLC00391,,,,,,,,,DHARMA,CC0,PLC00391,,,,,,,,,,,,,,,,,,,,
,PLC00392,,,,,,,,,DHARMA,CC0,PLC00392,,,,,,,,,,,,,,,,,,,,
,PLC00393,,,,,,,,,DHARMA,CC0,PLC00393,,,,,,,,,,,,,,,,,,,,
,PLC00394,,,,,,,,,DHARMA,CC0,PLC00394,,,,,,,,,,,,,,,,,,,,
,PLC00395,,,,,,,,,DHARMA,CC0,PLC00395,,,,,,,,,,,,,,,,,,,,
,PLC00396,,,,,,,,,DHARMA,CC0,PLC00396,,,,,,,,,,,,,,,,,,,,
,PLC00397,,,,,,,,,DHARMA,CC0,PLC00397,,,,,,,,,,,,,,,,,,,,
,PLC00398,,,,,,,,,DHARMA,CC0,PLC00398,,,,,,,,,,,,,,,,,,,,
,PLC00399,,,,,,,,,DHARMA,CC0,PLC00399,,,,,,,,,,,,,,,,,,,,
,PLC00400,,,,,,,,,DHARMA,CC0,PLC00400,,,,,,,,,,,,,,,,,,,,
,PLC00401,,,,,,,,,DHARMA,CC0,PLC00401,,,,,,,,,,,,,,,,,,,,
,PLC00402,,,,,,,,,DHARMA,CC0,PLC00402,,,,,,,,,,,,,,,,,,,,
,PLC00403,,,,,,,,,DHARMA,CC0,PLC00403,,,,,,,,,,,,,,,,,,,,
,PLC00404,,,,,,,,,DHARMA,CC0,PLC00404,,,,,,,,,,,,,,,,,,,,
,PLC00405,,,,,,,,,DHARMA,CC0,PLC00405,,,,,,,,,,,,,,,,,,,,
,PLC00406,,,,,,,,,DHARMA,CC0,PLC00406,,,,,,,,,,,,,,,,,,,,
,PLC00407,,,,,,,,,DHARMA,CC0,PLC00407,,,,,,,,,,,,,,,,,,,,
,PLC00408,,,,,,,,,DHARMA,CC0,PLC00408,,,,,,,,,,,,,,,,,,,,
,PLC00409,,,,,,,,,DHARMA,CC0,PLC00409,,,,,,,,,,,,,,,,,,,,
,PLC00410,,,,,,,,,DHARMA,CC0,PLC00410,,,,,,,,,,,,,,,,,,,,
,PLC00411,,,,,,,,,DHARMA,CC0,PLC00411,,,,,,,,,,,,,,,,,,,,
,PLC00412,,,,,,,,,DHARMA,CC0,PLC00412,,,,,,,,,,,,,,,,,,,,
,PLC00413,,,,,,,,,DHARMA,CC0,PLC00413,,,,,,,,,,,,,,,,,,,,
,PLC00414,,,,,,,,,DHARMA,CC0,PLC00414,,,,,,,,,,,,,,,,,,,,
,PLC00415,,,,,,,,,DHARMA,CC0,PLC00415,,,,,,,,,,,,,,,,,,,,
,PLC00416,,,,,,,,,DHARMA,CC0,PLC00416,,,,,,,,,,,,,,,,,,,,
,PLC00417,,,,,,,,,DHARMA,CC0,PLC00417,,,,,,,,,,,,,,,,,,,,
,PLC00418,,,,,,,,,DHARMA,CC0,PLC00418,,,,,,,,,,,,,,,,,,,,
,PLC00419,,,,,,,,,DHARMA,CC0,PLC00419,,,,,,,,,,,,,,,,,,,,
,PLC00420,,,,,,,,,DHARMA,CC0,PLC00420,,,,,,,,,,,,,,,,,,,,
,PLC00421,,,,,,,,,DHARMA,CC0,PLC00421,,,,,,,,,,,,,,,,,,,,
,PLC00422,,,,,,,,,DHARMA,CC0,PLC00422,,,,,,,,,,,,,,,,,,,,
,PLC00423,,,,,,,,,DHARMA,CC0,PLC00423,,,,,,,,,,,,,,,,,,,,
,PLC00424,,,,,,,,,DHARMA,CC0,PLC00424,,,,,,,,,,,,,,,,,,,,
,PLC00425,,,,,,,,,DHARMA,CC0,PLC00425,,,,,,,,,,,,,,,,,,,,
,PLC00426,,,,,,,,,DHARMA,CC0,PLC00426,,,,,,,,,,,,,,,,,,,,
,PLC00427,,,,,,,,,DHARMA,CC0,PLC00427,,,,,,,,,,,,,,,,,,,,
,PLC00428,,,,,,,,,DHARMA,CC0,PLC00428,,,,,,,,,,,,,,,,,,,,
,PLC00429,,,,,,,,,DHARMA,CC0,PLC00429,,,,,,,,,,,,,,,,,,,,
,PLC00430,,,,,,,,,DHARMA,CC0,PLC00430,,,,,,,,,,,,,,,,,,,,
,PLC00431,,,,,,,,,DHARMA,CC0,PLC00431,,,,,,,,,,,,,,,,,,,,
,PLC00432,,,,,,,,,DHARMA,CC0,PLC00432,,,,,,,,,,,,,,,,,,,,
,PLC00433,,,,,,,,,DHARMA,CC0,PLC00433,,,,,,,,,,,,,,,,,,,,
,PLC00434,,,,,,,,,DHARMA,CC0,PLC00434,,,,,,,,,,,,,,,,,,,,
,PLC00435,,,,,,,,,DHARMA,CC0,PLC00435,,,,,,,,,,,,,,,,,,,,
,PLC00436,,,,,,,,,DHARMA,CC0,PLC00436,,,,,,,,,,,,,,,,,,,,
,PLC00437,,,,,,,,,DHARMA,CC0,PLC00437,,,,,,,,,,,,,,,,,,,,
,PLC00438,,,,,,,,,DHARMA,CC0,PLC00438,,,,,,,,,,,,,,,,,,,,
,PLC00439,,,,,,,,,DHARMA,CC0,PLC00439,,,,,,,,,,,,,,,,,,,,
,PLC00440,,,,,,,,,DHARMA,CC0,PLC00440,,,,,,,,,,,,,,,,,,,,
,PLC00441,,,,,,,,,DHARMA,CC0,PLC00441,,,,,,,,,,,,,,,,,,,,
,PLC00442,,,,,,,,,DHARMA,CC0,PLC00442,,,,,,,,,,,,,,,,,,,,
,PLC00443,,,,,,,,,DHARMA,CC0,PLC00443,,,,,,,,,,,,,,,,,,,,
,PLC00444,,,,,,,,,DHARMA,CC0,PLC00444,,,,,,,,,,,,,,,,,,,,
,PLC00445,,,,,,,,,DHARMA,CC0,PLC00445,,,,,,,,,,,,,,,,,,,,
,PLC00446,,,,,,,,,DHARMA,CC0,PLC00446,,,,,,,,,,,,,,,,,,,,
,PLC00447,,,,,,,,,DHARMA,CC0,PLC00447,,,,,,,,,,,,,,,,,,,,
,PLC00448,,,,,,,,,DHARMA,CC0,PLC00448,,,,,,,,,,,,,,,,,,,,
,PLC00449,,,,,,,,,DHARMA,CC0,PLC00449,,,,,,,,,,,,,,,,,,,,
,PLC00450,,,,,,,,,DHARMA,CC0,PLC00450,,,,,,,,,,,,,,,,,,,,
,PLC00451,,,,,,,,,DHARMA,CC0,PLC00451,,,,,,,,,,,,,,,,,,,,
,PLC00452,,,,,,,,,DHARMA,CC0,PLC00452,,,,,,,,,,,,,,,,,,,,
,PLC00453,,,,,,,,,DHARMA,CC0,PLC00453,,,,,,,,,,,,,,,,,,,,
,PLC00454,,,,,,,,,DHARMA,CC0,PLC00454,,,,,,,,,,,,,,,,,,,,
,PLC00455,,,,,,,,,DHARMA,CC0,PLC00455,,,,,,,,,,,,,,,,,,,,
,PLC00456,,,,,,,,,DHARMA,CC0,PLC00456,,,,,,,,,,,,,,,,,,,,
,PLC00457,,,,,,,,,DHARMA,CC0,PLC00457,,,,,,,,,,,,,,,,,,,,
,PLC00458,,,,,,,,,DHARMA,CC0,PLC00458,,,,,,,,,,,,,,,,,,,,
,PLC00459,,,,,,,,,DHARMA,CC0,PLC00459,,,,,,,,,,,,,,,,,,,,
,PLC00460,,,,,,,,,DHARMA,CC0,PLC00460,,,,,,,,,,,,,,,,,,,,
,PLC00461,,,,,,,,,DHARMA,CC0,PLC00461,,,,,,,,,,,,,,,,,,,,
,PLC00462,,,,,,,,,DHARMA,CC0,PLC00462,,,,,,,,,,,,,,,,,,,,
,PLC00463,,,,,,,,,DHARMA,CC0,PLC00463,,,,,,,,,,,,,,,,,,,,
,PLC00464,,,,,,,,,DHARMA,CC0,PLC00464,,,,,,,,,,,,,,,,,,,,
,PLC00465,,,,,,,,,DHARMA,CC0,PLC00465,,,,,,,,,,,,,,,,,,,,
,PLC00466,,,,,,,,,DHARMA,CC0,PLC00466,,,,,,,,,,,,,,,,,,,,
,PLC00467,,,,,,,,,DHARMA,CC0,PLC00467,,,,,,,,,,,,,,,,,,,,
,PLC00468,,,,,,,,,DHARMA,CC0,PLC00468,,,,,,,,,,,,,,,,,,,,
,PLC00469,,,,,,,,,DHARMA,CC0,PLC00469,,,,,,,,,,,,,,,,,,,,
,PLC00470,,,,,,,,,DHARMA,CC0,PLC00470,,,,,,,,,,,,,,,,,,,,
,PLC00471,,,,,,,,,DHARMA,CC0,PLC00471,,,,,,,,,,,,,,,,,,,,
,PLC00472,,,,,,,,,DHARMA,CC0,PLC00472,,,,,,,,,,,,,,,,,,,,
,PLC00473,,,,,,,,,DHARMA,CC0,PLC00473,,,,,,,,,,,,,,,,,,,,
,PLC00474,,,,,,,,,DHARMA,CC0,PLC00474,,,,,,,,,,,,,,,,,,,,
,PLC00475,,,,,,,,,DHARMA,CC0,PLC00475,,,,,,,,,,,,,,,,,,,,
,PLC00476,,,,,,,,,DHARMA,CC0,PLC00476,,,,,,,,,,,,,,,,,,,,
,PLC00477,,,,,,,,,DHARMA,CC0,PLC00477,,,,,,,,,,,,,,,,,,,,
,PLC00478,,,,,,,,,DHARMA,CC0,PLC00478,,,,,,,,,,,,,,,,,,,,
,PLC00479,,,,,,,,,DHARMA,CC0,PLC00479,,,,,,,,,,,,,,,,,,,,
,PLC00480,,,,,,,,,DHARMA,CC0,PLC00480,,,,,,,,,,,,,,,,,,,,
,PLC00481,,,,,,,,,DHARMA,CC0,PLC00481,,,,,,,,,,,,,,,,,,,,
,PLC00482,,,,,,,,,DHARMA,CC0,PLC00482,,,,,,,,,,,,,,,,,,,,
,PLC00483,,,,,,,,,DHARMA,CC0,PLC00483,,,,,,,,,,,,,,,,,,,,
,PLC00484,,,,,,,,,DHARMA,CC0,PLC00484,,,,,,,,,,,,,,,,,,,,
,PLC00485,,,,,,,,,DHARMA,CC0,PLC00485,,,,,,,,,,,,,,,,,,,,
,PLC00486,,,,,,,,,DHARMA,CC0,PLC00486,,,,,,,,,,,,,,,,,,,,
,PLC00487,,,,,,,,,DHARMA,CC0,PLC00487,,,,,,,,,,,,,,,,,,,,
,PLC00488,,,,,,,,,DHARMA,CC0,PLC00488,,,,,,,,,,,,,,,,,,,,
,PLC00489,,,,,,,,,DHARMA,CC0,PLC00489,,,,,,,,,,,,,,,,,,,,
,PLC00490,,,,,,,,,DHARMA,CC0,PLC00490,,,,,,,,,,,,,,,,,,,,
,PLC00491,,,,,,,,,DHARMA,CC0,PLC00491,,,,,,,,,,,,,,,,,,,,
,PLC00492,,,,,,,,,DHARMA,CC0,PLC00492,,,,,,,,,,,,,,,,,,,,
,PLC00493,,,,,,,,,DHARMA,CC0,PLC00493,,,,,,,,,,,,,,,,,,,,
,PLC00494,,,,,,,,,DHARMA,CC0,PLC00494,,,,,,,,,,,,,,,,,,,,
,PLC00495,,,,,,,,,DHARMA,CC0,PLC00495,,,,,,,,,,,,,,,,,,,,
,PLC00496,,,,,,,,,DHARMA,CC0,PLC00496,,,,,,,,,,,,,,,,,,,,
,PLC00497,,,,,,,,,DHARMA,CC0,PLC00497,,,,,,,,,,,,,,,,,,,,
,PLC00498,,,,,,,,,DHARMA,CC0,PLC00498,,,,,,,,,,,,,,,,,,,,
,PLC00499,,,,,,,,,DHARMA,CC0,PLC00499,,,,,,,,,,,,,,,,,,,,
,PLC00500,,,,,,,,,DHARMA,CC0,PLC00500,,,,,,,,,,,,,,,,,,,,
,PLC00501,,,,,,,,,DHARMA,CC0,PLC00501,,,,,,,,,,,,,,,,,,,,
,PLC00502,,,,,,,,,DHARMA,CC0,PLC00502,,,,,,,,,,,,,,,,,,,,
,PLC00503,,,,,,,,,DHARMA,CC0,PLC00503,,,,,,,,,,,,,,,,,,,,
,PLC00504,,,,,,,,,DHARMA,CC0,PLC00504,,,,,,,,,,,,,,,,,,,,
,PLC00505,,,,,,,,,DHARMA,CC0,PLC00505,,,,,,,,,,,,,,,,,,,,
,PLC00506,,,,,,,,,DHARMA,CC0,PLC00506,,,,,,,,,,,,,,,,,,,,
,PLC00507,,,,,,,,,DHARMA,CC0,PLC00507,,,,,,,,,,,,,,,,,,,,
,PLC00508,,,,,,,,,DHARMA,CC0,PLC00508,,,,,,,,,,,,,,,,,,,,
,PLC00509,,,,,,,,,DHARMA,CC0,PLC00509,,,,,,,,,,,,,,,,,,,,
,PLC00510,,,,,,,,,DHARMA,CC0,PLC00510,,,,,,,,,,,,,,,,,,,,
,PLC00511,,,,,,,,,DHARMA,CC0,PLC00511,,,,,,,,,,,,,,,,,,,,
,PLC00512,,,,,,,,,DHARMA,CC0,PLC00512,,,,,,,,,,,,,,,,,,,,
,PLC00513,,,,,,,,,DHARMA,CC0,PLC00513,,,,,,,,,,,,,,,,,,,,
,PLC00514,,,,,,,,,DHARMA,CC0,PLC00514,,,,,,,,,,,,,,,,,,,,
,PLC00515,,,,,,,,,DHARMA,CC0,PLC00515,,,,,,,,,,,,,,,,,,,,
,PLC00516,,,,,,,,,DHARMA,CC0,PLC00516,,,,,,,,,,,,,,,,,,,,
,PLC00517,,,,,,,,,DHARMA,CC0,PLC00517,,,,,,,,,,,,,,,,,,,,
,PLC00518,,,,,,,,,DHARMA,CC0,PLC00518,,,,,,,,,,,,,,,,,,,,
,PLC00519,,,,,,,,,DHARMA,CC0,PLC00519,,,,,,,,,,,,,,,,,,,,
,PLC00520,,,,,,,,,DHARMA,CC0,PLC00520,,,,,,,,,,,,,,,,,,,,
,PLC00521,,,,,,,,,DHARMA,CC0,PLC00521,,,,,,,,,,,,,,,,,,,,
,PLC00522,,,,,,,,,DHARMA,CC0,PLC00522,,,,,,,,,,,,,,,,,,,,
,PLC00523,,,,,,,,,DHARMA,CC0,PLC00523,,,,,,,,,,,,,,,,,,,,
,PLC00524,,,,,,,,,DHARMA,CC0,PLC00524,,,,,,,,,,,,,,,,,,,,
,PLC00525,,,,,,,,,DHARMA,CC0,PLC00525,,,,,,,,,,,,,,,,,,,,
,PLC00526,,,,,,,,,DHARMA,CC0,PLC00526,,,,,,,,,,,,,,,,,,,,
,PLC00527,,,,,,,,,DHARMA,CC0,PLC00527,,,,,,,,,,,,,,,,,,,,
,PLC00528,,,,,,,,,DHARMA,CC0,PLC00528,,,,,,,,,,,,,,,,,,,,
,PLC00529,,,,,,,,,DHARMA,CC0,PLC00529,,,,,,,,,,,,,,,,,,,,
,PLC00530,,,,,,,,,DHARMA,CC0,PLC00530,,,,,,,,,,,,,,,,,,,,
,PLC00531,,,,,,,,,DHARMA,CC0,PLC00531,,,,,,,,,,,,,,,,,,,,
,PLC00532,,,,,,,,,DHARMA,CC0,PLC00532,,,,,,,,,,,,,,,,,,,,
,PLC00533,,,,,,,,,DHARMA,CC0,PLC00533,,,,,,,,,,,,,,,,,,,,
,PLC00534,,,,,,,,,DHARMA,CC0,PLC00534,,,,,,,,,,,,,,,,,,,,
,PLC00535,,,,,,,,,DHARMA,CC0,PLC00535,,,,,,,,,,,,,,,,,,,,
,PLC00536,,,,,,,,,DHARMA,CC0,PLC00536,,,,,,,,,,,,,,,,,,,,
,PLC00537,,,,,,,,,DHARMA,CC0,PLC00537,,,,,,,,,,,,,,,,,,,,
,PLC00538,,,,,,,,,DHARMA,CC0,PLC00538,,,,,,,,,,,,,,,,,,,,
,PLC00539,,,,,,,,,DHARMA,CC0,PLC00539,,,,,,,,,,,,,,,,,,,,
,PLC00540,,,,,,,,,DHARMA,CC0,PLC00540,,,,,,,,,,,,,,,,,,,,
,PLC00541,,,,,,,,,DHARMA,CC0,PLC00541,,,,,,,,,,,,,,,,,,,,
,PLC00542,,,,,,,,,DHARMA,CC0,PLC00542,,,,,,,,,,,,,,,,,,,,
,PLC00543,,,,,,,,,DHARMA,CC0,PLC00543,,,,,,,,,,,,,,,,,,,,
,PLC00544,,,,,,,,,DHARMA,CC0,PLC00544,,,,,,,,,,,,,,,,,,,,
,PLC00545,,,,,,,,,DHARMA,CC0,PLC00545,,,,,,,,,,,,,,,,,,,,
,PLC00546,,,,,,,,,DHARMA,CC0,PLC00546,,,,,,,,,,,,,,,,,,,,
,PLC00547,,,,,,,,,DHARMA,CC0,PLC00547,,,,,,,,,,,,,,,,,,,,
,PLC00548,,,,,,,,,DHARMA,CC0,PLC00548,,,,,,,,,,,,,,,,,,,,
,PLC00549,,,,,,,,,DHARMA,CC0,PLC00549,,,,,,,,,,,,,,,,,,,,
,PLC00550,,,,,,,,,DHARMA,CC0,PLC00550,,,,,,,,,,,,,,,,,,,,
,PLC00551,,,,,,,,,DHARMA,CC0,PLC00551,,,,,,,,,,,,,,,,,,,,
,PLC00552,,,,,,,,,DHARMA,CC0,PLC00552,,,,,,,,,,,,,,,,,,,,
,PLC00553,,,,,,,,,DHARMA,CC0,PLC00553,,,,,,,,,,,,,,,,,,,,
,PLC00554,,,,,,,,,DHARMA,CC0,PLC00554,,,,,,,,,,,,,,,,,,,,
,PLC00555,,,,,,,,,DHARMA,CC0,PLC00555,,,,,,,,,,,,,,,,,,,,
,PLC00556,,,,,,,,,DHARMA,CC0,PLC00556,,,,,,,,,,,,,,,,,,,,
,PLC00557,,,,,,,,,DHARMA,CC0,PLC00557,,,,,,,,,,,,,,,,,,,,
,PLC00558,,,,,,,,,DHARMA,CC0,PLC00558,,,,,,,,,,,,,,,,,,,,
,PLC00559,,,,,,,,,DHARMA,CC0,PLC00559,,,,,,,,,,,,,,,,,,,,
,PLC00560,,,,,,,,,DHARMA,CC0,PLC00560,,,,,,,,,,,,,,,,,,,,
,PLC00561,,,,,,,,,DHARMA,CC0,PLC00561,,,,,,,,,,,,,,,,,,,,
,PLC00562,,,,,,,,,DHARMA,CC0,PLC00562,,,,,,,,,,,,,,,,,,,,
,PLC00563,,,,,,,,,DHARMA,CC0,PLC00563,,,,,,,,,,,,,,,,,,,,
,PLC00564,,,,,,,,,DHARMA,CC0,PLC00564,,,,,,,,,,,,,,,,,,,,
,PLC00565,,,,,,,,,DHARMA,CC0,PLC00565,,,,,,,,,,,,,,,,,,,,
,PLC00566,,,,,,,,,DHARMA,CC0,PLC00566,,,,,,,,,,,,,,,,,,,,
,PLC00567,,,,,,,,,DHARMA,CC0,PLC00567,,,,,,,,,,,,,,,,,,,,
,PLC00568,,,,,,,,,DHARMA,CC0,PLC00568,,,,,,,,,,,,,,,,,,,,
,PLC00569,,,,,,,,,DHARMA,CC0,PLC00569,,,,,,,,,,,,,,,,,,,,
,PLC00570,,,,,,,,,DHARMA,CC0,PLC00570,,,,,,,,,,,,,,,,,,,,
,PLC00571,,,,,,,,,DHARMA,CC0,PLC00571,,,,,,,,,,,,,,,,,,,,
,PLC00572,,,,,,,,,DHARMA,CC0,PLC00572,,,,,,,,,,,,,,,,,,,,
,PLC00573,,,,,,,,,DHARMA,CC0,PLC00573,,,,,,,,,,,,,,,,,,,,
,PLC00574,,,,,,,,,DHARMA,CC0,PLC00574,,,,,,,,,,,,,,,,,,,,
,PLC00575,,,,,,,,,DHARMA,CC0,PLC00575,,,,,,,,,,,,,,,,,,,,
,PLC00576,,,,,,,,,DHARMA,CC0,PLC00576,,,,,,,,,,,,,,,,,,,,
,PLC00577,,,,,,,,,DHARMA,CC0,PLC00577,,,,,,,,,,,,,,,,,,,,
,PLC00578,,,,,,,,,DHARMA,CC0,PLC00578,,,,,,,,,,,,,,,,,,,,
,PLC00579,,,,,,,,,DHARMA,CC0,PLC00579,,,,,,,,,,,,,,,,,,,,
,PLC00580,,,,,,,,,DHARMA,CC0,PLC00580,,,,,,,,,,,,,,,,,,,,
,PLC00581,,,,,,,,,DHARMA,CC0,PLC00581,,,,,,,,,,,,,,,,,,,,
,PLC00582,,,,,,,,,DHARMA,CC0,PLC00582,,,,,,,,,,,,,,,,,,,,
,PLC00583,,,,,,,,,DHARMA,CC0,PLC00583,,,,,,,,,,,,,,,,,,,,
,PLC00584,,,,,,,,,DHARMA,CC0,PLC00584,,,,,,,,,,,,,,,,,,,,
,PLC00585,,,,,,,,,DHARMA,CC0,PLC00585,,,,,,,,,,,,,,,,,,,,
,PLC00586,,,,,,,,,DHARMA,CC0,PLC00586,,,,,,,,,,,,,,,,,,,,
,PLC00587,,,,,,,,,DHARMA,CC0,PLC00587,,,,,,,,,,,,,,,,,,,,
,PLC00588,,,,,,,,,DHARMA,CC0,PLC00588,,,,,,,,,,,,,,,,,,,,
,PLC00589,,,,,,,,,DHARMA,CC0,PLC00589,,,,,,,,,,,,,,,,,,,,
,PLC00590,,,,,,,,,DHARMA,CC0,PLC00590,,,,,,,,,,,,,,,,,,,,
,PLC00591,,,,,,,,,DHARMA,CC0,PLC00591,,,,,,,,,,,,,,,,,,,,
,PLC00592,,,,,,,,,DHARMA,CC0,PLC00592,,,,,,,,,,,,,,,,,,,,
,PLC00593,,,,,,,,,DHARMA,CC0,PLC00593,,,,,,,,,,,,,,,,,,,,
,PLC00594,,,,,,,,,DHARMA,CC0,PLC00594,,,,,,,,,,,,,,,,,,,,
,PLC00595,,,,,,,,,DHARMA,CC0,PLC00595,,,,,,,,,,,,,,,,,,,,
,PLC00596,,,,,,,,,DHARMA,CC0,PLC00596,,,,,,,,,,,,,,,,,,,,
,PLC00597,,,,,,,,,DHARMA,CC0,PLC00597,,,,,,,,,,,,,,,,,,,,
,PLC00598,,,,,,,,,DHARMA,CC0,PLC00598,,,,,,,,,,,,,,,,,,,,
,PLC00599,,,,,,,,,DHARMA,CC0,PLC00599,,,,,,,,,,,,,,,,,,,,
,PLC00600,,,,,,,,,DHARMA,CC0,PLC00600,,,,,,,,,,,,,,,,,,,,
,PLC00601,,,,,,,,,DHARMA,CC0,PLC00601,,,,,,,,,,,,,,,,,,,,
,PLC00602,,,,,,,,,DHARMA,CC0,PLC00602,,,,,,,,,,,,,,,,,,,,
,PLC00603,,,,,,,,,DHARMA,CC0,PLC00603,,,,,,,,,,,,,,,,,,,,
,PLC00604,,,,,,,,,DHARMA,CC0,PLC00604,,,,,,,,,,,,,,,,,,,,
,PLC00605,,,,,,,,,DHARMA,CC0,PLC00605,,,,,,,,,,,,,,,,,,,,
,PLC00606,,,,,,,,,DHARMA,CC0,PLC00606,,,,,,,,,,,,,,,,,,,,
,PLC00607,,,,,,,,,DHARMA,CC0,PLC00607,,,,,,,,,,,,,,,,,,,,
,PLC00608,,,,,,,,,DHARMA,CC0,PLC00608,,,,,,,,,,,,,,,,,,,,
,PLC00609,,,,,,,,,DHARMA,CC0,PLC00609,,,,,,,,,,,,,,,,,,,,
,PLC00610,,,,,,,,,DHARMA,CC0,PLC00610,,,,,,,,,,,,,,,,,,,,
,PLC00611,,,,,,,,,DHARMA,CC0,PLC00611,,,,,,,,,,,,,,,,,,,,
,PLC00612,,,,,,,,,DHARMA,CC0,PLC00612,,,,,,,,,,,,,,,,,,,,
,PLC00613,,,,,,,,,DHARMA,CC0,PLC00613,,,,,,,,,,,,,,,,,,,,
,PLC00614,,,,,,,,,DHARMA,CC0,PLC00614,,,,,,,,,,,,,,,,,,,,
,PLC00615,,,,,,,,,DHARMA,CC0,PLC00615,,,,,,,,,,,,,,,,,,,,
,PLC00616,,,,,,,,,DHARMA,CC0,PLC00616,,,,,,,,,,,,,,,,,,,,
,PLC00617,,,,,,,,,DHARMA,CC0,PLC00617,,,,,,,,,,,,,,,,,,,,
,PLC00618,,,,,,,,,DHARMA,CC0,PLC00618,,,,,,,,,,,,,,,,,,,,
,PLC00619,,,,,,,,,DHARMA,CC0,PLC00619,,,,,,,,,,,,,,,,,,,,
,PLC00620,,,,,,,,,DHARMA,CC0,PLC00620,,,,,,,,,,,,,,,,,,,,
,PLC00621,,,,,,,,,DHARMA,CC0,PLC00621,,,,,,,,,,,,,,,,,,,,
,PLC00622,,,,,,,,,DHARMA,CC0,PLC00622,,,,,,,,,,,,,,,,,,,,
,PLC00623,,,,,,,,,DHARMA,CC0,PLC00623,,,,,,,,,,,,,,,,,,,,
,PLC00624,,,,,,,,,DHARMA,CC0,PLC00624,,,,,,,,,,,,,,,,,,,,
,PLC00625,,,,,,,,,DHARMA,CC0,PLC00625,,,,,,,,,,,,,,,,,,,,
,PLC00626,,,,,,,,,DHARMA,CC0,PLC00626,,,,,,,,,,,,,,,,,,,,
,PLC00627,,,,,,,,,DHARMA,CC0,PLC00627,,,,,,,,,,,,,,,,,,,,
,PLC00628,,,,,,,,,DHARMA,CC0,PLC00628,,,,,,,,,,,,,,,,,,,,
,PLC00629,,,,,,,,,DHARMA,CC0,PLC00629,,,,,,,,,,,,,,,,,,,,
,PLC00630,,,,,,,,,DHARMA,CC0,PLC00630,,,,,,,,,,,,,,,,,,,,
,PLC00631,,,,,,,,,DHARMA,CC0,PLC00631,,,,,,,,,,,,,,,,,,,,
,PLC00632,,,,,,,,,DHARMA,CC0,PLC00632,,,,,,,,,,,,,,,,,,,,
,PLC00633,,,,,,,,,DHARMA,CC0,PLC00633,,,,,,,,,,,,,,,,,,,,
,PLC00634,,,,,,,,,DHARMA,CC0,PLC00634,,,,,,,,,,,,,,,,,,,,
,PLC00635,,,,,,,,,DHARMA,CC0,PLC00635,,,,,,,,,,,,,,,,,,,,
,PLC00636,,,,,,,,,DHARMA,CC0,PLC00636,,,,,,,,,,,,,,,,,,,,
,PLC00637,,,,,,,,,DHARMA,CC0,PLC00637,,,,,,,,,,,,,,,,,,,,
,PLC00638,,,,,,,,,DHARMA,CC0,PLC00638,,,,,,,,,,,,,,,,,,,,
,PLC00639,,,,,,,,,DHARMA,CC0,PLC00639,,,,,,,,,,,,,,,,,,,,
,PLC00640,,,,,,,,,DHARMA,CC0,PLC00640,,,,,,,,,,,,,,,,,,,,
,PLC00641,,,,,,,,,DHARMA,CC0,PLC00641,,,,,,,,,,,,,,,,,,,,
,PLC00642,,,,,,,,,DHARMA,CC0,PLC00642,,,,,,,,,,,,,,,,,,,,
,PLC00643,,,,,,,,,DHARMA,CC0,PLC00643,,,,,,,,,,,,,,,,,,,,
,PLC00644,,,,,,,,,DHARMA,CC0,PLC00644,,,,,,,,,,,,,,,,,,,,
,PLC00645,,,,,,,,,DHARMA,CC0,PLC00645,,,,,,,,,,,,,,,,,,,,
,PLC00646,,,,,,,,,DHARMA,CC0,PLC00646,,,,,,,,,,,,,,,,,,,,
,PLC00647,,,,,,,,,DHARMA,CC0,PLC00647,,,,,,,,,,,,,,,,,,,,
,PLC00648,,,,,,,,,DHARMA,CC0,PLC00648,,,,,,,,,,,,,,,,,,,,
,PLC00649,,,,,,,,,DHARMA,CC0,PLC00649,,,,,,,,,,,,,,,,,,,,
,PLC00650,,,,,,,,,DHARMA,CC0,PLC00650,,,,,,,,,,,,,,,,,,,,
,PLC00651,,,,,,,,,DHARMA,CC0,PLC00651,,,,,,,,,,,,,,,,,,,,
,PLC00652,,,,,,,,,DHARMA,CC0,PLC00652,,,,,,,,,,,,,,,,,,,,
,PLC00653,,,,,,,,,DHARMA,CC0,PLC00653,,,,,,,,,,,,,,,,,,,,
,PLC00654,,,,,,,,,DHARMA,CC0,PLC00654,,,,,,,,,,,,,,,,,,,,
,PLC00655,,,,,,,,,DHARMA,CC0,PLC00655,,,,,,,,,,,,,,,,,,,,
,PLC00656,,,,,,,,,DHARMA,CC0,PLC00656,,,,,,,,,,,,,,,,,,,,
,PLC00657,,,,,,,,,DHARMA,CC0,PLC00657,,,,,,,,,,,,,,,,,,,,
,PLC00658,,,,,,,,,DHARMA,CC0,PLC00658,,,,,,,,,,,,,,,,,,,,
,PLC00659,,,,,,,,,DHARMA,CC0,PLC00659,,,,,,,,,,,,,,,,,,,,
,PLC00660,,,,,,,,,DHARMA,CC0,PLC00660,,,,,,,,,,,,,,,,,,,,
,PLC00661,,,,,,,,,DHARMA,CC0,PLC00661,,,,,,,,,,,,,,,,,,,,
,PLC00662,,,,,,,,,DHARMA,CC0,PLC00662,,,,,,,,,,,,,,,,,,,,
,PLC00663,,,,,,,,,DHARMA,CC0,PLC00663,,,,,,,,,,,,,,,,,,,,
,PLC00664,,,,,,,,,DHARMA,CC0,PLC00664,,,,,,,,,,,,,,,,,,,,
,PLC00665,,,,,,,,,DHARMA,CC0,PLC00665,,,,,,,,,,,,,,,,,,,,
,PLC00666,,,,,,,,,DHARMA,CC0,PLC00666,,,,,,,,,,,,,,,,,,,,
,PLC00667,,,,,,,,,DHARMA,CC0,PLC00667,,,,,,,,,,,,,,,,,,,,
,PLC00668,,,,,,,,,DHARMA,CC0,PLC00668,,,,,,,,,,,,,,,,,,,,
,PLC00669,,,,,,,,,DHARMA,CC0,PLC00669,,,,,,,,,,,,,,,,,,,,
,PLC00670,,,,,,,,,DHARMA,CC0,PLC00670,,,,,,,,,,,,,,,,,,,,
,PLC00671,,,,,,,,,DHARMA,CC0,PLC00671,,,,,,,,,,,,,,,,,,,,
,PLC00672,,,,,,,,,DHARMA,CC0,PLC00672,,,,,,,,,,,,,,,,,,,,
,PLC00673,,,,,,,,,DHARMA,CC0,PLC00673,,,,,,,,,,,,,,,,,,,,
,PLC00674,,,,,,,,,DHARMA,CC0,PLC00674,,,,,,,,,,,,,,,,,,,,
,PLC00675,,,,,,,,,DHARMA,CC0,PLC00675,,,,,,,,,,,,,,,,,,,,
,PLC00676,,,,,,,,,DHARMA,CC0,PLC00676,,,,,,,,,,,,,,,,,,,,
,PLC00677,,,,,,,,,DHARMA,CC0,PLC00677,,,,,,,,,,,,,,,,,,,,
,PLC00678,,,,,,,,,DHARMA,CC0,PLC00678,,,,,,,,,,,,,,,,,,,,
,PLC00679,,,,,,,,,DHARMA,CC0,PLC00679,,,,,,,,,,,,,,,,,,,,
,PLC00680,,,,,,,,,DHARMA,CC0,PLC00680,,,,,,,,,,,,,,,,,,,,
,PLC00681,,,,,,,,,DHARMA,CC0,PLC00681,,,,,,,,,,,,,,,,,,,,
,PLC00682,,,,,,,,,DHARMA,CC0,PLC00682,,,,,,,,,,,,,,,,,,,,
,PLC00683,,,,,,,,,DHARMA,CC0,PLC00683,,,,,,,,,,,,,,,,,,,,
,PLC00684,,,,,,,,,DHARMA,CC0,PLC00684,,,,,,,,,,,,,,,,,,,,
,PLC00685,,,,,,,,,DHARMA,CC0,PLC00685,,,,,,,,,,,,,,,,,,,,
,PLC00686,,,,,,,,,DHARMA,CC0,PLC00686,,,,,,,,,,,,,,,,,,,,
,PLC00687,,,,,,,,,DHARMA,CC0,PLC00687,,,,,,,,,,,,,,,,,,,,
,PLC00688,,,,,,,,,DHARMA,CC0,PLC00688,,,,,,,,,,,,,,,,,,,,
,PLC00689,,,,,,,,,DHARMA,CC0,PLC00689,,,,,,,,,,,,,,,,,,,,
,PLC00690,,,,,,,,,DHARMA,CC0,PLC00690,,,,,,,,,,,,,,,,,,,,
,PLC00691,,,,,,,,,DHARMA,CC0,PLC00691,,,,,,,,,,,,,,,,,,,,
,PLC00692,,,,,,,,,DHARMA,CC0,PLC00692,,,,,,,,,,,,,,,,,,,,
,PLC00693,,,,,,,,,DHARMA,CC0,PLC00693,,,,,,,,,,,,,,,,,,,,
,PLC00694,,,,,,,,,DHARMA,CC0,PLC00694,,,,,,,,,,,,,,,,,,,,
,PLC00695,,,,,,,,,DHARMA,CC0,PLC00695,,,,,,,,,,,,,,,,,,,,
,PLC00696,,,,,,,,,DHARMA,CC0,PLC00696,,,,,,,,,,,,,,,,,,,,
,PLC00697,,,,,,,,,DHARMA,CC0,PLC00697,,,,,,,,,,,,,,,,,,,,
,PLC00698,,,,,,,,,DHARMA,CC0,PLC00698,,,,,,,,,,,,,,,,,,,,
,PLC00699,,,,,,,,,DHARMA,CC0,PLC00699,,,,,,,,,,,,,,,,,,,,
,PLC00700,,,,,,,,,DHARMA,CC0,PLC00700,,,,,,,,,,,,,,,,,,,,
,PLC00701,,,,,,,,,DHARMA,CC0,PLC00701,,,,,,,,,,,,,,,,,,,,
,PLC00702,,,,,,,,,DHARMA,CC0,PLC00702,,,,,,,,,,,,,,,,,,,,
,PLC00703,,,,,,,,,DHARMA,CC0,PLC00703,,,,,,,,,,,,,,,,,,,,
,PLC00704,,,,,,,,,DHARMA,CC0,PLC00704,,,,,,,,,,,,,,,,,,,,
,PLC00705,,,,,,,,,DHARMA,CC0,PLC00705,,,,,,,,,,,,,,,,,,,,
,PLC00706,,,,,,,,,DHARMA,CC0,PLC00706,,,,,,,,,,,,,,,,,,,,
,PLC00707,,,,,,,,,DHARMA,CC0,PLC00707,,,,,,,,,,,,,,,,,,,,
,PLC00708,,,,,,,,,DHARMA,CC0,PLC00708,,,,,,,,,,,,,,,,,,,,
,PLC00709,,,,,,,,,DHARMA,CC0,PLC00709,,,,,,,,,,,,,,,,,,,,
,PLC00710,,,,,,,,,DHARMA,CC0,PLC00710,,,,,,,,,,,,,,,,,,,,
,PLC00711,,,,,,,,,DHARMA,CC0,PLC00711,,,,,,,,,,,,,,,,,,,,
,PLC00712,,,,,,,,,DHARMA,CC0,PLC00712,,,,,,,,,,,,,,,,,,,,
,PLC00713,,,,,,,,,DHARMA,CC0,PLC00713,,,,,,,,,,,,,,,,,,,,
,PLC00714,,,,,,,,,DHARMA,CC0,PLC00714,,,,,,,,,,,,,,,,,,,,
,PLC00715,,,,,,,,,DHARMA,CC0,PLC00715,,,,,,,,,,,,,,,,,,,,
,PLC00716,,,,,,,,,DHARMA,CC0,PLC00716,,,,,,,,,,,,,,,,,,,,
,PLC00717,,,,,,,,,DHARMA,CC0,PLC00717,,,,,,,,,,,,,,,,,,,,
,PLC00718,,,,,,,,,DHARMA,CC0,PLC00718,,,,,,,,,,,,,,,,,,,,
,PLC00719,,,,,,,,,DHARMA,CC0,PLC00719,,,,,,,,,,,,,,,,,,,,
,PLC00720,,,,,,,,,DHARMA,CC0,PLC00720,,,,,,,,,,,,,,,,,,,,
,PLC00721,,,,,,,,,DHARMA,CC0,PLC00721,,,,,,,,,,,,,,,,,,,,
,PLC00722,,,,,,,,,DHARMA,CC0,PLC00722,,,,,,,,,,,,,,,,,,,,
,PLC00723,,,,,,,,,DHARMA,CC0,PLC00723,,,,,,,,,,,,,,,,,,,,
,PLC00724,,,,,,,,,DHARMA,CC0,PLC00724,,,,,,,,,,,,,,,,,,,,
,PLC00725,,,,,,,,,DHARMA,CC0,PLC00725,,,,,,,,,,,,,,,,,,,,
,PLC00726,,,,,,,,,DHARMA,CC0,PLC00726,,,,,,,,,,,,,,,,,,,,
,PLC00727,,,,,,,,,DHARMA,CC0,PLC00727,,,,,,,,,,,,,,,,,,,,
,PLC00728,,,,,,,,,DHARMA,CC0,PLC00728,,,,,,,,,,,,,,,,,,,,
,PLC00729,,,,,,,,,DHARMA,CC0,PLC00729,,,,,,,,,,,,,,,,,,,,
,PLC00730,,,,,,,,,DHARMA,CC0,PLC00730,,,,,,,,,,,,,,,,,,,,
,PLC00731,,,,,,,,,DHARMA,CC0,PLC00731,,,,,,,,,,,,,,,,,,,,
,PLC00732,,,,,,,,,DHARMA,CC0,PLC00732,,,,,,,,,,,,,,,,,,,,
,PLC00733,,,,,,,,,DHARMA,CC0,PLC00733,,,,,,,,,,,,,,,,,,,,
,PLC00734,,,,,,,,,DHARMA,CC0,PLC00734,,,,,,,,,,,,,,,,,,,,
,PLC00735,,,,,,,,,DHARMA,CC0,PLC00735,,,,,,,,,,,,,,,,,,,,
,PLC00736,,,,,,,,,DHARMA,CC0,PLC00736,,,,,,,,,,,,,,,,,,,,
,PLC00737,,,,,,,,,DHARMA,CC0,PLC00737,,,,,,,,,,,,,,,,,,,,
,PLC00738,,,,,,,,,DHARMA,CC0,PLC00738,,,,,,,,,,,,,,,,,,,,
,PLC00739,,,,,,,,,DHARMA,CC0,PLC00739,,,,,,,,,,,,,,,,,,,,
,PLC00740,,,,,,,,,DHARMA,CC0,PLC00740,,,,,,,,,,,,,,,,,,,,
,PLC00741,,,,,,,,,DHARMA,CC0,PLC00741,,,,,,,,,,,,,,,,,,,,
,PLC00742,,,,,,,,,DHARMA,CC0,PLC00742,,,,,,,,,,,,,,,,,,,,
,PLC00743,,,,,,,,,DHARMA,CC0,PLC00743,,,,,,,,,,,,,,,,,,,,
,PLC00744,,,,,,,,,DHARMA,CC0,PLC00744,,,,,,,,,,,,,,,,,,,,
,PLC00745,,,,,,,,,DHARMA,CC0,PLC00745,,,,,,,,,,,,,,,,,,,,
,PLC00746,,,,,,,,,DHARMA,CC0,PLC00746,,,,,,,,,,,,,,,,,,,,
,PLC00747,,,,,,,,,DHARMA,CC0,PLC00747,,,,,,,,,,,,,,,,,,,,
,PLC00748,,,,,,,,,DHARMA,CC0,PLC00748,,,,,,,,,,,,,,,,,,,,
,PLC00749,,,,,,,,,DHARMA,CC0,PLC00749,,,,,,,,,,,,,,,,,,,,
,PLC00750,,,,,,,,,DHARMA,CC0,PLC00750,,,,,,,,,,,,,,,,,,,,
,PLC00751,,,,,,,,,DHARMA,CC0,PLC00751,,,,,,,,,,,,,,,,,,,,
,PLC00752,,,,,,,,,DHARMA,CC0,PLC00752,,,,,,,,,,,,,,,,,,,,
,PLC00753,,,,,,,,,DHARMA,CC0,PLC00753,,,,,,,,,,,,,,,,,,,,
,PLC00754,,,,,,,,,DHARMA,CC0,PLC00754,,,,,,,,,,,,,,,,,,,,
,PLC00755,,,,,,,,,DHARMA,CC0,PLC00755,,,,,,,,,,,,,,,,,,,,
,PLC00756,,,,,,,,,DHARMA,CC0,PLC00756,,,,,,,,,,,,,,,,,,,,
,PLC00757,,,,,,,,,DHARMA,CC0,PLC00757,,,,,,,,,,,,,,,,,,,,
,PLC00758,,,,,,,,,DHARMA,CC0,PLC00758,,,,,,,,,,,,,,,,,,,,
,PLC00759,,,,,,,,,DHARMA,CC0,PLC00759,,,,,,,,,,,,,,,,,,,,
,PLC00760,,,,,,,,,DHARMA,CC0,PLC00760,,,,,,,,,,,,,,,,,,,,
,PLC00761,,,,,,,,,DHARMA,CC0,PLC00761,,,,,,,,,,,,,,,,,,,,
,PLC00762,,,,,,,,,DHARMA,CC0,PLC00762,,,,,,,,,,,,,,,,,,,,
,PLC00763,,,,,,,,,DHARMA,CC0,PLC00763,,,,,,,,,,,,,,,,,,,,
,PLC00764,,,,,,,,,DHARMA,CC0,PLC00764,,,,,,,,,,,,,,,,,,,,
,PLC00765,,,,,,,,,DHARMA,CC0,PLC00765,,,,,,,,,,,,,,,,,,,,
,PLC00766,,,,,,,,,DHARMA,CC0,PLC00766,,,,,,,,,,,,,,,,,,,,
,PLC00767,,,,,,,,,DHARMA,CC0,PLC00767,,,,,,,,,,,,,,,,,,,,
,PLC00768,,,,,,,,,DHARMA,CC0,PLC00768,,,,,,,,,,,,,,,,,,,,
,PLC00769,,,,,,,,,DHARMA,CC0,PLC00769,,,,,,,,,,,,,,,,,,,,
,PLC00770,,,,,,,,,DHARMA,CC0,PLC00770,,,,,,,,,,,,,,,,,,,,
,PLC00771,,,,,,,,,DHARMA,CC0,PLC00771,,,,,,,,,,,,,,,,,,,,
,PLC00772,,,,,,,,,DHARMA,CC0,PLC00772,,,,,,,,,,,,,,,,,,,,
,PLC00773,,,,,,,,,DHARMA,CC0,PLC00773,,,,,,,,,,,,,,,,,,,,
,PLC00774,,,,,,,,,DHARMA,CC0,PLC00774,,,,,,,,,,,,,,,,,,,,
,PLC00775,,,,,,,,,DHARMA,CC0,PLC00775,,,,,,,,,,,,,,,,,,,,
,PLC00776,,,,,,,,,DHARMA,CC0,PLC00776,,,,,,,,,,,,,,,,,,,,
,PLC00777,,,,,,,,,DHARMA,CC0,PLC00777,,,,,,,,,,,,,,,,,,,,
,PLC00778,,,,,,,,,DHARMA,CC0,PLC00778,,,,,,,,,,,,,,,,,,,,
,PLC00779,,,,,,,,,DHARMA,CC0,PLC00779,,,,,,,,,,,,,,,,,,,,
,PLC00780,,,,,,,,,DHARMA,CC0,PLC00780,,,,,,,,,,,,,,,,,,,,
,PLC00781,,,,,,,,,DHARMA,CC0,PLC00781,,,,,,,,,,,,,,,,,,,,
,PLC00782,,,,,,,,,DHARMA,CC0,PLC00782,,,,,,,,,,,,,,,,,,,,
,PLC00783,,,,,,,,,DHARMA,CC0,PLC00783,,,,,,,,,,,,,,,,,,,,
,PLC00784,,,,,,,,,DHARMA,CC0,PLC00784,,,,,,,,,,,,,,,,,,,,
,PLC00785,,,,,,,,,DHARMA,CC0,PLC00785,,,,,,,,,,,,,,,,,,,,
,PLC00786,,,,,,,,,DHARMA,CC0,PLC00786,,,,,,,,,,,,,,,,,,,,
,PLC00787,,,,,,,,,DHARMA,CC0,PLC00787,,,,,,,,,,,,,,,,,,,,
,PLC00788,,,,,,,,,DHARMA,CC0,PLC00788,,,,,,,,,,,,,,,,,,,,
,PLC00789,,,,,,,,,DHARMA,CC0,PLC00789,,,,,,,,,,,,,,,,,,,,
,PLC00790,,,,,,,,,DHARMA,CC0,PLC00790,,,,,,,,,,,,,,,,,,,,
,PLC00791,,,,,,,,,DHARMA,CC0,PLC00791,,,,,,,,,,,,,,,,,,,,
,PLC00792,,,,,,,,,DHARMA,CC0,PLC00792,,,,,,,,,,,,,,,,,,,,
,PLC00793,,,,,,,,,DHARMA,CC0,PLC00793,,,,,,,,,,,,,,,,,,,,
,PLC00794,,,,,,,,,DHARMA,CC0,PLC00794,,,,,,,,,,,,,,,,,,,,
,PLC00795,,,,,,,,,DHARMA,CC0,PLC00795,,,,,,,,,,,,,,,,,,,,
,PLC00796,,,,,,,,,DHARMA,CC0,PLC00796,,,,,,,,,,,,,,,,,,,,
,PLC00797,,,,,,,,,DHARMA,CC0,PLC00797,,,,,,,,,,,,,,,,,,,,
,PLC00798,,,,,,,,,DHARMA,CC0,PLC00798,,,,,,,,,,,,,,,,,,,,
,PLC00799,,,,,,,,,DHARMA,CC0,PLC00799,,,,,,,,,,,,,,,,,,,,
,PLC00800,,,,,,,,,DHARMA,CC0,PLC00800,,,,,,,,,,,,,,,,,,,,
,PLC00801,,,,,,,,,DHARMA,CC0,PLC00801,,,,,,,,,,,,,,,,,,,,
,PLC00802,,,,,,,,,DHARMA,CC0,PLC00802,,,,,,,,,,,,,,,,,,,,
,PLC00803,,,,,,,,,DHARMA,CC0,PLC00803,,,,,,,,,,,,,,,,,,,,
,PLC00804,,,,,,,,,DHARMA,CC0,PLC00804,,,,,,,,,,,,,,,,,,,,
,PLC00805,,,,,,,,,DHARMA,CC0,PLC00805,,,,,,,,,,,,,,,,,,,,
,PLC00806,,,,,,,,,DHARMA,CC0,PLC00806,,,,,,,,,,,,,,,,,,,,
,PLC00807,,,,,,,,,DHARMA,CC0,PLC00807,,,,,,,,,,,,,,,,,,,,
,PLC00808,,,,,,,,,DHARMA,CC0,PLC00808,,,,,,,,,,,,,,,,,,,,
,PLC00809,,,,,,,,,DHARMA,CC0,PLC00809,,,,,,,,,,,,,,,,,,,,
,PLC00810,,,,,,,,,DHARMA,CC0,PLC00810,,,,,,,,,,,,,,,,,,,,
,PLC00811,,,,,,,,,DHARMA,CC0,PLC00811,,,,,,,,,,,,,,,,,,,,
,PLC00812,,,,,,,,,DHARMA,CC0,PLC00812,,,,,,,,,,,,,,,,,,,,
,PLC00813,,,,,,,,,DHARMA,CC0,PLC00813,,,,,,,,,,,,,,,,,,,,
,PLC00814,,,,,,,,,DHARMA,CC0,PLC00814,,,,,,,,,,,,,,,,,,,,
,PLC00815,,,,,,,,,DHARMA,CC0,PLC00815,,,,,,,,,,,,,,,,,,,,
,PLC00816,,,,,,,,,DHARMA,CC0,PLC00816,,,,,,,,,,,,,,,,,,,,
,PLC00817,,,,,,,,,DHARMA,CC0,PLC00817,,,,,,,,,,,,,,,,,,,,
,PLC00818,,,,,,,,,DHARMA,CC0,PLC00818,,,,,,,,,,,,,,,,,,,,
,PLC00819,,,,,,,,,DHARMA,CC0,PLC00819,,,,,,,,,,,,,,,,,,,,
,PLC00820,,,,,,,,,DHARMA,CC0,PLC00820,,,,,,,,,,,,,,,,,,,,
,PLC00821,,,,,,,,,DHARMA,CC0,PLC00821,,,,,,,,,,,,,,,,,,,,
,PLC00822,,,,,,,,,DHARMA,CC0,PLC00822,,,,,,,,,,,,,,,,,,,,
,PLC00823,,,,,,,,,DHARMA,CC0,PLC00823,,,,,,,,,,,,,,,,,,,,
,PLC00824,,,,,,,,,DHARMA,CC0,PLC00824,,,,,,,,,,,,,,,,,,,,
,PLC00825,,,,,,,,,DHARMA,CC0,PLC00825,,,,,,,,,,,,,,,,,,,,
,PLC00826,,,,,,,,,DHARMA,CC0,PLC00826,,,,,,,,,,,,,,,,,,,,
,PLC00827,,,,,,,,,DHARMA,CC0,PLC00827,,,,,,,,,,,,,,,,,,,,
,PLC00828,,,,,,,,,DHARMA,CC0,PLC00828,,,,,,,,,,,,,,,,,,,,
,PLC00829,,,,,,,,,DHARMA,CC0,PLC00829,,,,,,,,,,,,,,,,,,,,
,PLC00830,,,,,,,,,DHARMA,CC0,PLC00830,,,,,,,,,,,,,,,,,,,,
,PLC00831,,,,,,,,,DHARMA,CC0,PLC00831,,,,,,,,,,,,,,,,,,,,
,PLC00832,,,,,,,,,DHARMA,CC0,PLC00832,,,,,,,,,,,,,,,,,,,,
,PLC00833,,,,,,,,,DHARMA,CC0,PLC00833,,,,,,,,,,,,,,,,,,,,
,PLC00834,,,,,,,,,DHARMA,CC0,PLC00834,,,,,,,,,,,,,,,,,,,,
,PLC00835,,,,,,,,,DHARMA,CC0,PLC00835,,,,,,,,,,,,,,,,,,,,
,PLC00836,,,,,,,,,DHARMA,CC0,PLC00836,,,,,,,,,,,,,,,,,,,,
,PLC00837,,,,,,,,,DHARMA,CC0,PLC00837,,,,,,,,,,,,,,,,,,,,
,PLC00838,,,,,,,,,DHARMA,CC0,PLC00838,,,,,,,,,,,,,,,,,,,,
,PLC00839,,,,,,,,,DHARMA,CC0,PLC00839,,,,,,,,,,,,,,,,,,,,
,PLC00840,,,,,,,,,DHARMA,CC0,PLC00840,,,,,,,,,,,,,,,,,,,,
,PLC00841,,,,,,,,,DHARMA,CC0,PLC00841,,,,,,,,,,,,,,,,,,,,
,PLC00842,,,,,,,,,DHARMA,CC0,PLC00842,,,,,,,,,,,,,,,,,,,,
,PLC00843,,,,,,,,,DHARMA,CC0,PLC00843,,,,,,,,,,,,,,,,,,,,
,PLC00844,,,,,,,,,DHARMA,CC0,PLC00844,,,,,,,,,,,,,,,,,,,,
,PLC00845,,,,,,,,,DHARMA,CC0,PLC00845,,,,,,,,,,,,,,,,,,,,
,PLC00846,,,,,,,,,DHARMA,CC0,PLC00846,,,,,,,,,,,,,,,,,,,,
,PLC00847,,,,,,,,,DHARMA,CC0,PLC00847,,,,,,,,,,,,,,,,,,,,
,PLC00848,,,,,,,,,DHARMA,CC0,PLC00848,,,,,,,,,,,,,,,,,,,,
,PLC00849,,,,,,,,,DHARMA,CC0,PLC00849,,,,,,,,,,,,,,,,,,,,
,PLC00850,,,,,,,,,DHARMA,CC0,PLC00850,,,,,,,,,,,,,,,,,,,,
,PLC00851,,,,,,,,,DHARMA,CC0,PLC00851,,,,,,,,,,,,,,,,,,,,
,PLC00852,,,,,,,,,DHARMA,CC0,PLC00852,,,,,,,,,,,,,,,,,,,,
,PLC00853,,,,,,,,,DHARMA,CC0,PLC00853,,,,,,,,,,,,,,,,,,,,
,PLC00854,,,,,,,,,DHARMA,CC0,PLC00854,,,,,,,,,,,,,,,,,,,,
,PLC00855,,,,,,,,,DHARMA,CC0,PLC00855,,,,,,,,,,,,,,,,,,,,
,PLC00856,,,,,,,,,DHARMA,CC0,PLC00856,,,,,,,,,,,,,,,,,,,,
,PLC00857,,,,,,,,,DHARMA,CC0,PLC00857,,,,,,,,,,,,,,,,,,,,
,PLC00858,,,,,,,,,DHARMA,CC0,PLC00858,,,,,,,,,,,,,,,,,,,,
,PLC00859,,,,,,,,,DHARMA,CC0,PLC00859,,,,,,,,,,,,,,,,,,,,
,PLC00860,,,,,,,,,DHARMA,CC0,PLC00860,,,,,,,,,,,,,,,,,,,,
,PLC00861,,,,,,,,,DHARMA,CC0,PLC00861,,,,,,,,,,,,,,,,,,,,
,PLC00862,,,,,,,,,DHARMA,CC0,PLC00862,,,,,,,,,,,,,,,,,,,,
,PLC00863,,,,,,,,,DHARMA,CC0,PLC00863,,,,,,,,,,,,,,,,,,,,
,PLC00864,,,,,,,,,DHARMA,CC0,PLC00864,,,,,,,,,,,,,,,,,,,,
,PLC00865,,,,,,,,,DHARMA,CC0,PLC00865,,,,,,,,,,,,,,,,,,,,
,PLC00866,,,,,,,,,DHARMA,CC0,PLC00866,,,,,,,,,,,,,,,,,,,,
,PLC00867,,,,,,,,,DHARMA,CC0,PLC00867,,,,,,,,,,,,,,,,,,,,
,PLC00868,,,,,,,,,DHARMA,CC0,PLC00868,,,,,,,,,,,,,,,,,,,,
,PLC00869,,,,,,,,,DHARMA,CC0,PLC00869,,,,,,,,,,,,,,,,,,,,
,PLC00870,,,,,,,,,DHARMA,CC0,PLC00870,,,,,,,,,,,,,,,,,,,,
,PLC00871,,,,,,,,,DHARMA,CC0,PLC00871,,,,,,,,,,,,,,,,,,,,
,PLC00872,,,,,,,,,DHARMA,CC0,PLC00872,,,,,,,,,,,,,,,,,,,,
,PLC00873,,,,,,,,,DHARMA,CC0,PLC00873,,,,,,,,,,,,,,,,,,,,
,PLC00874,,,,,,,,,DHARMA,CC0,PLC00874,,,,,,,,,,,,,,,,,,,,
,PLC00875,,,,,,,,,DHARMA,CC0,PLC00875,,,,,,,,,,,,,,,,,,,,
,PLC00876,,,,,,,,,DHARMA,CC0,PLC00876,,,,,,,,,,,,,,,,,,,,
,PLC00877,,,,,,,,,DHARMA,CC0,PLC00877,,,,,,,,,,,,,,,,,,,,
,PLC00878,,,,,,,,,DHARMA,CC0,PLC00878,,,,,,,,,,,,,,,,,,,,
,PLC00879,,,,,,,,,DHARMA,CC0,PLC00879,,,,,,,,,,,,,,,,,,,,
,PLC00880,,,,,,,,,DHARMA,CC0,PLC00880,,,,,,,,,,,,,,,,,,,,
,PLC00881,,,,,,,,,DHARMA,CC0,PLC00881,,,,,,,,,,,,,,,,,,,,
,PLC00882,,,,,,,,,DHARMA,CC0,PLC00882,,,,,,,,,,,,,,,,,,,,
,PLC00883,,,,,,,,,DHARMA,CC0,PLC00883,,,,,,,,,,,,,,,,,,,,
,PLC00884,,,,,,,,,DHARMA,CC0,PLC00884,,,,,,,,,,,,,,,,,,,,
,PLC00885,,,,,,,,,DHARMA,CC0,PLC00885,,,,,,,,,,,,,,,,,,,,
,PLC00886,,,,,,,,,DHARMA,CC0,PLC00886,,,,,,,,,,,,,,,,,,,,
,PLC00887,,,,,,,,,DHARMA,CC0,PLC00887,,,,,,,,,,,,,,,,,,,,
,PLC00888,,,,,,,,,DHARMA,CC0,PLC00888,,,,,,,,,,,,,,,,,,,,
,PLC00889,,,,,,,,,DHARMA,CC0,PLC00889,,,,,,,,,,,,,,,,,,,,
,PLC00890,,,,,,,,,DHARMA,CC0,PLC00890,,,,,,,,,,,,,,,,,,,,
,PLC00891,,,,,,,,,DHARMA,CC0,PLC00891,,,,,,,,,,,,,,,,,,,,
,PLC00892,,,,,,,,,DHARMA,CC0,PLC00892,,,,,,,,,,,,,,,,,,,,
,PLC00893,,,,,,,,,DHARMA,CC0,PLC00893,,,,,,,,,,,,,,,,,,,,
,PLC00894,,,,,,,,,DHARMA,CC0,PLC00894,,,,,,,,,,,,,,,,,,,,
,PLC00895,,,,,,,,,DHARMA,CC0,PLC00895,,,,,,,,,,,,,,,,,,,,
,PLC00896,,,,,,,,,DHARMA,CC0,PLC00896,,,,,,,,,,,,,,,,,,,,
,PLC00897,,,,,,,,,DHARMA,CC0,PLC00897,,,,,,,,,,,,,,,,,,,,
,PLC00898,,,,,,,,,DHARMA,CC0,PLC00898,,,,,,,,,,,,,,,,,,,,
,PLC00899,,,,,,,,,DHARMA,CC0,PLC00899,,,,,,,,,,,,,,,,,,,,
,PLC00900,,,,,,,,,DHARMA,CC0,PLC00900,,,,,,,,,,,,,,,,,,,,
,PLC00901,,,,,,,,,DHARMA,CC0,PLC00901,,,,,,,,,,,,,,,,,,,,
,PLC00902,,,,,,,,,DHARMA,CC0,PLC00902,,,,,,,,,,,,,,,,,,,,
,PLC00903,,,,,,,,,DHARMA,CC0,PLC00903,,,,,,,,,,,,,,,,,,,,
,PLC00904,,,,,,,,,DHARMA,CC0,PLC00904,,,,,,,,,,,,,,,,,,,,
,PLC00905,,,,,,,,,DHARMA,CC0,PLC00905,,,,,,,,,,,,,,,,,,,,
,PLC00906,,,,,,,,,DHARMA,CC0,PLC00906,,,,,,,,,,,,,,,,,,,,
,PLC00907,,,,,,,,,DHARMA,CC0,PLC00907,,,,,,,,,,,,,,,,,,,,
,PLC00908,,,,,,,,,DHARMA,CC0,PLC00908,,,,,,,,,,,,,,,,,,,,
,PLC00909,,,,,,,,,DHARMA,CC0,PLC00909,,,,,,,,,,,,,,,,,,,,
,PLC00910,,,,,,,,,DHARMA,CC0,PLC00910,,,,,,,,,,,,,,,,,,,,
,PLC00911,,,,,,,,,DHARMA,CC0,PLC00911,,,,,,,,,,,,,,,,,,,,
,PLC00912,,,,,,,,,DHARMA,CC0,PLC00912,,,,,,,,,,,,,,,,,,,,
,PLC00913,,,,,,,,,DHARMA,CC0,PLC00913,,,,,,,,,,,,,,,,,,,,
,PLC00914,,,,,,,,,DHARMA,CC0,PLC00914,,,,,,,,,,,,,,,,,,,,
,PLC00915,,,,,,,,,DHARMA,CC0,PLC00915,,,,,,,,,,,,,,,,,,,,
,PLC00916,,,,,,,,,DHARMA,CC0,PLC00916,,,,,,,,,,,,,,,,,,,,
,PLC00917,,,,,,,,,DHARMA,CC0,PLC00917,,,,,,,,,,,,,,,,,,,,
,PLC00918,,,,,,,,,DHARMA,CC0,PLC00918,,,,,,,,,,,,,,,,,,,,
,PLC00919,,,,,,,,,DHARMA,CC0,PLC00919,,,,,,,,,,,,,,,,,,,,
,PLC00920,,,,,,,,,DHARMA,CC0,PLC00920,,,,,,,,,,,,,,,,,,,,
,PLC00921,,,,,,,,,DHARMA,CC0,PLC00921,,,,,,,,,,,,,,,,,,,,
,PLC00922,,,,,,,,,DHARMA,CC0,PLC00922,,,,,,,,,,,,,,,,,,,,
,PLC00923,,,,,,,,,DHARMA,CC0,PLC00923,,,,,,,,,,,,,,,,,,,,
,PLC00924,,,,,,,,,DHARMA,CC0,PLC00924,,,,,,,,,,,,,,,,,,,,
,PLC00925,,,,,,,,,DHARMA,CC0,PLC00925,,,,,,,,,,,,,,,,,,,,
,PLC00926,,,,,,,,,DHARMA,CC0,PLC00926,,,,,,,,,,,,,,,,,,,,
,PLC00927,,,,,,,,,DHARMA,CC0,PLC00927,,,,,,,,,,,,,,,,,,,,
,PLC00928,,,,,,,,,DHARMA,CC0,PLC00928,,,,,,,,,,,,,,,,,,,,
,PLC00929,,,,,,,,,DHARMA,CC0,PLC00929,,,,,,,,,,,,,,,,,,,,
,PLC00930,,,,,,,,,DHARMA,CC0,PLC00930,,,,,,,,,,,,,,,,,,,,
,PLC00931,,,,,,,,,DHARMA,CC0,PLC00931,,,,,,,,,,,,,,,,,,,,
,PLC00932,,,,,,,,,DHARMA,CC0,PLC00932,,,,,,,,,,,,,,,,,,,,
,PLC00933,,,,,,,,,DHARMA,CC0,PLC00933,,,,,,,,,,,,,,,,,,,,
,PLC00934,,,,,,,,,DHARMA,CC0,PLC00934,,,,,,,,,,,,,,,,,,,,
,PLC00935,,,,,,,,,DHARMA,CC0,PLC00935,,,,,,,,,,,,,,,,,,,,
,PLC00936,,,,,,,,,DHARMA,CC0,PLC00936,,,,,,,,,,,,,,,,,,,,
,PLC00937,,,,,,,,,DHARMA,CC0,PLC00937,,,,,,,,,,,,,,,,,,,,
,PLC00938,,,,,,,,,DHARMA,CC0,PLC00938,,,,,,,,,,,,,,,,,,,,
,PLC00939,,,,,,,,,DHARMA,CC0,PLC00939,,,,,,,,,,,,,,,,,,,,
,PLC00940,,,,,,,,,DHARMA,CC0,PLC00940,,,,,,,,,,,,,,,,,,,,
,PLC00941,,,,,,,,,DHARMA,CC0,PLC00941,,,,,,,,,,,,,,,,,,,,
,PLC00942,,,,,,,,,DHARMA,CC0,PLC00942,,,,,,,,,,,,,,,,,,,,
,PLC00943,,,,,,,,,DHARMA,CC0,PLC00943,,,,,,,,,,,,,,,,,,,,
,PLC00944,,,,,,,,,DHARMA,CC0,PLC00944,,,,,,,,,,,,,,,,,,,,
,PLC00945,,,,,,,,,DHARMA,CC0,PLC00945,,,,,,,,,,,,,,,,,,,,
,PLC00946,,,,,,,,,DHARMA,CC0,PLC00946,,,,,,,,,,,,,,,,,,,,
,PLC00947,,,,,,,,,DHARMA,CC0,PLC00947,,,,,,,,,,,,,,,,,,,,
,PLC00948,,,,,,,,,DHARMA,CC0,PLC00948,,,,,,,,,,,,,,,,,,,,
,PLC00949,,,,,,,,,DHARMA,CC0,PLC00949,,,,,,,,,,,,,,,,,,,,
,PLC00950,,,,,,,,,DHARMA,CC0,PLC00950,,,,,,,,,,,,,,,,,,,,
,PLC00951,,,,,,,,,DHARMA,CC0,PLC00951,,,,,,,,,,,,,,,,,,,,
,PLC00952,,,,,,,,,DHARMA,CC0,PLC00952,,,,,,,,,,,,,,,,,,,,
,PLC00953,,,,,,,,,DHARMA,CC0,PLC00953,,,,,,,,,,,,,,,,,,,,
,PLC00954,,,,,,,,,DHARMA,CC0,PLC00954,,,,,,,,,,,,,,,,,,,,
,PLC00955,,,,,,,,,DHARMA,CC0,PLC00955,,,,,,,,,,,,,,,,,,,,
,PLC00956,,,,,,,,,DHARMA,CC0,PLC00956,,,,,,,,,,,,,,,,,,,,
,PLC00957,,,,,,,,,DHARMA,CC0,PLC00957,,,,,,,,,,,,,,,,,,,,
,PLC00958,,,,,,,,,DHARMA,CC0,PLC00958,,,,,,,,,,,,,,,,,,,,
,PLC00959,,,,,,,,,DHARMA,CC0,PLC00959,,,,,,,,,,,,,,,,,,,,
,PLC00960,,,,,,,,,DHARMA,CC0,PLC00960,,,,,,,,,,,,,,,,,,,,
,PLC00961,,,,,,,,,DHARMA,CC0,PLC00961,,,,,,,,,,,,,,,,,,,,
,PLC00962,,,,,,,,,DHARMA,CC0,PLC00962,,,,,,,,,,,,,,,,,,,,
,PLC00963,,,,,,,,,DHARMA,CC0,PLC00963,,,,,,,,,,,,,,,,,,,,
,PLC00964,,,,,,,,,DHARMA,CC0,PLC00964,,,,,,,,,,,,,,,,,,,,
,PLC00965,,,,,,,,,DHARMA,CC0,PLC00965,,,,,,,,,,,,,,,,,,,,
,PLC00966,,,,,,,,,DHARMA,CC0,PLC00966,,,,,,,,,,,,,,,,,,,,
,PLC00967,,,,,,,,,DHARMA,CC0,PLC00967,,,,,,,,,,,,,,,,,,,,
,PLC00968,,,,,,,,,DHARMA,CC0,PLC00968,,,,,,,,,,,,,,,,,,,,
,PLC00969,,,,,,,,,DHARMA,CC0,PLC00969,,,,,,,,,,,,,,,,,,,,
,PLC00970,,,,,,,,,DHARMA,CC0,PLC00970,,,,,,,,,,,,,,,,,,,,
,PLC00971,,,,,,,,,DHARMA,CC0,PLC00971,,,,,,,,,,,,,,,,,,,,
,PLC00972,,,,,,,,,DHARMA,CC0,PLC00972,,,,,,,,,,,,,,,,,,,,
,PLC00973,,,,,,,,,DHARMA,CC0,PLC00973,,,,,,,,,,,,,,,,,,,,
,PLC00974,,,,,,,,,DHARMA,CC0,PLC00974,,,,,,,,,,,,,,,,,,,,
,PLC00975,,,,,,,,,DHARMA,CC0,PLC00975,,,,,,,,,,,,,,,,,,,,
,PLC00976,,,,,,,,,DHARMA,CC0,PLC00976,,,,,,,,,,,,,,,,,,,,
,PLC00977,,,,,,,,,DHARMA,CC0,PLC00977,,,,,,,,,,,,,,,,,,,,
,PLC00978,,,,,,,,,DHARMA,CC0,PLC00978,,,,,,,,,,,,,,,,,,,,
,PLC00979,,,,,,,,,DHARMA,CC0,PLC00979,,,,,,,,,,,,,,,,,,,,
,PLC00980,,,,,,,,,DHARMA,CC0,PLC00980,,,,,,,,,,,,,,,,,,,,
,PLC00981,,,,,,,,,DHARMA,CC0,PLC00981,,,,,,,,,,,,,,,,,,,,
,PLC00982,,,,,,,,,DHARMA,CC0,PLC00982,,,,,,,,,,,,,,,,,,,,
,PLC00983,,,,,,,,,DHARMA,CC0,PLC00983,,,,,,,,,,,,,,,,,,,,
,PLC00984,,,,,,,,,DHARMA,CC0,PLC00984,,,,,,,,,,,,,,,,,,,,
,PLC00985,,,,,,,,,DHARMA,CC0,PLC00985,,,,,,,,,,,,,,,,,,,,
,PLC00986,,,,,,,,,DHARMA,CC0,PLC00986,,,,,,,,,,,,,,,,,,,,
,PLC00987,,,,,,,,,DHARMA,CC0,PLC00987,,,,,,,,,,,,,,,,,,,,
,PLC00988,,,,,,,,,DHARMA,CC0,PLC00988,,,,,,,,,,,,,,,,,,,,
,PLC00989,,,,,,,,,DHARMA,CC0,PLC00989,,,,,,,,,,,,,,,,,,,,
,PLC00990,,,,,,,,,DHARMA,CC0,PLC00990,,,,,,,,,,,,,,,,,,,,
,PLC00991,,,,,,,,,DHARMA,CC0,PLC00991,,,,,,,,,,,,,,,,,,,,
,PLC00992,,,,,,,,,DHARMA,CC0,PLC00992,,,,,,,,,,,,,,,,,,,,
,PLC00993,,,,,,,,,DHARMA,CC0,PLC00993,,,,,,,,,,,,,,,,,,,,
,PLC00994,,,,,,,,,DHARMA,CC0,PLC00994,,,,,,,,,,,,,,,,,,,,
,PLC00995,,,,,,,,,DHARMA,CC0,PLC00995,,,,,,,,,,,,,,,,,,,,
,PLC00996,,,,,,,,,DHARMA,CC0,PLC00996,,,,,,,,,,,,,,,,,,,,
,PLC00997,,,,,,,,,DHARMA,CC0,PLC00997,,,,,,,,,,,,,,,,,,,,
,PLC00998,,,,,,,,,DHARMA,CC0,PLC00998,,,,,,,,,,,,,,,,,,,,
,PLC00999,,,,,,,,,DHARMA,CC0,PLC00999,,,,,,,,,,,,,,,,,,,,
