,PLC02000,,,,,,,,,DHARMA,CC0,PLC02000,,,,,,,,,,,,,,,,,,,,
,PLC02001,,,,,,,,,DHARMA,CC0,PLC02001,,,,,,,,,,,,,,,,,,,,
,PLC02002,,,,,,,,,DHARMA,CC0,PLC02002,,,,,,,,,,,,,,,,,,,,
,PLC02003,,,,,,,,,DHARMA,CC0,PLC02003,,,,,,,,,,,,,,,,,,,,
,PLC02004,,,,,,,,,DHARMA,CC0,PLC02004,,,,,,,,,,,,,,,,,,,,
,PLC02005,,,,,,,,,DHARMA,CC0,PLC02005,,,,,,,,,,,,,,,,,,,,
,PLC02006,,,,,,,,,DHARMA,CC0,PLC02006,,,,,,,,,,,,,,,,,,,,
,PLC02007,,,,,,,,,DHARMA,CC0,PLC02007,,,,,,,,,,,,,,,,,,,,
,PLC02008,,,,,,,,,DHARMA,CC0,PLC02008,,,,,,,,,,,,,,,,,,,,
,PLC02009,,,,,,,,,DHARMA,CC0,PLC02009,,,,,,,,,,,,,,,,,,,,
,PLC02010,,,,,,,,,DHARMA,CC0,PLC02010,,,,,,,,,,,,,,,,,,,,
,PLC02011,,,,,,,,,DHARMA,CC0,PLC02011,,,,,,,,,,,,,,,,,,,,
,PLC02012,,,,,,,,,DHARMA,CC0,PLC02012,,,,,,,,,,,,,,,,,,,,
,PLC02013,,,,,,,,,DHARMA,CC0,PLC02013,,,,,,,,,,,,,,,,,,,,
,PLC02014,,,,,,,,,DHARMA,CC0,PLC02014,,,,,,,,,,,,,,,,,,,,
,PLC02015,,,,,,,,,DHARMA,CC0,PLC02015,,,,,,,,,,,,,,,,,,,,
,PLC02016,,,,,,,,,DHARMA,CC0,PLC02016,,,,,,,,,,,,,,,,,,,,
,PLC02017,,,,,,,,,DHARMA,CC0,PLC02017,,,,,,,,,,,,,,,,,,,,
,PLC02018,,,,,,,,,DHARMA,CC0,PLC02018,,,,,,,,,,,,,,,,,,,,
,PLC02019,,,,,,,,,DHARMA,CC0,PLC02019,,,,,,,,,,,,,,,,,,,,
,PLC02020,,,,,,,,,DHARMA,CC0,PLC02020,,,,,,,,,,,,,,,,,,,,
,PLC02021,,,,,,,,,DHARMA,CC0,PLC02021,,,,,,,,,,,,,,,,,,,,
,PLC02022,,,,,,,,,DHARMA,CC0,PLC02022,,,,,,,,,,,,,,,,,,,,
,PLC02023,,,,,,,,,DHARMA,CC0,PLC02023,,,,,,,,,,,,,,,,,,,,
,PLC02024,,,,,,,,,DHARMA,CC0,PLC02024,,,,,,,,,,,,,,,,,,,,
,PLC02025,,,,,,,,,DHARMA,CC0,PLC02025,,,,,,,,,,,,,,,,,,,,
,PLC02026,,,,,,,,,DHARMA,CC0,PLC02026,,,,,,,,,,,,,,,,,,,,
,PLC02027,,,,,,,,,DHARMA,CC0,PLC02027,,,,,,,,,,,,,,,,,,,,
,PLC02028,,,,,,,,,DHARMA,CC0,PLC02028,,,,,,,,,,,,,,,,,,,,
,PLC02029,,,,,,,,,DHARMA,CC0,PLC02029,,,,,,,,,,,,,,,,,,,,
,PLC02030,,,,,,,,,DHARMA,CC0,PLC02030,,,,,,,,,,,,,,,,,,,,
,PLC02031,,,,,,,,,DHARMA,CC0,PLC02031,,,,,,,,,,,,,,,,,,,,
,PLC02032,,,,,,,,,DHARMA,CC0,PLC02032,,,,,,,,,,,,,,,,,,,,
,PLC02033,,,,,,,,,DHARMA,CC0,PLC02033,,,,,,,,,,,,,,,,,,,,
,PLC02034,,,,,,,,,DHARMA,CC0,PLC02034,,,,,,,,,,,,,,,,,,,,
,PLC02035,,,,,,,,,DHARMA,CC0,PLC02035,,,,,,,,,,,,,,,,,,,,
,PLC02036,,,,,,,,,DHARMA,CC0,PLC02036,,,,,,,,,,,,,,,,,,,,
,PLC02037,,,,,,,,,DHARMA,CC0,PLC02037,,,,,,,,,,,,,,,,,,,,
,PLC02038,,,,,,,,,DHARMA,CC0,PLC02038,,,,,,,,,,,,,,,,,,,,
,PLC02039,,,,,,,,,DHARMA,CC0,PLC02039,,,,,,,,,,,,,,,,,,,,
,PLC02040,,,,,,,,,DHARMA,CC0,PLC02040,,,,,,,,,,,,,,,,,,,,
,PLC02041,,,,,,,,,DHARMA,CC0,PLC02041,,,,,,,,,,,,,,,,,,,,
,PLC02042,,,,,,,,,DHARMA,CC0,PLC02042,,,,,,,,,,,,,,,,,,,,
,PLC02043,,,,,,,,,DHARMA,CC0,PLC02043,,,,,,,,,,,,,,,,,,,,
,PLC02044,,,,,,,,,DHARMA,CC0,PLC02044,,,,,,,,,,,,,,,,,,,,
,PLC02045,,,,,,,,,DHARMA,CC0,PLC02045,,,,,,,,,,,,,,,,,,,,
,PLC02046,,,,,,,,,DHARMA,CC0,PLC02046,,,,,,,,,,,,,,,,,,,,
,PLC02047,,,,,,,,,DHARMA,CC0,PLC02047,,,,,,,,,,,,,,,,,,,,
,PLC02048,,,,,,,,,DHARMA,CC0,PLC02048,,,,,,,,,,,,,,,,,,,,
,PLC02049,,,,,,,,,DHARMA,CC0,PLC02049,,,,,,,,,,,,,,,,,,,,
,PLC02050,,,,,,,,,DHARMA,CC0,PLC02050,,,,,,,,,,,,,,,,,,,,
,PLC02051,,,,,,,,,DHARMA,CC0,PLC02051,,,,,,,,,,,,,,,,,,,,
,PLC02052,,,,,,,,,DHARMA,CC0,PLC02052,,,,,,,,,,,,,,,,,,,,
,PLC02053,,,,,,,,,DHARMA,CC0,PLC02053,,,,,,,,,,,,,,,,,,,,
,PLC02054,,,,,,,,,DHARMA,CC0,PLC02054,,,,,,,,,,,,,,,,,,,,
,PLC02055,,,,,,,,,DHARMA,CC0,PLC02055,,,,,,,,,,,,,,,,,,,,
,PLC02056,,,,,,,,,DHARMA,CC0,PLC02056,,,,,,,,,,,,,,,,,,,,
,PLC02057,,,,,,,,,DHARMA,CC0,PLC02057,,,,,,,,,,,,,,,,,,,,
,PLC02058,,,,,,,,,DHARMA,CC0,PLC02058,,,,,,,,,,,,,,,,,,,,
,PLC02059,,,,,,,,,DHARMA,CC0,PLC02059,,,,,,,,,,,,,,,,,,,,
,PLC02060,,,,,,,,,DHARMA,CC0,PLC02060,,,,,,,,,,,,,,,,,,,,
,PLC02061,,,,,,,,,DHARMA,CC0,PLC02061,,,,,,,,,,,,,,,,,,,,
,PLC02062,,,,,,,,,DHARMA,CC0,PLC02062,,,,,,,,,,,,,,,,,,,,
,PLC02063,,,,,,,,,DHARMA,CC0,PLC02063,,,,,,,,,,,,,,,,,,,,
,PLC02064,,,,,,,,,DHARMA,CC0,PLC02064,,,,,,,,,,,,,,,,,,,,
,PLC02065,,,,,,,,,DHARMA,CC0,PLC02065,,,,,,,,,,,,,,,,,,,,
,PLC02066,,,,,,,,,DHARMA,CC0,PLC02066,,,,,,,,,,,,,,,,,,,,
,PLC02067,,,,,,,,,DHARMA,CC0,PLC02067,,,,,,,,,,,,,,,,,,,,
,PLC02068,,,,,,,,,DHARMA,CC0,PLC02068,,,,,,,,,,,,,,,,,,,,
,PLC02069,,,,,,,,,DHARMA,CC0,PLC02069,,,,,,,,,,,,,,,,,,,,
,PLC02070,,,,,,,,,DHARMA,CC0,PLC02070,,,,,,,,,,,,,,,,,,,,
,PLC02071,,,,,,,,,DHARMA,CC0,PLC02071,,,,,,,,,,,,,,,,,,,,
,PLC02072,,,,,,,,,DHARMA,CC0,PLC02072,,,,,,,,,,,,,,,,,,,,
,PLC02073,,,,,,,,,DHARMA,CC0,PLC02073,,,,,,,,,,,,,,,,,,,,
,PLC02074,,,,,,,,,DHARMA,CC0,PLC02074,,,,,,,,,,,,,,,,,,,,
,PLC02075,,,,,,,,,DHARMA,CC0,PLC02075,,,,,,,,,,,,,,,,,,,,
,PLC02076,,,,,,,,,DHARMA,CC0,PLC02076,,,,,,,,,,,,,,,,,,,,
,PLC02077,,,,,,,,,DHARMA,CC0,PLC02077,,,,,,,,,,,,,,,,,,,,
,PLC02078,,,,,,,,,DHARMA,CC0,PLC02078,,,,,,,,,,,,,,,,,,,,
,PLC02079,,,,,,,,,DHARMA,CC0,PLC02079,,,,,,,,,,,,,,,,,,,,
,PLC02080,,,,,,,,,DHARMA,CC0,PLC02080,,,,,,,,,,,,,,,,,,,,
,PLC02081,,,,,,,,,DHARMA,CC0,PLC02081,,,,,,,,,,,,,,,,,,,,
,PLC02082,,,,,,,,,DHARMA,CC0,PLC02082,,,,,,,,,,,,,,,,,,,,
,PLC02083,,,,,,,,,DHARMA,CC0,PLC02083,,,,,,,,,,,,,,,,,,,,
,PLC02084,,,,,,,,,DHARMA,CC0,PLC02084,,,,,,,,,,,,,,,,,,,,
,PLC02085,,,,,,,,,DHARMA,CC0,PLC02085,,,,,,,,,,,,,,,,,,,,
,PLC02086,,,,,,,,,DHARMA,CC0,PLC02086,,,,,,,,,,,,,,,,,,,,
,PLC02087,,,,,,,,,DHARMA,CC0,PLC02087,,,,,,,,,,,,,,,,,,,,
,PLC02088,,,,,,,,,DHARMA,CC0,PLC02088,,,,,,,,,,,,,,,,,,,,
,PLC02089,,,,,,,,,DHARMA,CC0,PLC02089,,,,,,,,,,,,,,,,,,,,
,PLC02090,,,,,,,,,DHARMA,CC0,PLC02090,,,,,,,,,,,,,,,,,,,,
,PLC02091,,,,,,,,,DHARMA,CC0,PLC02091,,,,,,,,,,,,,,,,,,,,
,PLC02092,,,,,,,,,DHARMA,CC0,PLC02092,,,,,,,,,,,,,,,,,,,,
,PLC02093,,,,,,,,,DHARMA,CC0,PLC02093,,,,,,,,,,,,,,,,,,,,
,PLC02094,,,,,,,,,DHARMA,CC0,PLC02094,,,,,,,,,,,,,,,,,,,,
,PLC02095,,,,,,,,,DHARMA,CC0,PLC02095,,,,,,,,,,,,,,,,,,,,
,PLC02096,,,,,,,,,DHARMA,CC0,PLC02096,,,,,,,,,,,,,,,,,,,,
,PLC02097,,,,,,,,,DHARMA,CC0,PLC02097,,,,,,,,,,,,,,,,,,,,
,PLC02098,,,,,,,,,DHARMA,CC0,PLC02098,,,,,,,,,,,,,,,,,,,,
,PLC02099,,,,,,,,,DHARMA,CC0,PLC02099,,,,,,,,,,,,,,,,,,,,
,PLC02100,,,,,,,,,DHARMA,CC0,PLC02100,,,,,,,,,,,,,,,,,,,,
,PLC02101,,,,,,,,,DHARMA,CC0,PLC02101,,,,,,,,,,,,,,,,,,,,
,PLC02102,,,,,,,,,DHARMA,CC0,PLC02102,,,,,,,,,,,,,,,,,,,,
,PLC02103,,,,,,,,,DHARMA,CC0,PLC02103,,,,,,,,,,,,,,,,,,,,
,PLC02104,,,,,,,,,DHARMA,CC0,PLC02104,,,,,,,,,,,,,,,,,,,,
,PLC02105,,,,,,,,,DHARMA,CC0,PLC02105,,,,,,,,,,,,,,,,,,,,
,PLC02106,,,,,,,,,DHARMA,CC0,PLC02106,,,,,,,,,,,,,,,,,,,,
,PLC02107,,,,,,,,,DHARMA,CC0,PLC02107,,,,,,,,,,,,,,,,,,,,
,PLC02108,,,,,,,,,DHARMA,CC0,PLC02108,,,,,,,,,,,,,,,,,,,,
,PLC02109,,,,,,,,,DHARMA,CC0,PLC02109,,,,,,,,,,,,,,,,,,,,
,PLC02110,,,,,,,,,DHARMA,CC0,PLC02110,,,,,,,,,,,,,,,,,,,,
,PLC02111,,,,,,,,,DHARMA,CC0,PLC02111,,,,,,,,,,,,,,,,,,,,
,PLC02112,,,,,,,,,DHARMA,CC0,PLC02112,,,,,,,,,,,,,,,,,,,,
,PLC02113,,,,,,,,,DHARMA,CC0,PLC02113,,,,,,,,,,,,,,,,,,,,
,PLC02114,,,,,,,,,DHARMA,CC0,PLC02114,,,,,,,,,,,,,,,,,,,,
,PLC02115,,,,,,,,,DHARMA,CC0,PLC02115,,,,,,,,,,,,,,,,,,,,
,PLC02116,,,,,,,,,DHARMA,CC0,PLC02116,,,,,,,,,,,,,,,,,,,,
,PLC02117,,,,,,,,,DHARMA,CC0,PLC02117,,,,,,,,,,,,,,,,,,,,
,PLC02118,,,,,,,,,DHARMA,CC0,PLC02118,,,,,,,,,,,,,,,,,,,,
,PLC02119,,,,,,,,,DHARMA,CC0,PLC02119,,,,,,,,,,,,,,,,,,,,
,PLC02120,,,,,,,,,DHARMA,CC0,PLC02120,,,,,,,,,,,,,,,,,,,,
,PLC02121,,,,,,,,,DHARMA,CC0,PLC02121,,,,,,,,,,,,,,,,,,,,
,PLC02122,,,,,,,,,DHARMA,CC0,PLC02122,,,,,,,,,,,,,,,,,,,,
,PLC02123,,,,,,,,,DHARMA,CC0,PLC02123,,,,,,,,,,,,,,,,,,,,
,PLC02124,,,,,,,,,DHARMA,CC0,PLC02124,,,,,,,,,,,,,,,,,,,,
,PLC02125,,,,,,,,,DHARMA,CC0,PLC02125,,,,,,,,,,,,,,,,,,,,
,PLC02126,,,,,,,,,DHARMA,CC0,PLC02126,,,,,,,,,,,,,,,,,,,,
,PLC02127,,,,,,,,,DHARMA,CC0,PLC02127,,,,,,,,,,,,,,,,,,,,
,PLC02128,,,,,,,,,DHARMA,CC0,PLC02128,,,,,,,,,,,,,,,,,,,,
,PLC02129,,,,,,,,,DHARMA,CC0,PLC02129,,,,,,,,,,,,,,,,,,,,
,PLC02130,,,,,,,,,DHARMA,CC0,PLC02130,,,,,,,,,,,,,,,,,,,,
,PLC02131,,,,,,,,,DHARMA,CC0,PLC02131,,,,,,,,,,,,,,,,,,,,
,PLC02132,,,,,,,,,DHARMA,CC0,PLC02132,,,,,,,,,,,,,,,,,,,,
,PLC02133,,,,,,,,,DHARMA,CC0,PLC02133,,,,,,,,,,,,,,,,,,,,
,PLC02134,,,,,,,,,DHARMA,CC0,PLC02134,,,,,,,,,,,,,,,,,,,,
,PLC02135,,,,,,,,,DHARMA,CC0,PLC02135,,,,,,,,,,,,,,,,,,,,
,PLC02136,,,,,,,,,DHARMA,CC0,PLC02136,,,,,,,,,,,,,,,,,,,,
,PLC02137,,,,,,,,,DHARMA,CC0,PLC02137,,,,,,,,,,,,,,,,,,,,
,PLC02138,,,,,,,,,DHARMA,CC0,PLC02138,,,,,,,,,,,,,,,,,,,,
,PLC02139,,,,,,,,,DHARMA,CC0,PLC02139,,,,,,,,,,,,,,,,,,,,
,PLC02140,,,,,,,,,DHARMA,CC0,PLC02140,,,,,,,,,,,,,,,,,,,,
,PLC02141,,,,,,,,,DHARMA,CC0,PLC02141,,,,,,,,,,,,,,,,,,,,
,PLC02142,,,,,,,,,DHARMA,CC0,PLC02142,,,,,,,,,,,,,,,,,,,,
,PLC02143,,,,,,,,,DHARMA,CC0,PLC02143,,,,,,,,,,,,,,,,,,,,
,PLC02144,,,,,,,,,DHARMA,CC0,PLC02144,,,,,,,,,,,,,,,,,,,,
,PLC02145,,,,,,,,,DHARMA,CC0,PLC02145,,,,,,,,,,,,,,,,,,,,
,PLC02146,,,,,,,,,DHARMA,CC0,PLC02146,,,,,,,,,,,,,,,,,,,,
,PLC02147,,,,,,,,,DHARMA,CC0,PLC02147,,,,,,,,,,,,,,,,,,,,
,PLC02148,,,,,,,,,DHARMA,CC0,PLC02148,,,,,,,,,,,,,,,,,,,,
,PLC02149,,,,,,,,,DHARMA,CC0,PLC02149,,,,,,,,,,,,,,,,,,,,
,PLC02150,,,,,,,,,DHARMA,CC0,PLC02150,,,,,,,,,,,,,,,,,,,,
,PLC02151,,,,,,,,,DHARMA,CC0,PLC02151,,,,,,,,,,,,,,,,,,,,
,PLC02152,,,,,,,,,DHARMA,CC0,PLC02152,,,,,,,,,,,,,,,,,,,,
,PLC02153,,,,,,,,,DHARMA,CC0,PLC02153,,,,,,,,,,,,,,,,,,,,
,PLC02154,,,,,,,,,DHARMA,CC0,PLC02154,,,,,,,,,,,,,,,,,,,,
,PLC02155,,,,,,,,,DHARMA,CC0,PLC02155,,,,,,,,,,,,,,,,,,,,
,PLC02156,,,,,,,,,DHARMA,CC0,PLC02156,,,,,,,,,,,,,,,,,,,,
,PLC02157,,,,,,,,,DHARMA,CC0,PLC02157,,,,,,,,,,,,,,,,,,,,
,PLC02158,,,,,,,,,DHARMA,CC0,PLC02158,,,,,,,,,,,,,,,,,,,,
,PLC02159,,,,,,,,,DHARMA,CC0,PLC02159,,,,,,,,,,,,,,,,,,,,
,PLC02160,,,,,,,,,DHARMA,CC0,PLC02160,,,,,,,,,,,,,,,,,,,,
,PLC02161,,,,,,,,,DHARMA,CC0,PLC02161,,,,,,,,,,,,,,,,,,,,
,PLC02162,,,,,,,,,DHARMA,CC0,PLC02162,,,,,,,,,,,,,,,,,,,,
,PLC02163,,,,,,,,,DHARMA,CC0,PLC02163,,,,,,,,,,,,,,,,,,,,
,PLC02164,,,,,,,,,DHARMA,CC0,PLC02164,,,,,,,,,,,,,,,,,,,,
,PLC02165,,,,,,,,,DHARMA,CC0,PLC02165,,,,,,,,,,,,,,,,,,,,
,PLC02166,,,,,,,,,DHARMA,CC0,PLC02166,,,,,,,,,,,,,,,,,,,,
,PLC02167,,,,,,,,,DHARMA,CC0,PLC02167,,,,,,,,,,,,,,,,,,,,
,PLC02168,,,,,,,,,DHARMA,CC0,PLC02168,,,,,,,,,,,,,,,,,,,,
,PLC02169,,,,,,,,,DHARMA,CC0,PLC02169,,,,,,,,,,,,,,,,,,,,
,PLC02170,,,,,,,,,DHARMA,CC0,PLC02170,,,,,,,,,,,,,,,,,,,,
,PLC02171,,,,,,,,,DHARMA,CC0,PLC02171,,,,,,,,,,,,,,,,,,,,
,PLC02172,,,,,,,,,DHARMA,CC0,PLC02172,,,,,,,,,,,,,,,,,,,,
,PLC02173,,,,,,,,,DHARMA,CC0,PLC02173,,,,,,,,,,,,,,,,,,,,
,PLC02174,,,,,,,,,DHARMA,CC0,PLC02174,,,,,,,,,,,,,,,,,,,,
,PLC02175,,,,,,,,,DHARMA,CC0,PLC02175,,,,,,,,,,,,,,,,,,,,
,PLC02176,,,,,,,,,DHARMA,CC0,PLC02176,,,,,,,,,,,,,,,,,,,,
,PLC02177,,,,,,,,,DHARMA,CC0,PLC02177,,,,,,,,,,,,,,,,,,,,
,PLC02178,,,,,,,,,DHARMA,CC0,PLC02178,,,,,,,,,,,,,,,,,,,,
,PLC02179,,,,,,,,,DHARMA,CC0,PLC02179,,,,,,,,,,,,,,,,,,,,
,PLC02180,,,,,,,,,DHARMA,CC0,PLC02180,,,,,,,,,,,,,,,,,,,,
,PLC02181,,,,,,,,,DHARMA,CC0,PLC02181,,,,,,,,,,,,,,,,,,,,
,PLC02182,,,,,,,,,DHARMA,CC0,PLC02182,,,,,,,,,,,,,,,,,,,,
,PLC02183,,,,,,,,,DHARMA,CC0,PLC02183,,,,,,,,,,,,,,,,,,,,
,PLC02184,,,,,,,,,DHARMA,CC0,PLC02184,,,,,,,,,,,,,,,,,,,,
,PLC02185,,,,,,,,,DHARMA,CC0,PLC02185,,,,,,,,,,,,,,,,,,,,
,PLC02186,,,,,,,,,DHARMA,CC0,PLC02186,,,,,,,,,,,,,,,,,,,,
,PLC02187,,,,,,,,,DHARMA,CC0,PLC02187,,,,,,,,,,,,,,,,,,,,
,PLC02188,,,,,,,,,DHARMA,CC0,PLC02188,,,,,,,,,,,,,,,,,,,,
,PLC02189,,,,,,,,,DHARMA,CC0,PLC02189,,,,,,,,,,,,,,,,,,,,
,PLC02190,,,,,,,,,DHARMA,CC0,PLC02190,,,,,,,,,,,,,,,,,,,,
,PLC02191,,,,,,,,,DHARMA,CC0,PLC02191,,,,,,,,,,,,,,,,,,,,
,PLC02192,,,,,,,,,DHARMA,CC0,PLC02192,,,,,,,,,,,,,,,,,,,,
,PLC02193,,,,,,,,,DHARMA,CC0,PLC02193,,,,,,,,,,,,,,,,,,,,
,PLC02194,,,,,,,,,DHARMA,CC0,PLC02194,,,,,,,,,,,,,,,,,,,,
,PLC02195,,,,,,,,,DHARMA,CC0,PLC02195,,,,,,,,,,,,,,,,,,,,
,PLC02196,,,,,,,,,DHARMA,CC0,PLC02196,,,,,,,,,,,,,,,,,,,,
,PLC02197,,,,,,,,,DHARMA,CC0,PLC02197,,,,,,,,,,,,,,,,,,,,
,PLC02198,,,,,,,,,DHARMA,CC0,PLC02198,,,,,,,,,,,,,,,,,,,,
,PLC02199,,,,,,,,,DHARMA,CC0,PLC02199,,,,,,,,,,,,,,,,,,,,
,PLC02200,,,,,,,,,DHARMA,CC0,PLC02200,,,,,,,,,,,,,,,,,,,,
,PLC02201,,,,,,,,,DHARMA,CC0,PLC02201,,,,,,,,,,,,,,,,,,,,
,PLC02202,,,,,,,,,DHARMA,CC0,PLC02202,,,,,,,,,,,,,,,,,,,,
,PLC02203,,,,,,,,,DHARMA,CC0,PLC02203,,,,,,,,,,,,,,,,,,,,
,PLC02204,,,,,,,,,DHARMA,CC0,PLC02204,,,,,,,,,,,,,,,,,,,,
,PLC02205,,,,,,,,,DHARMA,CC0,PLC02205,,,,,,,,,,,,,,,,,,,,
,PLC02206,,,,,,,,,DHARMA,CC0,PLC02206,,,,,,,,,,,,,,,,,,,,
,PLC02207,,,,,,,,,DHARMA,CC0,PLC02207,,,,,,,,,,,,,,,,,,,,
,PLC02208,,,,,,,,,DHARMA,CC0,PLC02208,,,,,,,,,,,,,,,,,,,,
,PLC02209,,,,,,,,,DHARMA,CC0,PLC02209,,,,,,,,,,,,,,,,,,,,
,PLC02210,,,,,,,,,DHARMA,CC0,PLC02210,,,,,,,,,,,,,,,,,,,,
,PLC02211,,,,,,,,,DHARMA,CC0,PLC02211,,,,,,,,,,,,,,,,,,,,
,PLC02212,,,,,,,,,DHARMA,CC0,PLC02212,,,,,,,,,,,,,,,,,,,,
,PLC02213,,,,,,,,,DHARMA,CC0,PLC02213,,,,,,,,,,,,,,,,,,,,
,PLC02214,,,,,,,,,DHARMA,CC0,PLC02214,,,,,,,,,,,,,,,,,,,,
,PLC02215,,,,,,,,,DHARMA,CC0,PLC02215,,,,,,,,,,,,,,,,,,,,
,PLC02216,,,,,,,,,DHARMA,CC0,PLC02216,,,,,,,,,,,,,,,,,,,,
,PLC02217,,,,,,,,,DHARMA,CC0,PLC02217,,,,,,,,,,,,,,,,,,,,
,PLC02218,,,,,,,,,DHARMA,CC0,PLC02218,,,,,,,,,,,,,,,,,,,,
,PLC02219,,,,,,,,,DHARMA,CC0,PLC02219,,,,,,,,,,,,,,,,,,,,
,PLC02220,,,,,,,,,DHARMA,CC0,PLC02220,,,,,,,,,,,,,,,,,,,,
,PLC02221,,,,,,,,,DHARMA,CC0,PLC02221,,,,,,,,,,,,,,,,,,,,
,PLC02222,,,,,,,,,DHARMA,CC0,PLC02222,,,,,,,,,,,,,,,,,,,,
,PLC02223,,,,,,,,,DHARMA,CC0,PLC02223,,,,,,,,,,,,,,,,,,,,
,PLC02224,,,,,,,,,DHARMA,CC0,PLC02224,,,,,,,,,,,,,,,,,,,,
,PLC02225,,,,,,,,,DHARMA,CC0,PLC02225,,,,,,,,,,,,,,,,,,,,
,PLC02226,,,,,,,,,DHARMA,CC0,PLC02226,,,,,,,,,,,,,,,,,,,,
,PLC02227,,,,,,,,,DHARMA,CC0,PLC02227,,,,,,,,,,,,,,,,,,,,
,PLC02228,,,,,,,,,DHARMA,CC0,PLC02228,,,,,,,,,,,,,,,,,,,,
,PLC02229,,,,,,,,,DHARMA,CC0,PLC02229,,,,,,,,,,,,,,,,,,,,
,PLC02230,,,,,,,,,DHARMA,CC0,PLC02230,,,,,,,,,,,,,,,,,,,,
,PLC02231,,,,,,,,,DHARMA,CC0,PLC02231,,,,,,,,,,,,,,,,,,,,
,PLC02232,,,,,,,,,DHARMA,CC0,PLC02232,,,,,,,,,,,,,,,,,,,,
,PLC02233,,,,,,,,,DHARMA,CC0,PLC02233,,,,,,,,,,,,,,,,,,,,
,PLC02234,,,,,,,,,DHARMA,CC0,PLC02234,,,,,,,,,,,,,,,,,,,,
,PLC02235,,,,,,,,,DHARMA,CC0,PLC02235,,,,,,,,,,,,,,,,,,,,
,PLC02236,,,,,,,,,DHARMA,CC0,PLC02236,,,,,,,,,,,,,,,,,,,,
,PLC02237,,,,,,,,,DHARMA,CC0,PLC02237,,,,,,,,,,,,,,,,,,,,
,PLC02238,,,,,,,,,DHARMA,CC0,PLC02238,,,,,,,,,,,,,,,,,,,,
,PLC02239,,,,,,,,,DHARMA,CC0,PLC02239,,,,,,,,,,,,,,,,,,,,
,PLC02240,,,,,,,,,DHARMA,CC0,PLC02240,,,,,,,,,,,,,,,,,,,,
,PLC02241,,,,,,,,,DHARMA,CC0,PLC02241,,,,,,,,,,,,,,,,,,,,
,PLC02242,,,,,,,,,DHARMA,CC0,PLC02242,,,,,,,,,,,,,,,,,,,,
,PLC02243,,,,,,,,,DHARMA,CC0,PLC02243,,,,,,,,,,,,,,,,,,,,
,PLC02244,,,,,,,,,DHARMA,CC0,PLC02244,,,,,,,,,,,,,,,,,,,,
,PLC02245,,,,,,,,,DHARMA,CC0,PLC02245,,,,,,,,,,,,,,,,,,,,
,PLC02246,,,,,,,,,DHARMA,CC0,PLC02246,,,,,,,,,,,,,,,,,,,,
,PLC02247,,,,,,,,,DHARMA,CC0,PLC02247,,,,,,,,,,,,,,,,,,,,
,PLC02248,,,,,,,,,DHARMA,CC0,PLC02248,,,,,,,,,,,,,,,,,,,,
,PLC02249,,,,,,,,,DHARMA,CC0,PLC02249,,,,,,,,,,,,,,,,,,,,
,PLC02250,,,,,,,,,DHARMA,CC0,PLC02250,,,,,,,,,,,,,,,,,,,,
,PLC02251,,,,,,,,,DHARMA,CC0,PLC02251,,,,,,,,,,,,,,,,,,,,
,PLC02252,,,,,,,,,DHARMA,CC0,PLC02252,,,,,,,,,,,,,,,,,,,,
,PLC02253,,,,,,,,,DHARMA,CC0,PLC02253,,,,,,,,,,,,,,,,,,,,
,PLC02254,,,,,,,,,DHARMA,CC0,PLC02254,,,,,,,,,,,,,,,,,,,,
,PLC02255,,,,,,,,,DHARMA,CC0,PLC02255,,,,,,,,,,,,,,,,,,,,
,PLC02256,,,,,,,,,DHARMA,CC0,PLC02256,,,,,,,,,,,,,,,,,,,,
,PLC02257,,,,,,,,,DHARMA,CC0,PLC02257,,,,,,,,,,,,,,,,,,,,
,PLC02258,,,,,,,,,DHARMA,CC0,PLC02258,,,,,,,,,,,,,,,,,,,,
,PLC02259,,,,,,,,,DHARMA,CC0,PLC02259,,,,,,,,,,,,,,,,,,,,
,PLC02260,,,,,,,,,DHARMA,CC0,PLC02260,,,,,,,,,,,,,,,,,,,,
,PLC02261,,,,,,,,,DHARMA,CC0,PLC02261,,,,,,,,,,,,,,,,,,,,
,PLC02262,,,,,,,,,DHARMA,CC0,PLC02262,,,,,,,,,,,,,,,,,,,,
,PLC02263,,,,,,,,,DHARMA,CC0,PLC02263,,,,,,,,,,,,,,,,,,,,
,PLC02264,,,,,,,,,DHARMA,CC0,PLC02264,,,,,,,,,,,,,,,,,,,,
,PLC02265,,,,,,,,,DHARMA,CC0,PLC02265,,,,,,,,,,,,,,,,,,,,
,PLC02266,,,,,,,,,DHARMA,CC0,PLC02266,,,,,,,,,,,,,,,,,,,,
,PLC02267,,,,,,,,,DHARMA,CC0,PLC02267,,,,,,,,,,,,,,,,,,,,
,PLC02268,,,,,,,,,DHARMA,CC0,PLC02268,,,,,,,,,,,,,,,,,,,,
,PLC02269,,,,,,,,,DHARMA,CC0,PLC02269,,,,,,,,,,,,,,,,,,,,
,PLC02270,,,,,,,,,DHARMA,CC0,PLC02270,,,,,,,,,,,,,,,,,,,,
,PLC02271,,,,,,,,,DHARMA,CC0,PLC02271,,,,,,,,,,,,,,,,,,,,
,PLC02272,,,,,,,,,DHARMA,CC0,PLC02272,,,,,,,,,,,,,,,,,,,,
,PLC02273,,,,,,,,,DHARMA,CC0,PLC02273,,,,,,,,,,,,,,,,,,,,
,PLC02274,,,,,,,,,DHARMA,CC0,PLC02274,,,,,,,,,,,,,,,,,,,,
,PLC02275,,,,,,,,,DHARMA,CC0,PLC02275,,,,,,,,,,,,,,,,,,,,
,PLC02276,,,,,,,,,DHARMA,CC0,PLC02276,,,,,,,,,,,,,,,,,,,,
,PLC02277,,,,,,,,,DHARMA,CC0,PLC02277,,,,,,,,,,,,,,,,,,,,
,PLC02278,,,,,,,,,DHARMA,CC0,PLC02278,,,,,,,,,,,,,,,,,,,,
,PLC02279,,,,,,,,,DHARMA,CC0,PLC02279,,,,,,,,,,,,,,,,,,,,
,PLC02280,,,,,,,,,DHARMA,CC0,PLC02280,,,,,,,,,,,,,,,,,,,,
,PLC02281,,,,,,,,,DHARMA,CC0,PLC02281,,,,,,,,,,,,,,,,,,,,
,PLC02282,,,,,,,,,DHARMA,CC0,PLC02282,,,,,,,,,,,,,,,,,,,,
,PLC02283,,,,,,,,,DHARMA,CC0,PLC02283,,,,,,,,,,,,,,,,,,,,
,PLC02284,,,,,,,,,DHARMA,CC0,PLC02284,,,,,,,,,,,,,,,,,,,,
,PLC02285,,,,,,,,,DHARMA,CC0,PLC02285,,,,,,,,,,,,,,,,,,,,
,PLC02286,,,,,,,,,DHARMA,CC0,PLC02286,,,,,,,,,,,,,,,,,,,,
,PLC02287,,,,,,,,,DHARMA,CC0,PLC02287,,,,,,,,,,,,,,,,,,,,
,PLC02288,,,,,,,,,DHARMA,CC0,PLC02288,,,,,,,,,,,,,,,,,,,,
,PLC02289,,,,,,,,,DHARMA,CC0,PLC02289,,,,,,,,,,,,,,,,,,,,
,PLC02290,,,,,,,,,DHARMA,CC0,PLC02290,,,,,,,,,,,,,,,,,,,,
,PLC02291,,,,,,,,,DHARMA,CC0,PLC02291,,,,,,,,,,,,,,,,,,,,
,PLC02292,,,,,,,,,DHARMA,CC0,PLC02292,,,,,,,,,,,,,,,,,,,,
,PLC02293,,,,,,,,,DHARMA,CC0,PLC02293,,,,,,,,,,,,,,,,,,,,
,PLC02294,,,,,,,,,DHARMA,CC0,PLC02294,,,,,,,,,,,,,,,,,,,,
,PLC02295,,,,,,,,,DHARMA,CC0,PLC02295,,,,,,,,,,,,,,,,,,,,
,PLC02296,,,,,,,,,DHARMA,CC0,PLC02296,,,,,,,,,,,,,,,,,,,,
,PLC02297,,,,,,,,,DHARMA,CC0,PLC02297,,,,,,,,,,,,,,,,,,,,
,PLC02298,,,,,,,,,DHARMA,CC0,PLC02298,,,,,,,,,,,,,,,,,,,,
,PLC02299,,,,,,,,,DHARMA,CC0,PLC02299,,,,,,,,,,,,,,,,,,,,
,PLC02300,,,,,,,,,DHARMA,CC0,PLC02300,,,,,,,,,,,,,,,,,,,,
,PLC02301,,,,,,,,,DHARMA,CC0,PLC02301,,,,,,,,,,,,,,,,,,,,
,PLC02302,,,,,,,,,DHARMA,CC0,PLC02302,,,,,,,,,,,,,,,,,,,,
,PLC02303,,,,,,,,,DHARMA,CC0,PLC02303,,,,,,,,,,,,,,,,,,,,
,PLC02304,,,,,,,,,DHARMA,CC0,PLC02304,,,,,,,,,,,,,,,,,,,,
,PLC02305,,,,,,,,,DHARMA,CC0,PLC02305,,,,,,,,,,,,,,,,,,,,
,PLC02306,,,,,,,,,DHARMA,CC0,PLC02306,,,,,,,,,,,,,,,,,,,,
,PLC02307,,,,,,,,,DHARMA,CC0,PLC02307,,,,,,,,,,,,,,,,,,,,
,PLC02308,,,,,,,,,DHARMA,CC0,PLC02308,,,,,,,,,,,,,,,,,,,,
,PLC02309,,,,,,,,,DHARMA,CC0,PLC02309,,,,,,,,,,,,,,,,,,,,
,PLC02310,,,,,,,,,DHARMA,CC0,PLC02310,,,,,,,,,,,,,,,,,,,,
,PLC02311,,,,,,,,,DHARMA,CC0,PLC02311,,,,,,,,,,,,,,,,,,,,
,PLC02312,,,,,,,,,DHARMA,CC0,PLC02312,,,,,,,,,,,,,,,,,,,,
,PLC02313,,,,,,,,,DHARMA,CC0,PLC02313,,,,,,,,,,,,,,,,,,,,
,PLC02314,,,,,,,,,DHARMA,CC0,PLC02314,,,,,,,,,,,,,,,,,,,,
,PLC02315,,,,,,,,,DHARMA,CC0,PLC02315,,,,,,,,,,,,,,,,,,,,
,PLC02316,,,,,,,,,DHARMA,CC0,PLC02316,,,,,,,,,,,,,,,,,,,,
,PLC02317,,,,,,,,,DHARMA,CC0,PLC02317,,,,,,,,,,,,,,,,,,,,
,PLC02318,,,,,,,,,DHARMA,CC0,PLC02318,,,,,,,,,,,,,,,,,,,,
,PLC02319,,,,,,,,,DHARMA,CC0,PLC02319,,,,,,,,,,,,,,,,,,,,
,PLC02320,,,,,,,,,DHARMA,CC0,PLC02320,,,,,,,,,,,,,,,,,,,,
,PLC02321,,,,,,,,,DHARMA,CC0,PLC02321,,,,,,,,,,,,,,,,,,,,
,PLC02322,,,,,,,,,DHARMA,CC0,PLC02322,,,,,,,,,,,,,,,,,,,,
,PLC02323,,,,,,,,,DHARMA,CC0,PLC02323,,,,,,,,,,,,,,,,,,,,
,PLC02324,,,,,,,,,DHARMA,CC0,PLC02324,,,,,,,,,,,,,,,,,,,,
,PLC02325,,,,,,,,,DHARMA,CC0,PLC02325,,,,,,,,,,,,,,,,,,,,
,PLC02326,,,,,,,,,DHARMA,CC0,PLC02326,,,,,,,,,,,,,,,,,,,,
,PLC02327,,,,,,,,,DHARMA,CC0,PLC02327,,,,,,,,,,,,,,,,,,,,
,PLC02328,,,,,,,,,DHARMA,CC0,PLC02328,,,,,,,,,,,,,,,,,,,,
,PLC02329,,,,,,,,,DHARMA,CC0,PLC02329,,,,,,,,,,,,,,,,,,,,
,PLC02330,,,,,,,,,DHARMA,CC0,PLC02330,,,,,,,,,,,,,,,,,,,,
,PLC02331,,,,,,,,,DHARMA,CC0,PLC02331,,,,,,,,,,,,,,,,,,,,
,PLC02332,,,,,,,,,DHARMA,CC0,PLC02332,,,,,,,,,,,,,,,,,,,,
,PLC02333,,,,,,,,,DHARMA,CC0,PLC02333,,,,,,,,,,,,,,,,,,,,
,PLC02334,,,,,,,,,DHARMA,CC0,PLC02334,,,,,,,,,,,,,,,,,,,,
,PLC02335,,,,,,,,,DHARMA,CC0,PLC02335,,,,,,,,,,,,,,,,,,,,
,PLC02336,,,,,,,,,DHARMA,CC0,PLC02336,,,,,,,,,,,,,,,,,,,,
,PLC02337,,,,,,,,,DHARMA,CC0,PLC02337,,,,,,,,,,,,,,,,,,,,
,PLC02338,,,,,,,,,DHARMA,CC0,PLC02338,,,,,,,,,,,,,,,,,,,,
,PLC02339,,,,,,,,,DHARMA,CC0,PLC02339,,,,,,,,,,,,,,,,,,,,
,PLC02340,,,,,,,,,DHARMA,CC0,PLC02340,,,,,,,,,,,,,,,,,,,,
,PLC02341,,,,,,,,,DHARMA,CC0,PLC02341,,,,,,,,,,,,,,,,,,,,
,PLC02342,,,,,,,,,DHARMA,CC0,PLC02342,,,,,,,,,,,,,,,,,,,,
,PLC02343,,,,,,,,,DHARMA,CC0,PLC02343,,,,,,,,,,,,,,,,,,,,
,PLC02344,,,,,,,,,DHARMA,CC0,PLC02344,,,,,,,,,,,,,,,,,,,,
,PLC02345,,,,,,,,,DHARMA,CC0,PLC02345,,,,,,,,,,,,,,,,,,,,
,PLC02346,,,,,,,,,DHARMA,CC0,PLC02346,,,,,,,,,,,,,,,,,,,,
,PLC02347,,,,,,,,,DHARMA,CC0,PLC02347,,,,,,,,,,,,,,,,,,,,
,PLC02348,,,,,,,,,DHARMA,CC0,PLC02348,,,,,,,,,,,,,,,,,,,,
,PLC02349,,,,,,,,,DHARMA,CC0,PLC02349,,,,,,,,,,,,,,,,,,,,
,PLC02350,,,,,,,,,DHARMA,CC0,PLC02350,,,,,,,,,,,,,,,,,,,,
,PLC02351,,,,,,,,,DHARMA,CC0,PLC02351,,,,,,,,,,,,,,,,,,,,
,PLC02352,,,,,,,,,DHARMA,CC0,PLC02352,,,,,,,,,,,,,,,,,,,,
,PLC02353,,,,,,,,,DHARMA,CC0,PLC02353,,,,,,,,,,,,,,,,,,,,
,PLC02354,,,,,,,,,DHARMA,CC0,PLC02354,,,,,,,,,,,,,,,,,,,,
,PLC02355,,,,,,,,,DHARMA,CC0,PLC02355,,,,,,,,,,,,,,,,,,,,
,PLC02356,,,,,,,,,DHARMA,CC0,PLC02356,,,,,,,,,,,,,,,,,,,,
,PLC02357,,,,,,,,,DHARMA,CC0,PLC02357,,,,,,,,,,,,,,,,,,,,
,PLC02358,,,,,,,,,DHARMA,CC0,PLC02358,,,,,,,,,,,,,,,,,,,,
,PLC02359,,,,,,,,,DHARMA,CC0,PLC02359,,,,,,,,,,,,,,,,,,,,
,PLC02360,,,,,,,,,DHARMA,CC0,PLC02360,,,,,,,,,,,,,,,,,,,,
,PLC02361,,,,,,,,,DHARMA,CC0,PLC02361,,,,,,,,,,,,,,,,,,,,
,PLC02362,,,,,,,,,DHARMA,CC0,PLC02362,,,,,,,,,,,,,,,,,,,,
,PLC02363,,,,,,,,,DHARMA,CC0,PLC02363,,,,,,,,,,,,,,,,,,,,
,PLC02364,,,,,,,,,DHARMA,CC0,PLC02364,,,,,,,,,,,,,,,,,,,,
,PLC02365,,,,,,,,,DHARMA,CC0,PLC02365,,,,,,,,,,,,,,,,,,,,
,PLC02366,,,,,,,,,DHARMA,CC0,PLC02366,,,,,,,,,,,,,,,,,,,,
,PLC02367,,,,,,,,,DHARMA,CC0,PLC02367,,,,,,,,,,,,,,,,,,,,
,PLC02368,,,,,,,,,DHARMA,CC0,PLC02368,,,,,,,,,,,,,,,,,,,,
,PLC02369,,,,,,,,,DHARMA,CC0,PLC02369,,,,,,,,,,,,,,,,,,,,
,PLC02370,,,,,,,,,DHARMA,CC0,PLC02370,,,,,,,,,,,,,,,,,,,,
,PLC02371,,,,,,,,,DHARMA,CC0,PLC02371,,,,,,,,,,,,,,,,,,,,
,PLC02372,,,,,,,,,DHARMA,CC0,PLC02372,,,,,,,,,,,,,,,,,,,,
,PLC02373,,,,,,,,,DHARMA,CC0,PLC02373,,,,,,,,,,,,,,,,,,,,
,PLC02374,,,,,,,,,DHARMA,CC0,PLC02374,,,,,,,,,,,,,,,,,,,,
,PLC02375,,,,,,,,,DHARMA,CC0,PLC02375,,,,,,,,,,,,,,,,,,,,
,PLC02376,,,,,,,,,DHARMA,CC0,PLC02376,,,,,,,,,,,,,,,,,,,,
,PLC02377,,,,,,,,,DHARMA,CC0,PLC02377,,,,,,,,,,,,,,,,,,,,
,PLC02378,,,,,,,,,DHARMA,CC0,PLC02378,,,,,,,,,,,,,,,,,,,,
,PLC02379,,,,,,,,,DHARMA,CC0,PLC02379,,,,,,,,,,,,,,,,,,,,
,PLC02380,,,,,,,,,DHARMA,CC0,PLC02380,,,,,,,,,,,,,,,,,,,,
,PLC02381,,,,,,,,,DHARMA,CC0,PLC02381,,,,,,,,,,,,,,,,,,,,
,PLC02382,,,,,,,,,DHARMA,CC0,PLC02382,,,,,,,,,,,,,,,,,,,,
,PLC02383,,,,,,,,,DHARMA,CC0,PLC02383,,,,,,,,,,,,,,,,,,,,
,PLC02384,,,,,,,,,DHARMA,CC0,PLC02384,,,,,,,,,,,,,,,,,,,,
,PLC02385,,,,,,,,,DHARMA,CC0,PLC02385,,,,,,,,,,,,,,,,,,,,
,PLC02386,,,,,,,,,DHARMA,CC0,PLC02386,,,,,,,,,,,,,,,,,,,,
,PLC02387,,,,,,,,,DHARMA,CC0,PLC02387,,,,,,,,,,,,,,,,,,,,
,PLC02388,,,,,,,,,DHARMA,CC0,PLC02388,,,,,,,,,,,,,,,,,,,,
,PLC02389,,,,,,,,,DHARMA,CC0,PLC02389,,,,,,,,,,,,,,,,,,,,
,PLC02390,,,,,,,,,DHARMA,CC0,PLC02390,,,,,,,,,,,,,,,,,,,,
,PLC02391,,,,,,,,,DHARMA,CC0,PLC02391,,,,,,,,,,,,,,,,,,,,
,PLC02392,,,,,,,,,DHARMA,CC0,PLC02392,,,,,,,,,,,,,,,,,,,,
,PLC02393,,,,,,,,,DHARMA,CC0,PLC02393,,,,,,,,,,,,,,,,,,,,
,PLC02394,,,,,,,,,DHARMA,CC0,PLC02394,,,,,,,,,,,,,,,,,,,,
,PLC02395,,,,,,,,,DHARMA,CC0,PLC02395,,,,,,,,,,,,,,,,,,,,
,PLC02396,,,,,,,,,DHARMA,CC0,PLC02396,,,,,,,,,,,,,,,,,,,,
,PLC02397,,,,,,,,,DHARMA,CC0,PLC02397,,,,,,,,,,,,,,,,,,,,
,PLC02398,,,,,,,,,DHARMA,CC0,PLC02398,,,,,,,,,,,,,,,,,,,,
,PLC02399,,,,,,,,,DHARMA,CC0,PLC02399,,,,,,,,,,,,,,,,,,,,
,PLC02400,,,,,,,,,DHARMA,CC0,PLC02400,,,,,,,,,,,,,,,,,,,,
,PLC02401,,,,,,,,,DHARMA,CC0,PLC02401,,,,,,,,,,,,,,,,,,,,
,PLC02402,,,,,,,,,DHARMA,CC0,PLC02402,,,,,,,,,,,,,,,,,,,,
,PLC02403,,,,,,,,,DHARMA,CC0,PLC02403,,,,,,,,,,,,,,,,,,,,
,PLC02404,,,,,,,,,DHARMA,CC0,PLC02404,,,,,,,,,,,,,,,,,,,,
,PLC02405,,,,,,,,,DHARMA,CC0,PLC02405,,,,,,,,,,,,,,,,,,,,
,PLC02406,,,,,,,,,DHARMA,CC0,PLC02406,,,,,,,,,,,,,,,,,,,,
,PLC02407,,,,,,,,,DHARMA,CC0,PLC02407,,,,,,,,,,,,,,,,,,,,
,PLC02408,,,,,,,,,DHARMA,CC0,PLC02408,,,,,,,,,,,,,,,,,,,,
,PLC02409,,,,,,,,,DHARMA,CC0,PLC02409,,,,,,,,,,,,,,,,,,,,
,PLC02410,,,,,,,,,DHARMA,CC0,PLC02410,,,,,,,,,,,,,,,,,,,,
,PLC02411,,,,,,,,,DHARMA,CC0,PLC02411,,,,,,,,,,,,,,,,,,,,
,PLC02412,,,,,,,,,DHARMA,CC0,PLC02412,,,,,,,,,,,,,,,,,,,,
,PLC02413,,,,,,,,,DHARMA,CC0,PLC02413,,,,,,,,,,,,,,,,,,,,
,PLC02414,,,,,,,,,DHARMA,CC0,PLC02414,,,,,,,,,,,,,,,,,,,,
,PLC02415,,,,,,,,,DHARMA,CC0,PLC02415,,,,,,,,,,,,,,,,,,,,
,PLC02416,,,,,,,,,DHARMA,CC0,PLC02416,,,,,,,,,,,,,,,,,,,,
,PLC02417,,,,,,,,,DHARMA,CC0,PLC02417,,,,,,,,,,,,,,,,,,,,
,PLC02418,,,,,,,,,DHARMA,CC0,PLC02418,,,,,,,,,,,,,,,,,,,,
,PLC02419,,,,,,,,,DHARMA,CC0,PLC02419,,,,,,,,,,,,,,,,,,,,
,PLC02420,,,,,,,,,DHARMA,CC0,PLC02420,,,,,,,,,,,,,,,,,,,,
,PLC02421,,,,,,,,,DHARMA,CC0,PLC02421,,,,,,,,,,,,,,,,,,,,
,PLC02422,,,,,,,,,DHARMA,CC0,PLC02422,,,,,,,,,,,,,,,,,,,,
,PLC02423,,,,,,,,,DHARMA,CC0,PLC02423,,,,,,,,,,,,,,,,,,,,
,PLC02424,,,,,,,,,DHARMA,CC0,PLC02424,,,,,,,,,,,,,,,,,,,,
,PLC02425,,,,,,,,,DHARMA,CC0,PLC02425,,,,,,,,,,,,,,,,,,,,
,PLC02426,,,,,,,,,DHARMA,CC0,PLC02426,,,,,,,,,,,,,,,,,,,,
,PLC02427,,,,,,,,,DHARMA,CC0,PLC02427,,,,,,,,,,,,,,,,,,,,
,PLC02428,,,,,,,,,DHARMA,CC0,PLC02428,,,,,,,,,,,,,,,,,,,,
,PLC02429,,,,,,,,,DHARMA,CC0,PLC02429,,,,,,,,,,,,,,,,,,,,
,PLC02430,,,,,,,,,DHARMA,CC0,PLC02430,,,,,,,,,,,,,,,,,,,,
,PLC02431,,,,,,,,,DHARMA,CC0,PLC02431,,,,,,,,,,,,,,,,,,,,
,PLC02432,,,,,,,,,DHARMA,CC0,PLC02432,,,,,,,,,,,,,,,,,,,,
,PLC02433,,,,,,,,,DHARMA,CC0,PLC02433,,,,,,,,,,,,,,,,,,,,
,PLC02434,,,,,,,,,DHARMA,CC0,PLC02434,,,,,,,,,,,,,,,,,,,,
,PLC02435,,,,,,,,,DHARMA,CC0,PLC02435,,,,,,,,,,,,,,,,,,,,
,PLC02436,,,,,,,,,DHARMA,CC0,PLC02436,,,,,,,,,,,,,,,,,,,,
,PLC02437,,,,,,,,,DHARMA,CC0,PLC02437,,,,,,,,,,,,,,,,,,,,
,PLC02438,,,,,,,,,DHARMA,CC0,PLC02438,,,,,,,,,,,,,,,,,,,,
,PLC02439,,,,,,,,,DHARMA,CC0,PLC02439,,,,,,,,,,,,,,,,,,,,
,PLC02440,,,,,,,,,DHARMA,CC0,PLC02440,,,,,,,,,,,,,,,,,,,,
,PLC02441,,,,,,,,,DHARMA,CC0,PLC02441,,,,,,,,,,,,,,,,,,,,
,PLC02442,,,,,,,,,DHARMA,CC0,PLC02442,,,,,,,,,,,,,,,,,,,,
,PLC02443,,,,,,,,,DHARMA,CC0,PLC02443,,,,,,,,,,,,,,,,,,,,
,PLC02444,,,,,,,,,DHARMA,CC0,PLC02444,,,,,,,,,,,,,,,,,,,,
,PLC02445,,,,,,,,,DHARMA,CC0,PLC02445,,,,,,,,,,,,,,,,,,,,
,PLC02446,,,,,,,,,DHARMA,CC0,PLC02446,,,,,,,,,,,,,,,,,,,,
,PLC02447,,,,,,,,,DHARMA,CC0,PLC02447,,,,,,,,,,,,,,,,,,,,
,PLC02448,,,,,,,,,DHARMA,CC0,PLC02448,,,,,,,,,,,,,,,,,,,,
,PLC02449,,,,,,,,,DHARMA,CC0,PLC02449,,,,,,,,,,,,,,,,,,,,
,PLC02450,,,,,,,,,DHARMA,CC0,PLC02450,,,,,,,,,,,,,,,,,,,,
,PLC02451,,,,,,,,,DHARMA,CC0,PLC02451,,,,,,,,,,,,,,,,,,,,
,PLC02452,,,,,,,,,DHARMA,CC0,PLC02452,,,,,,,,,,,,,,,,,,,,
,PLC02453,,,,,,,,,DHARMA,CC0,PLC02453,,,,,,,,,,,,,,,,,,,,
,PLC02454,,,,,,,,,DHARMA,CC0,PLC02454,,,,,,,,,,,,,,,,,,,,
,PLC02455,,,,,,,,,DHARMA,CC0,PLC02455,,,,,,,,,,,,,,,,,,,,
,PLC02456,,,,,,,,,DHARMA,CC0,PLC02456,,,,,,,,,,,,,,,,,,,,
,PLC02457,,,,,,,,,DHARMA,CC0,PLC02457,,,,,,,,,,,,,,,,,,,,
,PLC02458,,,,,,,,,DHARMA,CC0,PLC02458,,,,,,,,,,,,,,,,,,,,
,PLC02459,,,,,,,,,DHARMA,CC0,PLC02459,,,,,,,,,,,,,,,,,,,,
,PLC02460,,,,,,,,,DHARMA,CC0,PLC02460,,,,,,,,,,,,,,,,,,,,
,PLC02461,,,,,,,,,DHARMA,CC0,PLC02461,,,,,,,,,,,,,,,,,,,,
,PLC02462,,,,,,,,,DHARMA,CC0,PLC02462,,,,,,,,,,,,,,,,,,,,
,PLC02463,,,,,,,,,DHARMA,CC0,PLC02463,,,,,,,,,,,,,,,,,,,,
,PLC02464,,,,,,,,,DHARMA,CC0,PLC02464,,,,,,,,,,,,,,,,,,,,
,PLC02465,,,,,,,,,DHARMA,CC0,PLC02465,,,,,,,,,,,,,,,,,,,,
,PLC02466,,,,,,,,,DHARMA,CC0,PLC02466,,,,,,,,,,,,,,,,,,,,
,PLC02467,,,,,,,,,DHARMA,CC0,PLC02467,,,,,,,,,,,,,,,,,,,,
,PLC02468,,,,,,,,,DHARMA,CC0,PLC02468,,,,,,,,,,,,,,,,,,,,
,PLC02469,,,,,,,,,DHARMA,CC0,PLC02469,,,,,,,,,,,,,,,,,,,,
,PLC02470,,,,,,,,,DHARMA,CC0,PLC02470,,,,,,,,,,,,,,,,,,,,
,PLC02471,,,,,,,,,DHARMA,CC0,PLC02471,,,,,,,,,,,,,,,,,,,,
,PLC02472,,,,,,,,,DHARMA,CC0,PLC02472,,,,,,,,,,,,,,,,,,,,
,PLC02473,,,,,,,,,DHARMA,CC0,PLC02473,,,,,,,,,,,,,,,,,,,,
,PLC02474,,,,,,,,,DHARMA,CC0,PLC02474,,,,,,,,,,,,,,,,,,,,
,PLC02475,,,,,,,,,DHARMA,CC0,PLC02475,,,,,,,,,,,,,,,,,,,,
,PLC02476,,,,,,,,,DHARMA,CC0,PLC02476,,,,,,,,,,,,,,,,,,,,
,PLC02477,,,,,,,,,DHARMA,CC0,PLC02477,,,,,,,,,,,,,,,,,,,,
,PLC02478,,,,,,,,,DHARMA,CC0,PLC02478,,,,,,,,,,,,,,,,,,,,
,PLC02479,,,,,,,,,DHARMA,CC0,PLC02479,,,,,,,,,,,,,,,,,,,,
,PLC02480,,,,,,,,,DHARMA,CC0,PLC02480,,,,,,,,,,,,,,,,,,,,
,PLC02481,,,,,,,,,DHARMA,CC0,PLC02481,,,,,,,,,,,,,,,,,,,,
,PLC02482,,,,,,,,,DHARMA,CC0,PLC02482,,,,,,,,,,,,,,,,,,,,
,PLC02483,,,,,,,,,DHARMA,CC0,PLC02483,,,,,,,,,,,,,,,,,,,,
,PLC02484,,,,,,,,,DHARMA,CC0,PLC02484,,,,,,,,,,,,,,,,,,,,
,PLC02485,,,,,,,,,DHARMA,CC0,PLC02485,,,,,,,,,,,,,,,,,,,,
,PLC02486,,,,,,,,,DHARMA,CC0,PLC02486,,,,,,,,,,,,,,,,,,,,
,PLC02487,,,,,,,,,DHARMA,CC0,PLC02487,,,,,,,,,,,,,,,,,,,,
,PLC02488,,,,,,,,,DHARMA,CC0,PLC02488,,,,,,,,,,,,,,,,,,,,
,PLC02489,,,,,,,,,DHARMA,CC0,PLC02489,,,,,,,,,,,,,,,,,,,,
,PLC02490,,,,,,,,,DHARMA,CC0,PLC02490,,,,,,,,,,,,,,,,,,,,
,PLC02491,,,,,,,,,DHARMA,CC0,PLC02491,,,,,,,,,,,,,,,,,,,,
,PLC02492,,,,,,,,,DHARMA,CC0,PLC02492,,,,,,,,,,,,,,,,,,,,
,PLC02493,,,,,,,,,DHARMA,CC0,PLC02493,,,,,,,,,,,,,,,,,,,,
,PLC02494,,,,,,,,,DHARMA,CC0,PLC02494,,,,,,,,,,,,,,,,,,,,
,PLC02495,,,,,,,,,DHARMA,CC0,PLC02495,,,,,,,,,,,,,,,,,,,,
,PLC02496,,,,,,,,,DHARMA,CC0,PLC02496,,,,,,,,,,,,,,,,,,,,
,PLC02497,,,,,,,,,DHARMA,CC0,PLC02497,,,,,,,,,,,,,,,,,,,,
,PLC02498,,,,,,,,,DHARMA,CC0,PLC02498,,,,,,,,,,,,,,,,,,,,
,PLC02499,,,,,,,,,DHARMA,CC0,PLC02499,,,,,,,,,,,,,,,,,,,,
,PLC02500,,,,,,,,,DHARMA,CC0,PLC02500,,,,,,,,,,,,,,,,,,,,
,PLC02501,,,,,,,,,DHARMA,CC0,PLC02501,,,,,,,,,,,,,,,,,,,,
,PLC02502,,,,,,,,,DHARMA,CC0,PLC02502,,,,,,,,,,,,,,,,,,,,
,PLC02503,,,,,,,,,DHARMA,CC0,PLC02503,,,,,,,,,,,,,,,,,,,,
,PLC02504,,,,,,,,,DHARMA,CC0,PLC02504,,,,,,,,,,,,,,,,,,,,
,PLC02505,,,,,,,,,DHARMA,CC0,PLC02505,,,,,,,,,,,,,,,,,,,,
,PLC02506,,,,,,,,,DHARMA,CC0,PLC02506,,,,,,,,,,,,,,,,,,,,
,PLC02507,,,,,,,,,DHARMA,CC0,PLC02507,,,,,,,,,,,,,,,,,,,,
,PLC02508,,,,,,,,,DHARMA,CC0,PLC02508,,,,,,,,,,,,,,,,,,,,
,PLC02509,,,,,,,,,DHARMA,CC0,PLC02509,,,,,,,,,,,,,,,,,,,,
,PLC02510,,,,,,,,,DHARMA,CC0,PLC02510,,,,,,,,,,,,,,,,,,,,
,PLC02511,,,,,,,,,DHARMA,CC0,PLC02511,,,,,,,,,,,,,,,,,,,,
,PLC02512,,,,,,,,,DHARMA,CC0,PLC02512,,,,,,,,,,,,,,,,,,,,
,PLC02513,,,,,,,,,DHARMA,CC0,PLC02513,,,,,,,,,,,,,,,,,,,,
,PLC02514,,,,,,,,,DHARMA,CC0,PLC02514,,,,,,,,,,,,,,,,,,,,
,PLC02515,,,,,,,,,DHARMA,CC0,PLC02515,,,,,,,,,,,,,,,,,,,,
,PLC02516,,,,,,,,,DHARMA,CC0,PLC02516,,,,,,,,,,,,,,,,,,,,
,PLC02517,,,,,,,,,DHARMA,CC0,PLC02517,,,,,,,,,,,,,,,,,,,,
,PLC02518,,,,,,,,,DHARMA,CC0,PLC02518,,,,,,,,,,,,,,,,,,,,
,PLC02519,,,,,,,,,DHARMA,CC0,PLC02519,,,,,,,,,,,,,,,,,,,,
,PLC02520,,,,,,,,,DHARMA,CC0,PLC02520,,,,,,,,,,,,,,,,,,,,
,PLC02521,,,,,,,,,DHARMA,CC0,PLC02521,,,,,,,,,,,,,,,,,,,,
,PLC02522,,,,,,,,,DHARMA,CC0,PLC02522,,,,,,,,,,,,,,,,,,,,
,PLC02523,,,,,,,,,DHARMA,CC0,PLC02523,,,,,,,,,,,,,,,,,,,,
,PLC02524,,,,,,,,,DHARMA,CC0,PLC02524,,,,,,,,,,,,,,,,,,,,
,PLC02525,,,,,,,,,DHARMA,CC0,PLC02525,,,,,,,,,,,,,,,,,,,,
,PLC02526,,,,,,,,,DHARMA,CC0,PLC02526,,,,,,,,,,,,,,,,,,,,
,PLC02527,,,,,,,,,DHARMA,CC0,PLC02527,,,,,,,,,,,,,,,,,,,,
,PLC02528,,,,,,,,,DHARMA,CC0,PLC02528,,,,,,,,,,,,,,,,,,,,
,PLC02529,,,,,,,,,DHARMA,CC0,PLC02529,,,,,,,,,,,,,,,,,,,,
,PLC02530,,,,,,,,,DHARMA,CC0,PLC02530,,,,,,,,,,,,,,,,,,,,
,PLC02531,,,,,,,,,DHARMA,CC0,PLC02531,,,,,,,,,,,,,,,,,,,,
,PLC02532,,,,,,,,,DHARMA,CC0,PLC02532,,,,,,,,,,,,,,,,,,,,
,PLC02533,,,,,,,,,DHARMA,CC0,PLC02533,,,,,,,,,,,,,,,,,,,,
,PLC02534,,,,,,,,,DHARMA,CC0,PLC02534,,,,,,,,,,,,,,,,,,,,
,PLC02535,,,,,,,,,DHARMA,CC0,PLC02535,,,,,,,,,,,,,,,,,,,,
,PLC02536,,,,,,,,,DHARMA,CC0,PLC02536,,,,,,,,,,,,,,,,,,,,
,PLC02537,,,,,,,,,DHARMA,CC0,PLC02537,,,,,,,,,,,,,,,,,,,,
,PLC02538,,,,,,,,,DHARMA,CC0,PLC02538,,,,,,,,,,,,,,,,,,,,
,PLC02539,,,,,,,,,DHARMA,CC0,PLC02539,,,,,,,,,,,,,,,,,,,,
,PLC02540,,,,,,,,,DHARMA,CC0,PLC02540,,,,,,,,,,,,,,,,,,,,
,PLC02541,,,,,,,,,DHARMA,CC0,PLC02541,,,,,,,,,,,,,,,,,,,,
,PLC02542,,,,,,,,,DHARMA,CC0,PLC02542,,,,,,,,,,,,,,,,,,,,
,PLC02543,,,,,,,,,DHARMA,CC0,PLC02543,,,,,,,,,,,,,,,,,,,,
,PLC02544,,,,,,,,,DHARMA,CC0,PLC02544,,,,,,,,,,,,,,,,,,,,
,PLC02545,,,,,,,,,DHARMA,CC0,PLC02545,,,,,,,,,,,,,,,,,,,,
,PLC02546,,,,,,,,,DHARMA,CC0,PLC02546,,,,,,,,,,,,,,,,,,,,
,PLC02547,,,,,,,,,DHARMA,CC0,PLC02547,,,,,,,,,,,,,,,,,,,,
,PLC02548,,,,,,,,,DHARMA,CC0,PLC02548,,,,,,,,,,,,,,,,,,,,
,PLC02549,,,,,,,,,DHARMA,CC0,PLC02549,,,,,,,,,,,,,,,,,,,,
,PLC02550,,,,,,,,,DHARMA,CC0,PLC02550,,,,,,,,,,,,,,,,,,,,
,PLC02551,,,,,,,,,DHARMA,CC0,PLC02551,,,,,,,,,,,,,,,,,,,,
,PLC02552,,,,,,,,,DHARMA,CC0,PLC02552,,,,,,,,,,,,,,,,,,,,
,PLC02553,,,,,,,,,DHARMA,CC0,PLC02553,,,,,,,,,,,,,,,,,,,,
,PLC02554,,,,,,,,,DHARMA,CC0,PLC02554,,,,,,,,,,,,,,,,,,,,
,PLC02555,,,,,,,,,DHARMA,CC0,PLC02555,,,,,,,,,,,,,,,,,,,,
,PLC02556,,,,,,,,,DHARMA,CC0,PLC02556,,,,,,,,,,,,,,,,,,,,
,PLC02557,,,,,,,,,DHARMA,CC0,PLC02557,,,,,,,,,,,,,,,,,,,,
,PLC02558,,,,,,,,,DHARMA,CC0,PLC02558,,,,,,,,,,,,,,,,,,,,
,PLC02559,,,,,,,,,DHARMA,CC0,PLC02559,,,,,,,,,,,,,,,,,,,,
,PLC02560,,,,,,,,,DHARMA,CC0,PLC02560,,,,,,,,,,,,,,,,,,,,
,PLC02561,,,,,,,,,DHARMA,CC0,PLC02561,,,,,,,,,,,,,,,,,,,,
,PLC02562,,,,,,,,,DHARMA,CC0,PLC02562,,,,,,,,,,,,,,,,,,,,
,PLC02563,,,,,,,,,DHARMA,CC0,PLC02563,,,,,,,,,,,,,,,,,,,,
,PLC02564,,,,,,,,,DHARMA,CC0,PLC02564,,,,,,,,,,,,,,,,,,,,
,PLC02565,,,,,,,,,DHARMA,CC0,PLC02565,,,,,,,,,,,,,,,,,,,,
,PLC02566,,,,,,,,,DHARMA,CC0,PLC02566,,,,,,,,,,,,,,,,,,,,
,PLC02567,,,,,,,,,DHARMA,CC0,PLC02567,,,,,,,,,,,,,,,,,,,,
,PLC02568,,,,,,,,,DHARMA,CC0,PLC02568,,,,,,,,,,,,,,,,,,,,
,PLC02569,,,,,,,,,DHARMA,CC0,PLC02569,,,,,,,,,,,,,,,,,,,,
,PLC02570,,,,,,,,,DHARMA,CC0,PLC02570,,,,,,,,,,,,,,,,,,,,
,PLC02571,,,,,,,,,DHARMA,CC0,PLC02571,,,,,,,,,,,,,,,,,,,,
,PLC02572,,,,,,,,,DHARMA,CC0,PLC02572,,,,,,,,,,,,,,,,,,,,
,PLC02573,,,,,,,,,DHARMA,CC0,PLC02573,,,,,,,,,,,,,,,,,,,,
,PLC02574,,,,,,,,,DHARMA,CC0,PLC02574,,,,,,,,,,,,,,,,,,,,
,PLC02575,,,,,,,,,DHARMA,CC0,PLC02575,,,,,,,,,,,,,,,,,,,,
,PLC02576,,,,,,,,,DHARMA,CC0,PLC02576,,,,,,,,,,,,,,,,,,,,
,PLC02577,,,,,,,,,DHARMA,CC0,PLC02577,,,,,,,,,,,,,,,,,,,,
,PLC02578,,,,,,,,,DHARMA,CC0,PLC02578,,,,,,,,,,,,,,,,,,,,
,PLC02579,,,,,,,,,DHARMA,CC0,PLC02579,,,,,,,,,,,,,,,,,,,,
,PLC02580,,,,,,,,,DHARMA,CC0,PLC02580,,,,,,,,,,,,,,,,,,,,
,PLC02581,,,,,,,,,DHARMA,CC0,PLC02581,,,,,,,,,,,,,,,,,,,,
,PLC02582,,,,,,,,,DHARMA,CC0,PLC02582,,,,,,,,,,,,,,,,,,,,
,PLC02583,,,,,,,,,DHARMA,CC0,PLC02583,,,,,,,,,,,,,,,,,,,,
,PLC02584,,,,,,,,,DHARMA,CC0,PLC02584,,,,,,,,,,,,,,,,,,,,
,PLC02585,,,,,,,,,DHARMA,CC0,PLC02585,,,,,,,,,,,,,,,,,,,,
,PLC02586,,,,,,,,,DHARMA,CC0,PLC02586,,,,,,,,,,,,,,,,,,,,
,PLC02587,,,,,,,,,DHARMA,CC0,PLC02587,,,,,,,,,,,,,,,,,,,,
,PLC02588,,,,,,,,,DHARMA,CC0,PLC02588,,,,,,,,,,,,,,,,,,,,
,PLC02589,,,,,,,,,DHARMA,CC0,PLC02589,,,,,,,,,,,,,,,,,,,,
,PLC02590,,,,,,,,,DHARMA,CC0,PLC02590,,,,,,,,,,,,,,,,,,,,
,PLC02591,,,,,,,,,DHARMA,CC0,PLC02591,,,,,,,,,,,,,,,,,,,,
,PLC02592,,,,,,,,,DHARMA,CC0,PLC02592,,,,,,,,,,,,,,,,,,,,
,PLC02593,,,,,,,,,DHARMA,CC0,PLC02593,,,,,,,,,,,,,,,,,,,,
,PLC02594,,,,,,,,,DHARMA,CC0,PLC02594,,,,,,,,,,,,,,,,,,,,
,PLC02595,,,,,,,,,DHARMA,CC0,PLC02595,,,,,,,,,,,,,,,,,,,,
,PLC02596,,,,,,,,,DHARMA,CC0,PLC02596,,,,,,,,,,,,,,,,,,,,
,PLC02597,,,,,,,,,DHARMA,CC0,PLC02597,,,,,,,,,,,,,,,,,,,,
,PLC02598,,,,,,,,,DHARMA,CC0,PLC02598,,,,,,,,,,,,,,,,,,,,
,PLC02599,,,,,,,,,DHARMA,CC0,PLC02599,,,,,,,,,,,,,,,,,,,,
,PLC02600,,,,,,,,,DHARMA,CC0,PLC02600,,,,,,,,,,,,,,,,,,,,
,PLC02601,,,,,,,,,DHARMA,CC0,PLC02601,,,,,,,,,,,,,,,,,,,,
,PLC02602,,,,,,,,,DHARMA,CC0,PLC02602,,,,,,,,,,,,,,,,,,,,
,PLC02603,,,,,,,,,DHARMA,CC0,PLC02603,,,,,,,,,,,,,,,,,,,,
,PLC02604,,,,,,,,,DHARMA,CC0,PLC02604,,,,,,,,,,,,,,,,,,,,
,PLC02605,,,,,,,,,DHARMA,CC0,PLC02605,,,,,,,,,,,,,,,,,,,,
,PLC02606,,,,,,,,,DHARMA,CC0,PLC02606,,,,,,,,,,,,,,,,,,,,
,PLC02607,,,,,,,,,DHARMA,CC0,PLC02607,,,,,,,,,,,,,,,,,,,,
,PLC02608,,,,,,,,,DHARMA,CC0,PLC02608,,,,,,,,,,,,,,,,,,,,
,PLC02609,,,,,,,,,DHARMA,CC0,PLC02609,,,,,,,,,,,,,,,,,,,,
,PLC02610,,,,,,,,,DHARMA,CC0,PLC02610,,,,,,,,,,,,,,,,,,,,
,PLC02611,,,,,,,,,DHARMA,CC0,PLC02611,,,,,,,,,,,,,,,,,,,,
,PLC02612,,,,,,,,,DHARMA,CC0,PLC02612,,,,,,,,,,,,,,,,,,,,
,PLC02613,,,,,,,,,DHARMA,CC0,PLC02613,,,,,,,,,,,,,,,,,,,,
,PLC02614,,,,,,,,,DHARMA,CC0,PLC02614,,,,,,,,,,,,,,,,,,,,
,PLC02615,,,,,,,,,DHARMA,CC0,PLC02615,,,,,,,,,,,,,,,,,,,,
,PLC02616,,,,,,,,,DHARMA,CC0,PLC02616,,,,,,,,,,,,,,,,,,,,
,PLC02617,,,,,,,,,DHARMA,CC0,PLC02617,,,,,,,,,,,,,,,,,,,,
,PLC02618,,,,,,,,,DHARMA,CC0,PLC02618,,,,,,,,,,,,,,,,,,,,
,PLC02619,,,,,,,,,DHARMA,CC0,PLC02619,,,,,,,,,,,,,,,,,,,,
,PLC02620,,,,,,,,,DHARMA,CC0,PLC02620,,,,,,,,,,,,,,,,,,,,
,PLC02621,,,,,,,,,DHARMA,CC0,PLC02621,,,,,,,,,,,,,,,,,,,,
,PLC02622,,,,,,,,,DHARMA,CC0,PLC02622,,,,,,,,,,,,,,,,,,,,
,PLC02623,,,,,,,,,DHARMA,CC0,PLC02623,,,,,,,,,,,,,,,,,,,,
,PLC02624,,,,,,,,,DHARMA,CC0,PLC02624,,,,,,,,,,,,,,,,,,,,
,PLC02625,,,,,,,,,DHARMA,CC0,PLC02625,,,,,,,,,,,,,,,,,,,,
,PLC02626,,,,,,,,,DHARMA,CC0,PLC02626,,,,,,,,,,,,,,,,,,,,
,PLC02627,,,,,,,,,DHARMA,CC0,PLC02627,,,,,,,,,,,,,,,,,,,,
,PLC02628,,,,,,,,,DHARMA,CC0,PLC02628,,,,,,,,,,,,,,,,,,,,
,PLC02629,,,,,,,,,DHARMA,CC0,PLC02629,,,,,,,,,,,,,,,,,,,,
,PLC02630,,,,,,,,,DHARMA,CC0,PLC02630,,,,,,,,,,,,,,,,,,,,
,PLC02631,,,,,,,,,DHARMA,CC0,PLC02631,,,,,,,,,,,,,,,,,,,,
,PLC02632,,,,,,,,,DHARMA,CC0,PLC02632,,,,,,,,,,,,,,,,,,,,
,PLC02633,,,,,,,,,DHARMA,CC0,PLC02633,,,,,,,,,,,,,,,,,,,,
,PLC02634,,,,,,,,,DHARMA,CC0,PLC02634,,,,,,,,,,,,,,,,,,,,
,PLC02635,,,,,,,,,DHARMA,CC0,PLC02635,,,,,,,,,,,,,,,,,,,,
,PLC02636,,,,,,,,,DHARMA,CC0,PLC02636,,,,,,,,,,,,,,,,,,,,
,PLC02637,,,,,,,,,DHARMA,CC0,PLC02637,,,,,,,,,,,,,,,,,,,,
,PLC02638,,,,,,,,,DHARMA,CC0,PLC02638,,,,,,,,,,,,,,,,,,,,
,PLC02639,,,,,,,,,DHARMA,CC0,PLC02639,,,,,,,,,,,,,,,,,,,,
,PLC02640,,,,,,,,,DHARMA,CC0,PLC02640,,,,,,,,,,,,,,,,,,,,
,PLC02641,,,,,,,,,DHARMA,CC0,PLC02641,,,,,,,,,,,,,,,,,,,,
,PLC02642,,,,,,,,,DHARMA,CC0,PLC02642,,,,,,,,,,,,,,,,,,,,
,PLC02643,,,,,,,,,DHARMA,CC0,PLC02643,,,,,,,,,,,,,,,,,,,,
,PLC02644,,,,,,,,,DHARMA,CC0,PLC02644,,,,,,,,,,,,,,,,,,,,
,PLC02645,,,,,,,,,DHARMA,CC0,PLC02645,,,,,,,,,,,,,,,,,,,,
,PLC02646,,,,,,,,,DHARMA,CC0,PLC02646,,,,,,,,,,,,,,,,,,,,
,PLC02647,,,,,,,,,DHARMA,CC0,PLC02647,,,,,,,,,,,,,,,,,,,,
,PLC02648,,,,,,,,,DHARMA,CC0,PLC02648,,,,,,,,,,,,,,,,,,,,
,PLC02649,,,,,,,,,DHARMA,CC0,PLC02649,,,,,,,,,,,,,,,,,,,,
,PLC02650,,,,,,,,,DHARMA,CC0,PLC02650,,,,,,,,,,,,,,,,,,,,
,PLC02651,,,,,,,,,DHARMA,CC0,PLC02651,,,,,,,,,,,,,,,,,,,,
,PLC02652,,,,,,,,,DHARMA,CC0,PLC02652,,,,,,,,,,,,,,,,,,,,
,PLC02653,,,,,,,,,DHARMA,CC0,PLC02653,,,,,,,,,,,,,,,,,,,,
,PLC02654,,,,,,,,,DHARMA,CC0,PLC02654,,,,,,,,,,,,,,,,,,,,
,PLC02655,,,,,,,,,DHARMA,CC0,PLC02655,,,,,,,,,,,,,,,,,,,,
,PLC02656,,,,,,,,,DHARMA,CC0,PLC02656,,,,,,,,,,,,,,,,,,,,
,PLC02657,,,,,,,,,DHARMA,CC0,PLC02657,,,,,,,,,,,,,,,,,,,,
,PLC02658,,,,,,,,,DHARMA,CC0,PLC02658,,,,,,,,,,,,,,,,,,,,
,PLC02659,,,,,,,,,DHARMA,CC0,PLC02659,,,,,,,,,,,,,,,,,,,,
,PLC02660,,,,,,,,,DHARMA,CC0,PLC02660,,,,,,,,,,,,,,,,,,,,
,PLC02661,,,,,,,,,DHARMA,CC0,PLC02661,,,,,,,,,,,,,,,,,,,,
,PLC02662,,,,,,,,,DHARMA,CC0,PLC02662,,,,,,,,,,,,,,,,,,,,
,PLC02663,,,,,,,,,DHARMA,CC0,PLC02663,,,,,,,,,,,,,,,,,,,,
,PLC02664,,,,,,,,,DHARMA,CC0,PLC02664,,,,,,,,,,,,,,,,,,,,
,PLC02665,,,,,,,,,DHARMA,CC0,PLC02665,,,,,,,,,,,,,,,,,,,,
,PLC02666,,,,,,,,,DHARMA,CC0,PLC02666,,,,,,,,,,,,,,,,,,,,
,PLC02667,,,,,,,,,DHARMA,CC0,PLC02667,,,,,,,,,,,,,,,,,,,,
,PLC02668,,,,,,,,,DHARMA,CC0,PLC02668,,,,,,,,,,,,,,,,,,,,
,PLC02669,,,,,,,,,DHARMA,CC0,PLC02669,,,,,,,,,,,,,,,,,,,,
,PLC02670,,,,,,,,,DHARMA,CC0,PLC02670,,,,,,,,,,,,,,,,,,,,
,PLC02671,,,,,,,,,DHARMA,CC0,PLC02671,,,,,,,,,,,,,,,,,,,,
,PLC02672,,,,,,,,,DHARMA,CC0,PLC02672,,,,,,,,,,,,,,,,,,,,
,PLC02673,,,,,,,,,DHARMA,CC0,PLC02673,,,,,,,,,,,,,,,,,,,,
,PLC02674,,,,,,,,,DHARMA,CC0,PLC02674,,,,,,,,,,,,,,,,,,,,
,PLC02675,,,,,,,,,DHARMA,CC0,PLC02675,,,,,,,,,,,,,,,,,,,,
,PLC02676,,,,,,,,,DHARMA,CC0,PLC02676,,,,,,,,,,,,,,,,,,,,
,PLC02677,,,,,,,,,DHARMA,CC0,PLC02677,,,,,,,,,,,,,,,,,,,,
,PLC02678,,,,,,,,,DHARMA,CC0,PLC02678,,,,,,,,,,,,,,,,,,,,
,PLC02679,,,,,,,,,DHARMA,CC0,PLC02679,,,,,,,,,,,,,,,,,,,,
,PLC02680,,,,,,,,,DHARMA,CC0,PLC02680,,,,,,,,,,,,,,,,,,,,
,PLC02681,,,,,,,,,DHARMA,CC0,PLC02681,,,,,,,,,,,,,,,,,,,,
,PLC02682,,,,,,,,,DHARMA,CC0,PLC02682,,,,,,,,,,,,,,,,,,,,
,PLC02683,,,,,,,,,DHARMA,CC0,PLC02683,,,,,,,,,,,,,,,,,,,,
,PLC02684,,,,,,,,,DHARMA,CC0,PLC02684,,,,,,,,,,,,,,,,,,,,
,PLC02685,,,,,,,,,DHARMA,CC0,PLC02685,,,,,,,,,,,,,,,,,,,,
,PLC02686,,,,,,,,,DHARMA,CC0,PLC02686,,,,,,,,,,,,,,,,,,,,
,PLC02687,,,,,,,,,DHARMA,CC0,PLC02687,,,,,,,,,,,,,,,,,,,,
,PLC02688,,,,,,,,,DHARMA,CC0,PLC02688,,,,,,,,,,,,,,,,,,,,
,PLC02689,,,,,,,,,DHARMA,CC0,PLC02689,,,,,,,,,,,,,,,,,,,,
,PLC02690,,,,,,,,,DHARMA,CC0,PLC02690,,,,,,,,,,,,,,,,,,,,
,PLC02691,,,,,,,,,DHARMA,CC0,PLC02691,,,,,,,,,,,,,,,,,,,,
,PLC02692,,,,,,,,,DHARMA,CC0,PLC02692,,,,,,,,,,,,,,,,,,,,
,PLC02693,,,,,,,,,DHARMA,CC0,PLC02693,,,,,,,,,,,,,,,,,,,,
,PLC02694,,,,,,,,,DHARMA,CC0,PLC02694,,,,,,,,,,,,,,,,,,,,
,PLC02695,,,,,,,,,DHARMA,CC0,PLC02695,,,,,,,,,,,,,,,,,,,,
,PLC02696,,,,,,,,,DHARMA,CC0,PLC02696,,,,,,,,,,,,,,,,,,,,
,PLC02697,,,,,,,,,DHARMA,CC0,PLC02697,,,,,,,,,,,,,,,,,,,,
,PLC02698,,,,,,,,,DHARMA,CC0,PLC02698,,,,,,,,,,,,,,,,,,,,
,PLC02699,,,,,,,,,DHARMA,CC0,PLC02699,,,,,,,,,,,,,,,,,,,,
,PLC02700,,,,,,,,,DHARMA,CC0,PLC02700,,,,,,,,,,,,,,,,,,,,
,PLC02701,,,,,,,,,DHARMA,CC0,PLC02701,,,,,,,,,,,,,,,,,,,,
,PLC02702,,,,,,,,,DHARMA,CC0,PLC02702,,,,,,,,,,,,,,,,,,,,
,PLC02703,,,,,,,,,DHARMA,CC0,PLC02703,,,,,,,,,,,,,,,,,,,,
,PLC02704,,,,,,,,,DHARMA,CC0,PLC02704,,,,,,,,,,,,,,,,,,,,
,PLC02705,,,,,,,,,DHARMA,CC0,PLC02705,,,,,,,,,,,,,,,,,,,,
,PLC02706,,,,,,,,,DHARMA,CC0,PLC02706,,,,,,,,,,,,,,,,,,,,
,PLC02707,,,,,,,,,DHARMA,CC0,PLC02707,,,,,,,,,,,,,,,,,,,,
,PLC02708,,,,,,,,,DHARMA,CC0,PLC02708,,,,,,,,,,,,,,,,,,,,
,PLC02709,,,,,,,,,DHARMA,CC0,PLC02709,,,,,,,,,,,,,,,,,,,,
,PLC02710,,,,,,,,,DHARMA,CC0,PLC02710,,,,,,,,,,,,,,,,,,,,
,PLC02711,,,,,,,,,DHARMA,CC0,PLC02711,,,,,,,,,,,,,,,,,,,,
,PLC02712,,,,,,,,,DHARMA,CC0,PLC02712,,,,,,,,,,,,,,,,,,,,
,PLC02713,,,,,,,,,DHARMA,CC0,PLC02713,,,,,,,,,,,,,,,,,,,,
,PLC02714,,,,,,,,,DHARMA,CC0,PLC02714,,,,,,,,,,,,,,,,,,,,
,PLC02715,,,,,,,,,DHARMA,CC0,PLC02715,,,,,,,,,,,,,,,,,,,,
,PLC02716,,,,,,,,,DHARMA,CC0,PLC02716,,,,,,,,,,,,,,,,,,,,
,PLC02717,,,,,,,,,DHARMA,CC0,PLC02717,,,,,,,,,,,,,,,,,,,,
,PLC02718,,,,,,,,,DHARMA,CC0,PLC02718,,,,,,,,,,,,,,,,,,,,
,PLC02719,,,,,,,,,DHARMA,CC0,PLC02719,,,,,,,,,,,,,,,,,,,,
,PLC02720,,,,,,,,,DHARMA,CC0,PLC02720,,,,,,,,,,,,,,,,,,,,
,PLC02721,,,,,,,,,DHARMA,CC0,PLC02721,,,,,,,,,,,,,,,,,,,,
,PLC02722,,,,,,,,,DHARMA,CC0,PLC02722,,,,,,,,,,,,,,,,,,,,
,PLC02723,,,,,,,,,DHARMA,CC0,PLC02723,,,,,,,,,,,,,,,,,,,,
,PLC02724,,,,,,,,,DHARMA,CC0,PLC02724,,,,,,,,,,,,,,,,,,,,
,PLC02725,,,,,,,,,DHARMA,CC0,PLC02725,,,,,,,,,,,,,,,,,,,,
,PLC02726,,,,,,,,,DHARMA,CC0,PLC02726,,,,,,,,,,,,,,,,,,,,
,PLC02727,,,,,,,,,DHARMA,CC0,PLC02727,,,,,,,,,,,,,,,,,,,,
,PLC02728,,,,,,,,,DHARMA,CC0,PLC02728,,,,,,,,,,,,,,,,,,,,
,PLC02729,,,,,,,,,DHARMA,CC0,PLC02729,,,,,,,,,,,,,,,,,,,,
,PLC02730,,,,,,,,,DHARMA,CC0,PLC02730,,,,,,,,,,,,,,,,,,,,
,PLC02731,,,,,,,,,DHARMA,CC0,PLC02731,,,,,,,,,,,,,,,,,,,,
,PLC02732,,,,,,,,,DHARMA,CC0,PLC02732,,,,,,,,,,,,,,,,,,,,
,PLC02733,,,,,,,,,DHARMA,CC0,PLC02733,,,,,,,,,,,,,,,,,,,,
,PLC02734,,,,,,,,,DHARMA,CC0,PLC02734,,,,,,,,,,,,,,,,,,,,
,PLC02735,,,,,,,,,DHARMA,CC0,PLC02735,,,,,,,,,,,,,,,,,,,,
,PLC02736,,,,,,,,,DHARMA,CC0,PLC02736,,,,,,,,,,,,,,,,,,,,
,PLC02737,,,,,,,,,DHARMA,CC0,PLC02737,,,,,,,,,,,,,,,,,,,,
,PLC02738,,,,,,,,,DHARMA,CC0,PLC02738,,,,,,,,,,,,,,,,,,,,
,PLC02739,,,,,,,,,DHARMA,CC0,PLC02739,,,,,,,,,,,,,,,,,,,,
,PLC02740,,,,,,,,,DHARMA,CC0,PLC02740,,,,,,,,,,,,,,,,,,,,
,PLC02741,,,,,,,,,DHARMA,CC0,PLC02741,,,,,,,,,,,,,,,,,,,,
,PLC02742,,,,,,,,,DHARMA,CC0,PLC02742,,,,,,,,,,,,,,,,,,,,
,PLC02743,,,,,,,,,DHARMA,CC0,PLC02743,,,,,,,,,,,,,,,,,,,,
,PLC02744,,,,,,,,,DHARMA,CC0,PLC02744,,,,,,,,,,,,,,,,,,,,
,PLC02745,,,,,,,,,DHARMA,CC0,PLC02745,,,,,,,,,,,,,,,,,,,,
,PLC02746,,,,,,,,,DHARMA,CC0,PLC02746,,,,,,,,,,,,,,,,,,,,
,PLC02747,,,,,,,,,DHARMA,CC0,PLC02747,,,,,,,,,,,,,,,,,,,,
,PLC02748,,,,,,,,,DHARMA,CC0,PLC02748,,,,,,,,,,,,,,,,,,,,
,PLC02749,,,,,,,,,DHARMA,CC0,PLC02749,,,,,,,,,,,,,,,,,,,,
,PLC02750,,,,,,,,,DHARMA,CC0,PLC02750,,,,,,,,,,,,,,,,,,,,
,PLC02751,,,,,,,,,DHARMA,CC0,PLC02751,,,,,,,,,,,,,,,,,,,,
,PLC02752,,,,,,,,,DHARMA,CC0,PLC02752,,,,,,,,,,,,,,,,,,,,
,PLC02753,,,,,,,,,DHARMA,CC0,PLC02753,,,,,,,,,,,,,,,,,,,,
,PLC02754,,,,,,,,,DHARMA,CC0,PLC02754,,,,,,,,,,,,,,,,,,,,
,PLC02755,,,,,,,,,DHARMA,CC0,PLC02755,,,,,,,,,,,,,,,,,,,,
,PLC02756,,,,,,,,,DHARMA,CC0,PLC02756,,,,,,,,,,,,,,,,,,,,
,PLC02757,,,,,,,,,DHARMA,CC0,PLC02757,,,,,,,,,,,,,,,,,,,,
,PLC02758,,,,,,,,,DHARMA,CC0,PLC02758,,,,,,,,,,,,,,,,,,,,
,PLC02759,,,,,,,,,DHARMA,CC0,PLC02759,,,,,,,,,,,,,,,,,,,,
,PLC02760,,,,,,,,,DHARMA,CC0,PLC02760,,,,,,,,,,,,,,,,,,,,
,PLC02761,,,,,,,,,DHARMA,CC0,PLC02761,,,,,,,,,,,,,,,,,,,,
,PLC02762,,,,,,,,,DHARMA,CC0,PLC02762,,,,,,,,,,,,,,,,,,,,
,PLC02763,,,,,,,,,DHARMA,CC0,PLC02763,,,,,,,,,,,,,,,,,,,,
,PLC02764,,,,,,,,,DHARMA,CC0,PLC02764,,,,,,,,,,,,,,,,,,,,
,PLC02765,,,,,,,,,DHARMA,CC0,PLC02765,,,,,,,,,,,,,,,,,,,,
,PLC02766,,,,,,,,,DHARMA,CC0,PLC02766,,,,,,,,,,,,,,,,,,,,
,PLC02767,,,,,,,,,DHARMA,CC0,PLC02767,,,,,,,,,,,,,,,,,,,,
,PLC02768,,,,,,,,,DHARMA,CC0,PLC02768,,,,,,,,,,,,,,,,,,,,
,PLC02769,,,,,,,,,DHARMA,CC0,PLC02769,,,,,,,,,,,,,,,,,,,,
,PLC02770,,,,,,,,,DHARMA,CC0,PLC02770,,,,,,,,,,,,,,,,,,,,
,PLC02771,,,,,,,,,DHARMA,CC0,PLC02771,,,,,,,,,,,,,,,,,,,,
,PLC02772,,,,,,,,,DHARMA,CC0,PLC02772,,,,,,,,,,,,,,,,,,,,
,PLC02773,,,,,,,,,DHARMA,CC0,PLC02773,,,,,,,,,,,,,,,,,,,,
,PLC02774,,,,,,,,,DHARMA,CC0,PLC02774,,,,,,,,,,,,,,,,,,,,
,PLC02775,,,,,,,,,DHARMA,CC0,PLC02775,,,,,,,,,,,,,,,,,,,,
,PLC02776,,,,,,,,,DHARMA,CC0,PLC02776,,,,,,,,,,,,,,,,,,,,
,PLC02777,,,,,,,,,DHARMA,CC0,PLC02777,,,,,,,,,,,,,,,,,,,,
,PLC02778,,,,,,,,,DHARMA,CC0,PLC02778,,,,,,,,,,,,,,,,,,,,
,PLC02779,,,,,,,,,DHARMA,CC0,PLC02779,,,,,,,,,,,,,,,,,,,,
,PLC02780,,,,,,,,,DHARMA,CC0,PLC02780,,,,,,,,,,,,,,,,,,,,
,PLC02781,,,,,,,,,DHARMA,CC0,PLC02781,,,,,,,,,,,,,,,,,,,,
,PLC02782,,,,,,,,,DHARMA,CC0,PLC02782,,,,,,,,,,,,,,,,,,,,
,PLC02783,,,,,,,,,DHARMA,CC0,PLC02783,,,,,,,,,,,,,,,,,,,,
,PLC02784,,,,,,,,,DHARMA,CC0,PLC02784,,,,,,,,,,,,,,,,,,,,
,PLC02785,,,,,,,,,DHARMA,CC0,PLC02785,,,,,,,,,,,,,,,,,,,,
,PLC02786,,,,,,,,,DHARMA,CC0,PLC02786,,,,,,,,,,,,,,,,,,,,
,PLC02787,,,,,,,,,DHARMA,CC0,PLC02787,,,,,,,,,,,,,,,,,,,,
,PLC02788,,,,,,,,,DHARMA,CC0,PLC02788,,,,,,,,,,,,,,,,,,,,
,PLC02789,,,,,,,,,DHARMA,CC0,PLC02789,,,,,,,,,,,,,,,,,,,,
,PLC02790,,,,,,,,,DHARMA,CC0,PLC02790,,,,,,,,,,,,,,,,,,,,
,PLC02791,,,,,,,,,DHARMA,CC0,PLC02791,,,,,,,,,,,,,,,,,,,,
,PLC02792,,,,,,,,,DHARMA,CC0,PLC02792,,,,,,,,,,,,,,,,,,,,
,PLC02793,,,,,,,,,DHARMA,CC0,PLC02793,,,,,,,,,,,,,,,,,,,,
,PLC02794,,,,,,,,,DHARMA,CC0,PLC02794,,,,,,,,,,,,,,,,,,,,
,PLC02795,,,,,,,,,DHARMA,CC0,PLC02795,,,,,,,,,,,,,,,,,,,,
,PLC02796,,,,,,,,,DHARMA,CC0,PLC02796,,,,,,,,,,,,,,,,,,,,
,PLC02797,,,,,,,,,DHARMA,CC0,PLC02797,,,,,,,,,,,,,,,,,,,,
,PLC02798,,,,,,,,,DHARMA,CC0,PLC02798,,,,,,,,,,,,,,,,,,,,
,PLC02799,,,,,,,,,DHARMA,CC0,PLC02799,,,,,,,,,,,,,,,,,,,,
,PLC02800,,,,,,,,,DHARMA,CC0,PLC02800,,,,,,,,,,,,,,,,,,,,
,PLC02801,,,,,,,,,DHARMA,CC0,PLC02801,,,,,,,,,,,,,,,,,,,,
,PLC02802,,,,,,,,,DHARMA,CC0,PLC02802,,,,,,,,,,,,,,,,,,,,
,PLC02803,,,,,,,,,DHARMA,CC0,PLC02803,,,,,,,,,,,,,,,,,,,,
,PLC02804,,,,,,,,,DHARMA,CC0,PLC02804,,,,,,,,,,,,,,,,,,,,
,PLC02805,,,,,,,,,DHARMA,CC0,PLC02805,,,,,,,,,,,,,,,,,,,,
,PLC02806,,,,,,,,,DHARMA,CC0,PLC02806,,,,,,,,,,,,,,,,,,,,
,PLC02807,,,,,,,,,DHARMA,CC0,PLC02807,,,,,,,,,,,,,,,,,,,,
,PLC02808,,,,,,,,,DHARMA,CC0,PLC02808,,,,,,,,,,,,,,,,,,,,
,PLC02809,,,,,,,,,DHARMA,CC0,PLC02809,,,,,,,,,,,,,,,,,,,,
,PLC02810,,,,,,,,,DHARMA,CC0,PLC02810,,,,,,,,,,,,,,,,,,,,
,PLC02811,,,,,,,,,DHARMA,CC0,PLC02811,,,,,,,,,,,,,,,,,,,,
,PLC02812,,,,,,,,,DHARMA,CC0,PLC02812,,,,,,,,,,,,,,,,,,,,
,PLC02813,,,,,,,,,DHARMA,CC0,PLC02813,,,,,,,,,,,,,,,,,,,,
,PLC02814,,,,,,,,,DHARMA,CC0,PLC02814,,,,,,,,,,,,,,,,,,,,
,PLC02815,,,,,,,,,DHARMA,CC0,PLC02815,,,,,,,,,,,,,,,,,,,,
,PLC02816,,,,,,,,,DHARMA,CC0,PLC02816,,,,,,,,,,,,,,,,,,,,
,PLC02817,,,,,,,,,DHARMA,CC0,PLC02817,,,,,,,,,,,,,,,,,,,,
,PLC02818,,,,,,,,,DHARMA,CC0,PLC02818,,,,,,,,,,,,,,,,,,,,
,PLC02819,,,,,,,,,DHARMA,CC0,PLC02819,,,,,,,,,,,,,,,,,,,,
,PLC02820,,,,,,,,,DHARMA,CC0,PLC02820,,,,,,,,,,,,,,,,,,,,
,PLC02821,,,,,,,,,DHARMA,CC0,PLC02821,,,,,,,,,,,,,,,,,,,,
,PLC02822,,,,,,,,,DHARMA,CC0,PLC02822,,,,,,,,,,,,,,,,,,,,
,PLC02823,,,,,,,,,DHARMA,CC0,PLC02823,,,,,,,,,,,,,,,,,,,,
,PLC02824,,,,,,,,,DHARMA,CC0,PLC02824,,,,,,,,,,,,,,,,,,,,
,PLC02825,,,,,,,,,DHARMA,CC0,PLC02825,,,,,,,,,,,,,,,,,,,,
,PLC02826,,,,,,,,,DHARMA,CC0,PLC02826,,,,,,,,,,,,,,,,,,,,
,PLC02827,,,,,,,,,DHARMA,CC0,PLC02827,,,,,,,,,,,,,,,,,,,,
,PLC02828,,,,,,,,,DHARMA,CC0,PLC02828,,,,,,,,,,,,,,,,,,,,
,PLC02829,,,,,,,,,DHARMA,CC0,PLC02829,,,,,,,,,,,,,,,,,,,,
,PLC02830,,,,,,,,,DHARMA,CC0,PLC02830,,,,,,,,,,,,,,,,,,,,
,PLC02831,,,,,,,,,DHARMA,CC0,PLC02831,,,,,,,,,,,,,,,,,,,,
,PLC02832,,,,,,,,,DHARMA,CC0,PLC02832,,,,,,,,,,,,,,,,,,,,
,PLC02833,,,,,,,,,DHARMA,CC0,PLC02833,,,,,,,,,,,,,,,,,,,,
,PLC02834,,,,,,,,,DHARMA,CC0,PLC02834,,,,,,,,,,,,,,,,,,,,
,PLC02835,,,,,,,,,DHARMA,CC0,PLC02835,,,,,,,,,,,,,,,,,,,,
,PLC02836,,,,,,,,,DHARMA,CC0,PLC02836,,,,,,,,,,,,,,,,,,,,
,PLC02837,,,,,,,,,DHARMA,CC0,PLC02837,,,,,,,,,,,,,,,,,,,,
,PLC02838,,,,,,,,,DHARMA,CC0,PLC02838,,,,,,,,,,,,,,,,,,,,
,PLC02839,,,,,,,,,DHARMA,CC0,PLC02839,,,,,,,,,,,,,,,,,,,,
,PLC02840,,,,,,,,,DHARMA,CC0,PLC02840,,,,,,,,,,,,,,,,,,,,
,PLC02841,,,,,,,,,DHARMA,CC0,PLC02841,,,,,,,,,,,,,,,,,,,,
,PLC02842,,,,,,,,,DHARMA,CC0,PLC02842,,,,,,,,,,,,,,,,,,,,
,PLC02843,,,,,,,,,DHARMA,CC0,PLC02843,,,,,,,,,,,,,,,,,,,,
,PLC02844,,,,,,,,,DHARMA,CC0,PLC02844,,,,,,,,,,,,,,,,,,,,
,PLC02845,,,,,,,,,DHARMA,CC0,PLC02845,,,,,,,,,,,,,,,,,,,,
,PLC02846,,,,,,,,,DHARMA,CC0,PLC02846,,,,,,,,,,,,,,,,,,,,
,PLC02847,,,,,,,,,DHARMA,CC0,PLC02847,,,,,,,,,,,,,,,,,,,,
,PLC02848,,,,,,,,,DHARMA,CC0,PLC02848,,,,,,,,,,,,,,,,,,,,
,PLC02849,,,,,,,,,DHARMA,CC0,PLC02849,,,,,,,,,,,,,,,,,,,,
,PLC02850,,,,,,,,,DHARMA,CC0,PLC02850,,,,,,,,,,,,,,,,,,,,
,PLC02851,,,,,,,,,DHARMA,CC0,PLC02851,,,,,,,,,,,,,,,,,,,,
,PLC02852,,,,,,,,,DHARMA,CC0,PLC02852,,,,,,,,,,,,,,,,,,,,
,PLC02853,,,,,,,,,DHARMA,CC0,PLC02853,,,,,,,,,,,,,,,,,,,,
,PLC02854,,,,,,,,,DHARMA,CC0,PLC02854,,,,,,,,,,,,,,,,,,,,
,PLC02855,,,,,,,,,DHARMA,CC0,PLC02855,,,,,,,,,,,,,,,,,,,,
,PLC02856,,,,,,,,,DHARMA,CC0,PLC02856,,,,,,,,,,,,,,,,,,,,
,PLC02857,,,,,,,,,DHARMA,CC0,PLC02857,,,,,,,,,,,,,,,,,,,,
,PLC02858,,,,,,,,,DHARMA,CC0,PLC02858,,,,,,,,,,,,,,,,,,,,
,PLC02859,,,,,,,,,DHARMA,CC0,PLC02859,,,,,,,,,,,,,,,,,,,,
,PLC02860,,,,,,,,,DHARMA,CC0,PLC02860,,,,,,,,,,,,,,,,,,,,
,PLC02861,,,,,,,,,DHARMA,CC0,PLC02861,,,,,,,,,,,,,,,,,,,,
,PLC02862,,,,,,,,,DHARMA,CC0,PLC02862,,,,,,,,,,,,,,,,,,,,
,PLC02863,,,,,,,,,DHARMA,CC0,PLC02863,,,,,,,,,,,,,,,,,,,,
,PLC02864,,,,,,,,,DHARMA,CC0,PLC02864,,,,,,,,,,,,,,,,,,,,
,PLC02865,,,,,,,,,DHARMA,CC0,PLC02865,,,,,,,,,,,,,,,,,,,,
,PLC02866,,,,,,,,,DHARMA,CC0,PLC02866,,,,,,,,,,,,,,,,,,,,
,PLC02867,,,,,,,,,DHARMA,CC0,PLC02867,,,,,,,,,,,,,,,,,,,,
,PLC02868,,,,,,,,,DHARMA,CC0,PLC02868,,,,,,,,,,,,,,,,,,,,
,PLC02869,,,,,,,,,DHARMA,CC0,PLC02869,,,,,,,,,,,,,,,,,,,,
,PLC02870,,,,,,,,,DHARMA,CC0,PLC02870,,,,,,,,,,,,,,,,,,,,
,PLC02871,,,,,,,,,DHARMA,CC0,PLC02871,,,,,,,,,,,,,,,,,,,,
,PLC02872,,,,,,,,,DHARMA,CC0,PLC02872,,,,,,,,,,,,,,,,,,,,
,PLC02873,,,,,,,,,DHARMA,CC0,PLC02873,,,,,,,,,,,,,,,,,,,,
,PLC02874,,,,,,,,,DHARMA,CC0,PLC02874,,,,,,,,,,,,,,,,,,,,
,PLC02875,,,,,,,,,DHARMA,CC0,PLC02875,,,,,,,,,,,,,,,,,,,,
,PLC02876,,,,,,,,,DHARMA,CC0,PLC02876,,,,,,,,,,,,,,,,,,,,
,PLC02877,,,,,,,,,DHARMA,CC0,PLC02877,,,,,,,,,,,,,,,,,,,,
,PLC02878,,,,,,,,,DHARMA,CC0,PLC02878,,,,,,,,,,,,,,,,,,,,
,PLC02879,,,,,,,,,DHARMA,CC0,PLC02879,,,,,,,,,,,,,,,,,,,,
,PLC02880,,,,,,,,,DHARMA,CC0,PLC02880,,,,,,,,,,,,,,,,,,,,
,PLC02881,,,,,,,,,DHARMA,CC0,PLC02881,,,,,,,,,,,,,,,,,,,,
,PLC02882,,,,,,,,,DHARMA,CC0,PLC02882,,,,,,,,,,,,,,,,,,,,
,PLC02883,,,,,,,,,DHARMA,CC0,PLC02883,,,,,,,,,,,,,,,,,,,,
,PLC02884,,,,,,,,,DHARMA,CC0,PLC02884,,,,,,,,,,,,,,,,,,,,
,PLC02885,,,,,,,,,DHARMA,CC0,PLC02885,,,,,,,,,,,,,,,,,,,,
,PLC02886,,,,,,,,,DHARMA,CC0,PLC02886,,,,,,,,,,,,,,,,,,,,
,PLC02887,,,,,,,,,DHARMA,CC0,PLC02887,,,,,,,,,,,,,,,,,,,,
,PLC02888,,,,,,,,,DHARMA,CC0,PLC02888,,,,,,,,,,,,,,,,,,,,
,PLC02889,,,,,,,,,DHARMA,CC0,PLC02889,,,,,,,,,,,,,,,,,,,,
,PLC02890,,,,,,,,,DHARMA,CC0,PLC02890,,,,,,,,,,,,,,,,,,,,
,PLC02891,,,,,,,,,DHARMA,CC0,PLC02891,,,,,,,,,,,,,,,,,,,,
,PLC02892,,,,,,,,,DHARMA,CC0,PLC02892,,,,,,,,,,,,,,,,,,,,
,PLC02893,,,,,,,,,DHARMA,CC0,PLC02893,,,,,,,,,,,,,,,,,,,,
,PLC02894,,,,,,,,,DHARMA,CC0,PLC02894,,,,,,,,,,,,,,,,,,,,
,PLC02895,,,,,,,,,DHARMA,CC0,PLC02895,,,,,,,,,,,,,,,,,,,,
,PLC02896,,,,,,,,,DHARMA,CC0,PLC02896,,,,,,,,,,,,,,,,,,,,
,PLC02897,,,,,,,,,DHARMA,CC0,PLC02897,,,,,,,,,,,,,,,,,,,,
,PLC02898,,,,,,,,,DHARMA,CC0,PLC02898,,,,,,,,,,,,,,,,,,,,
,PLC02899,,,,,,,,,DHARMA,CC0,PLC02899,,,,,,,,,,,,,,,,,,,,
,PLC02900,,,,,,,,,DHARMA,CC0,PLC02900,,,,,,,,,,,,,,,,,,,,
,PLC02901,,,,,,,,,DHARMA,CC0,PLC02901,,,,,,,,,,,,,,,,,,,,
,PLC02902,,,,,,,,,DHARMA,CC0,PLC02902,,,,,,,,,,,,,,,,,,,,
,PLC02903,,,,,,,,,DHARMA,CC0,PLC02903,,,,,,,,,,,,,,,,,,,,
,PLC02904,,,,,,,,,DHARMA,CC0,PLC02904,,,,,,,,,,,,,,,,,,,,
,PLC02905,,,,,,,,,DHARMA,CC0,PLC02905,,,,,,,,,,,,,,,,,,,,
,PLC02906,,,,,,,,,DHARMA,CC0,PLC02906,,,,,,,,,,,,,,,,,,,,
,PLC02907,,,,,,,,,DHARMA,CC0,PLC02907,,,,,,,,,,,,,,,,,,,,
,PLC02908,,,,,,,,,DHARMA,CC0,PLC02908,,,,,,,,,,,,,,,,,,,,
,PLC02909,,,,,,,,,DHARMA,CC0,PLC02909,,,,,,,,,,,,,,,,,,,,
,PLC02910,,,,,,,,,DHARMA,CC0,PLC02910,,,,,,,,,,,,,,,,,,,,
,PLC02911,,,,,,,,,DHARMA,CC0,PLC02911,,,,,,,,,,,,,,,,,,,,
,PLC02912,,,,,,,,,DHARMA,CC0,PLC02912,,,,,,,,,,,,,,,,,,,,
,PLC02913,,,,,,,,,DHARMA,CC0,PLC02913,,,,,,,,,,,,,,,,,,,,
,PLC02914,,,,,,,,,DHARMA,CC0,PLC02914,,,,,,,,,,,,,,,,,,,,
,PLC02915,,,,,,,,,DHARMA,CC0,PLC02915,,,,,,,,,,,,,,,,,,,,
,PLC02916,,,,,,,,,DHARMA,CC0,PLC02916,,,,,,,,,,,,,,,,,,,,
,PLC02917,,,,,,,,,DHARMA,CC0,PLC02917,,,,,,,,,,,,,,,,,,,,
,PLC02918,,,,,,,,,DHARMA,CC0,PLC02918,,,,,,,,,,,,,,,,,,,,
,PLC02919,,,,,,,,,DHARMA,CC0,PLC02919,,,,,,,,,,,,,,,,,,,,
,PLC02920,,,,,,,,,DHARMA,CC0,PLC02920,,,,,,,,,,,,,,,,,,,,
,PLC02921,,,,,,,,,DHARMA,CC0,PLC02921,,,,,,,,,,,,,,,,,,,,
,PLC02922,,,,,,,,,DHARMA,CC0,PLC02922,,,,,,,,,,,,,,,,,,,,
,PLC02923,,,,,,,,,DHARMA,CC0,PLC02923,,,,,,,,,,,,,,,,,,,,
,PLC02924,,,,,,,,,DHARMA,CC0,PLC02924,,,,,,,,,,,,,,,,,,,,
,PLC02925,,,,,,,,,DHARMA,CC0,PLC02925,,,,,,,,,,,,,,,,,,,,
,PLC02926,,,,,,,,,DHARMA,CC0,PLC02926,,,,,,,,,,,,,,,,,,,,
,PLC02927,,,,,,,,,DHARMA,CC0,PLC02927,,,,,,,,,,,,,,,,,,,,
,PLC02928,,,,,,,,,DHARMA,CC0,PLC02928,,,,,,,,,,,,,,,,,,,,
,PLC02929,,,,,,,,,DHARMA,CC0,PLC02929,,,,,,,,,,,,,,,,,,,,
,PLC02930,,,,,,,,,DHARMA,CC0,PLC02930,,,,,,,,,,,,,,,,,,,,
,PLC02931,,,,,,,,,DHARMA,CC0,PLC02931,,,,,,,,,,,,,,,,,,,,
,PLC02932,,,,,,,,,DHARMA,CC0,PLC02932,,,,,,,,,,,,,,,,,,,,
,PLC02933,,,,,,,,,DHARMA,CC0,PLC02933,,,,,,,,,,,,,,,,,,,,
,PLC02934,,,,,,,,,DHARMA,CC0,PLC02934,,,,,,,,,,,,,,,,,,,,
,PLC02935,,,,,,,,,DHARMA,CC0,PLC02935,,,,,,,,,,,,,,,,,,,,
,PLC02936,,,,,,,,,DHARMA,CC0,PLC02936,,,,,,,,,,,,,,,,,,,,
,PLC02937,,,,,,,,,DHARMA,CC0,PLC02937,,,,,,,,,,,,,,,,,,,,
,PLC02938,,,,,,,,,DHARMA,CC0,PLC02938,,,,,,,,,,,,,,,,,,,,
,PLC02939,,,,,,,,,DHARMA,CC0,PLC02939,,,,,,,,,,,,,,,,,,,,
,PLC02940,,,,,,,,,DHARMA,CC0,PLC02940,,,,,,,,,,,,,,,,,,,,
,PLC02941,,,,,,,,,DHARMA,CC0,PLC02941,,,,,,,,,,,,,,,,,,,,
,PLC02942,,,,,,,,,DHARMA,CC0,PLC02942,,,,,,,,,,,,,,,,,,,,
,PLC02943,,,,,,,,,DHARMA,CC0,PLC02943,,,,,,,,,,,,,,,,,,,,
,PLC02944,,,,,,,,,DHARMA,CC0,PLC02944,,,,,,,,,,,,,,,,,,,,
,PLC02945,,,,,,,,,DHARMA,CC0,PLC02945,,,,,,,,,,,,,,,,,,,,
,PLC02946,,,,,,,,,DHARMA,CC0,PLC02946,,,,,,,,,,,,,,,,,,,,
,PLC02947,,,,,,,,,DHARMA,CC0,PLC02947,,,,,,,,,,,,,,,,,,,,
,PLC02948,,,,,,,,,DHARMA,CC0,PLC02948,,,,,,,,,,,,,,,,,,,,
,PLC02949,,,,,,,,,DHARMA,CC0,PLC02949,,,,,,,,,,,,,,,,,,,,
,PLC02950,,,,,,,,,DHARMA,CC0,PLC02950,,,,,,,,,,,,,,,,,,,,
,PLC02951,,,,,,,,,DHARMA,CC0,PLC02951,,,,,,,,,,,,,,,,,,,,
,PLC02952,,,,,,,,,DHARMA,CC0,PLC02952,,,,,,,,,,,,,,,,,,,,
,PLC02953,,,,,,,,,DHARMA,CC0,PLC02953,,,,,,,,,,,,,,,,,,,,
,PLC02954,,,,,,,,,DHARMA,CC0,PLC02954,,,,,,,,,,,,,,,,,,,,
,PLC02955,,,,,,,,,DHARMA,CC0,PLC02955,,,,,,,,,,,,,,,,,,,,
,PLC02956,,,,,,,,,DHARMA,CC0,PLC02956,,,,,,,,,,,,,,,,,,,,
,PLC02957,,,,,,,,,DHARMA,CC0,PLC02957,,,,,,,,,,,,,,,,,,,,
,PLC02958,,,,,,,,,DHARMA,CC0,PLC02958,,,,,,,,,,,,,,,,,,,,
,PLC02959,,,,,,,,,DHARMA,CC0,PLC02959,,,,,,,,,,,,,,,,,,,,
,PLC02960,,,,,,,,,DHARMA,CC0,PLC02960,,,,,,,,,,,,,,,,,,,,
,PLC02961,,,,,,,,,DHARMA,CC0,PLC02961,,,,,,,,,,,,,,,,,,,,
,PLC02962,,,,,,,,,DHARMA,CC0,PLC02962,,,,,,,,,,,,,,,,,,,,
,PLC02963,,,,,,,,,DHARMA,CC0,PLC02963,,,,,,,,,,,,,,,,,,,,
,PLC02964,,,,,,,,,DHARMA,CC0,PLC02964,,,,,,,,,,,,,,,,,,,,
,PLC02965,,,,,,,,,DHARMA,CC0,PLC02965,,,,,,,,,,,,,,,,,,,,
,PLC02966,,,,,,,,,DHARMA,CC0,PLC02966,,,,,,,,,,,,,,,,,,,,
,PLC02967,,,,,,,,,DHARMA,CC0,PLC02967,,,,,,,,,,,,,,,,,,,,
,PLC02968,,,,,,,,,DHARMA,CC0,PLC02968,,,,,,,,,,,,,,,,,,,,
,PLC02969,,,,,,,,,DHARMA,CC0,PLC02969,,,,,,,,,,,,,,,,,,,,
,PLC02970,,,,,,,,,DHARMA,CC0,PLC02970,,,,,,,,,,,,,,,,,,,,
,PLC02971,,,,,,,,,DHARMA,CC0,PLC02971,,,,,,,,,,,,,,,,,,,,
,PLC02972,,,,,,,,,DHARMA,CC0,PLC02972,,,,,,,,,,,,,,,,,,,,
,PLC02973,,,,,,,,,DHARMA,CC0,PLC02973,,,,,,,,,,,,,,,,,,,,
,PLC02974,,,,,,,,,DHARMA,CC0,PLC02974,,,,,,,,,,,,,,,,,,,,
,PLC02975,,,,,,,,,DHARMA,CC0,PLC02975,,,,,,,,,,,,,,,,,,,,
,PLC02976,,,,,,,,,DHARMA,CC0,PLC02976,,,,,,,,,,,,,,,,,,,,
,PLC02977,,,,,,,,,DHARMA,CC0,PLC02977,,,,,,,,,,,,,,,,,,,,
,PLC02978,,,,,,,,,DHARMA,CC0,PLC02978,,,,,,,,,,,,,,,,,,,,
,PLC02979,,,,,,,,,DHARMA,CC0,PLC02979,,,,,,,,,,,,,,,,,,,,
,PLC02980,,,,,,,,,DHARMA,CC0,PLC02980,,,,,,,,,,,,,,,,,,,,
,PLC02981,,,,,,,,,DHARMA,CC0,PLC02981,,,,,,,,,,,,,,,,,,,,
,PLC02982,,,,,,,,,DHARMA,CC0,PLC02982,,,,,,,,,,,,,,,,,,,,
,PLC02983,,,,,,,,,DHARMA,CC0,PLC02983,,,,,,,,,,,,,,,,,,,,
,PLC02984,,,,,,,,,DHARMA,CC0,PLC02984,,,,,,,,,,,,,,,,,,,,
,PLC02985,,,,,,,,,DHARMA,CC0,PLC02985,,,,,,,,,,,,,,,,,,,,
,PLC02986,,,,,,,,,DHARMA,CC0,PLC02986,,,,,,,,,,,,,,,,,,,,
,PLC02987,,,,,,,,,DHARMA,CC0,PLC02987,,,,,,,,,,,,,,,,,,,,
,PLC02988,,,,,,,,,DHARMA,CC0,PLC02988,,,,,,,,,,,,,,,,,,,,
,PLC02989,,,,,,,,,DHARMA,CC0,PLC02989,,,,,,,,,,,,,,,,,,,,
,PLC02990,,,,,,,,,DHARMA,CC0,PLC02990,,,,,,,,,,,,,,,,,,,,
,PLC02991,,,,,,,,,DHARMA,CC0,PLC02991,,,,,,,,,,,,,,,,,,,,
,PLC02992,,,,,,,,,DHARMA,CC0,PLC02992,,,,,,,,,,,,,,,,,,,,
,PLC02993,,,,,,,,,DHARMA,CC0,PLC02993,,,,,,,,,,,,,,,,,,,,
,PLC02994,,,,,,,,,DHARMA,CC0,PLC02994,,,,,,,,,,,,,,,,,,,,
,PLC02995,,,,,,,,,DHARMA,CC0,PLC02995,,,,,,,,,,,,,,,,,,,,
,PLC02996,,,,,,,,,DHARMA,CC0,PLC02996,,,,,,,,,,,,,,,,,,,,
,PLC02997,,,,,,,,,DHARMA,CC0,PLC02997,,,,,,,,,,,,,,,,,,,,
,PLC02998,,,,,,,,,DHARMA,CC0,PLC02998,,,,,,,,,,,,,,,,,,,,
,PLC02999,,,,,,,,,DHARMA,CC0,PLC02999,,,,,,,,,,,,,,,,,,,,
